name,description,color,construction,materials,price,sizes,sex,image_url,price_pln
Tailored drawstring trousers,"Loose-fit trousers in woven fabric featuring a high waist with a zip fly, concealed hook-and-bar fastener and a narrow drawstring. Discreet side pockets, welt back pockets and wide legs with pleats and creases at the front.",Mole,Woven,"[{'name': 'Elastane', 'percentage': '4.00'}, {'name': 'Viscose', 'percentage': '32.00'}, {'name': 'Polyester', 'percentage': '64.00'}]","{'value': 19.99, 'currency': 'GBP'}","['22', '6', '8', '4', '14', '16', '10', '12', '18', '20']",Women,https://image.hm.com/assets/hm/6d/cf/6dcf62d653f9c166075588f12958897c1196d380.jpg,96.95
Barrel Leg High Waist Jeans,"5-pocket jeans in rigid cotton denim that feels firm at first but then softens and loosens with wear. Curved, voluminous leg with a regular fit from the hip to the thigh, that tapers to the hem. High waist with a zip fly and button. Regular length, designed to hit the top of the foot with little or no stacking. Style with an oversized blazer for a modern look.",Washed black,Woven,"[{'name': 'Cotton', 'percentage': '100.00'}]","{'value': 24.99, 'currency': 'GBP'}","['4', '22', '10', '12', '6', '8', '18', '20', '14', '16']",Women,https://image.hm.com/assets/hm/77/f7/77f7d75e9a3779b2d2a8beb3349ceac6d4780029.jpg,121.2
Jacquard-knit jacket,"Jacket in a jacquard knit with a high, folded collar and a zip down the front. Dropped shoulders and long sleeves with ribbed cuffs. Front pockets and ribbing at the hem.",Light beige/Checked,Knitted,"[{'name': 'Polyamide', 'percentage': '30.00'}, {'name': 'Acrylic', 'percentage': '60.00'}, {'name': 'Polyester', 'percentage': '10.00'}]","{'value': 39.99, 'currency': 'GBP'}","['M', 'S', 'XS']",Women,https://image.hm.com/assets/hm/96/da/96daaeeb888407ae1b74e5514b4570e0c6770e39.jpg,193.95
Cotton poplin shirt,"Long-sleeved shirt in crisp cotton poplin with a frill-trimmed collar, buttons down the front and a yoke at the back. Frill-trimmed cuffs with a button, and a gently rounded hem.",Blue/Striped,Woven,"[{'name': 'Cotton', 'percentage': '100.00'}]","{'value': 22.99, 'currency': 'GBP'}","['M', 'L', 'XS', 'S', 'XL', 'XXL', 'XXS']",Women,https://image.hm.com/assets/hm/9c/40/9c405e26c7ae030de8836b5695eef8156c25e6af.jpg,111.5
Scuba sweatshirt,"Loose-fit sweatshirt in scuba fabric with a stand collar and a placket with concealed press-studs. Dropped shoulders, long sleeves and covered elastication at the cuffs and hem.",Grey marl,Knitted,"[{'name': 'Elastane', 'percentage': '8.00'}, {'name': 'Viscose', 'percentage': '15.00'}, {'name': 'Polyester', 'percentage': '77.00'}]","{'value': 27.99, 'currency': 'GBP'}","['XS', 'M', 'S', 'L']",Women,https://image.hm.com/assets/hm/81/18/81186b3f2de82d32ab3ed4768dab565d8d8f5f15.jpg,135.75
Hooded puffer jacket,"Quilted puffer jacket in woven fabric with a drawstring hood, zip down the front, welt front pockets and covered elastication at the cuffs. Lined.",Black,Woven,"[{'name': 'Polyester', 'percentage': '100.00'}]","{'value': 44.99, 'currency': 'GBP'}","['L', 'XL', 'XXL', 'XS', 'S', 'M']",Women,https://image.hm.com/assets/hm/dc/44/dc449242cc31bdd656438ea5e63818dd74ff5661.jpg,218.2
Draped viscose top,"Fitted, long-sleeved top in stretch viscose jersey featuring a round neckline and an asymmetric, double-layered front with gathers for a draped effect.",Black,Knitted,"[{'name': 'Elastane', 'percentage': '6.00'}, {'name': 'Viscose', 'percentage': '94.00'}]","{'value': 12.99, 'currency': 'GBP'}","['XL', 'L', 'M', 'S', 'XS', 'XXS']",Women,https://image.hm.com/assets/hm/ae/90/ae90ce8a0d895f8043fe3ef9260ad8d3050a6cdd.jpg,63.0
Ribbed jersey top,"Fitted, long-sleeved top in ribbed jersey made from a cotton and modal blend. Features a deep sweetheart neckline with a lace trim.",White,Knitted,"[{'name': 'Elastane', 'percentage': '4.00'}, {'name': 'Cotton', 'percentage': '48.00'}, {'name': 'Modal', 'percentage': '48.00'}]","{'value': 12.99, 'currency': 'GBP'}","['XS', 'S', 'M', 'L']",Women,https://image.hm.com/assets/hm/db/3a/db3a340a82aef847fd76729d7471ae9fb2f4c13d.jpg,63.0
Barrel Leg High Waist Jeans,"5-pocket jeans in rigid cotton denim that feels firm at first but then softens and loosens with wear. Curved, voluminous leg with a regular fit from the hip to the thigh, that tapers to the hem. High waist with a zip fly and button. Regular length, designed to hit the top of the foot with little or no stacking. Style with an oversized blazer for a modern look.",Denim blue,Woven,"[{'name': 'Cotton', 'percentage': '100.00'}]","{'value': 24.99, 'currency': 'GBP'}","['22', '8', '10', '4', '6', '16', '18', '12', '14', '20']",Women,https://image.hm.com/assets/hm/cc/86/cc864540e495463dfbf580af9aa686bb48154ef1.jpg,121.2
Crease-front pull-on trousers,"Loose-fit trousers in heavy jersey with a slight sheen. Covered elastication at the waist, diagonal side pockets and straight legs with sewn-in creases down the front.",Navy blue,Knitted,"[{'name': 'Elastane', 'percentage': '7.00'}, {'name': 'Polyester', 'percentage': '93.00'}]","{'value': 19.99, 'currency': 'GBP'}","['XXL', 'XS', 'L', 'XL', 'S', 'M']",Women,https://image.hm.com/assets/hm/31/15/31152c33efb8ed3ea678737f0b3a8c69e8e21676.jpg,96.95
Lace-detail satin top,"Top in softly draping satin with a wavy, embroidered lace trim around the top and at the front of the waist. Narrow, adjustable shoulder straps and a gently flared hem.",Brown,Woven,"[{'name': 'Viscose', 'percentage': '49.00'}, {'name': 'Polyester', 'percentage': '51.00'}]","{'value': 32.99, 'currency': 'GBP'}","['M', 'S', 'XS', 'L']",Women,https://image.hm.com/assets/hm/48/79/487911e92d03d1aff928d4344275733ae0c58ac4.jpg,160.0
Lace-trimmed mohair-blend jumper,"Loose-fit jumper in a soft knit containing mohair and wool. It features a turtle neck, dropped shoulders and long sleeves. Narrow ribbing at the cuffs and hem, and an additional, accent-colour lace trim at the hem.",Grey marl,Knitted,"[{'name': 'Mohair', 'percentage': '32.00'}, {'name': 'Wool', 'percentage': '32.00'}, {'name': 'Elastane', 'percentage': '3.00'}, {'name': 'Polyamide', 'percentage': '33.00'}]","{'value': 74.99, 'currency': 'GBP'}","['XS', 'M', 'S', 'L']",Women,https://image.hm.com/assets/hm/e1/8d/e18d8f3591653e1f55826b32ef0e7130c071ab5e.jpg,363.7
Wide Ultra High Jeans,"5-pocket jeans in rigid cotton denim that feels firm at first but then softens and loosens with wear. Wide leg with a regular fit from the waist to the hip and a wide cut from the thigh to the hem. Extra-high waist with a zip fly and button. Regular length, designed to hit the top of the foot with little or no stacking. Featuring a wide silhouette that's always flattering.",Denim black,Woven,"[{'name': 'Cotton', 'percentage': '100.00'}]","{'value': 24.99, 'currency': 'GBP'}","['22', '4', '6', '8', '10', '12', '14', '16', '18', '20']",Women,https://image.hm.com/assets/hm/97/14/9714ed4ab67b034025da81b5306f75d21941de34.jpg,121.2
Beach trousers,Loose-fit beach trousers in woven fabric featuring a high waist with covered elastication and a narrow drawstring that ties at one side. Straight legs.,Brown/Striped,Woven,"[{'name': 'Viscose', 'percentage': '63.00'}, {'name': 'Polyester', 'percentage': '37.00'}]","{'value': 22.99, 'currency': 'GBP'}","['L', 'M', 'S', 'XS', 'XL']",Women,https://image.hm.com/assets/hm/d2/8d/d28dc24eacc5aae501025556c1d9c5ffd7e0d8cd.jpg,111.5
Tiered-skirt dress,"Ankle-length dress in woven fabric featuring a band collar with a metal button, concealed buttons at the front and a narrow tie belt at the waist. Long balloon sleeves with a slit and button at the cuffs, and a gently flared skirt with gathered tiers. Unlined.",Beige/Paisley pattern,Woven,"[{'name': 'Polyamide', 'percentage': '17.00'}, {'name': 'Viscose', 'percentage': '83.00'}]","{'value': 49.99, 'currency': 'GBP'}","['XXL', 'XL', 'L', 'M', 'S', 'XS', 'XXS']",Women,https://image.hm.com/assets/hm/e1/71/e1714cf492f44f76424c658db1a35844d889cd50.jpg,242.45
Lace-trimmed satin skirt,"Calf-length, loose-fit skirt in softly draping satin featuring an elasticated waist with gathers and a picot trim. Wavy, embroidered lace trim at the hem.",Brown,Woven,"[{'name': 'Viscose', 'percentage': '49.00'}, {'name': 'Polyester', 'percentage': '51.00'}]","{'value': 44.99, 'currency': 'GBP'}","['XS', 'L', 'S', 'M']",Women,https://image.hm.com/assets/hm/63/21/63210d36c5297e9a470c803082676a22c546f3ca.jpg,218.2
Beach shirt,"Relaxed-fit beach shirt in woven fabric with a collar and buttons down the front. Dropped shoulders, long sleeves with buttoned cuffs, and a rounded hem.",Brown/Striped,Woven,"[{'name': 'Viscose', 'percentage': '63.00'}, {'name': 'Polyester', 'percentage': '37.00'}]","{'value': 27.99, 'currency': 'GBP'}","['XS', 'M', 'S', 'XL', 'L']",Women,https://image.hm.com/assets/hm/dd/4e/dd4ec533d384b042d3843442488cd089ad2db77c.jpg,135.75
Tie-belt tunic dress,"Short, oversized dress in a viscose-blend weave with an all-over print. Features a band collar, covered buttons down the front, a yoke with gathers at the front and back and a gathered seam above the hem for a tiered look. Detachable tie belt at the waist and long sleeves with buttoned cuffs. Unlined.",Dark blue/Paisley pattern,Woven,"[{'name': 'Polyamide', 'percentage': '20.00'}, {'name': 'Viscose', 'percentage': '80.00'}]","{'value': 27.99, 'currency': 'GBP'}","['M', 'L', 'XS', 'S', 'XL', 'XXL', 'XXS']",Women,https://image.hm.com/assets/hm/57/07/57071a9c286a73c773a132182d3729702b66b6d4.jpg,135.75
Fine-knit trousers,"Trousers in a soft, fine knit featuring a ribbed waist with covered elastication, and straight legs.",Burgundy,Knitted,"[{'name': 'Wool', 'percentage': '5.00'}, {'name': 'Polyamide', 'percentage': '35.00'}, {'name': 'Polyester', 'percentage': '60.00'}]","{'value': 27.99, 'currency': 'GBP'}","['XL', 'XXS', 'XS', 'S', 'M', 'L']",Women,https://image.hm.com/assets/hm/56/cb/56cbbb9ce50718f5d80d99d435f3362420072e71.jpg,135.75
Draped viscose top,"Fitted, long-sleeved top in stretch viscose jersey featuring a round neckline and an asymmetric, double-layered front with gathers for a draped effect.",Golden olive,Knitted,"[{'name': 'Elastane', 'percentage': '7.00'}, {'name': 'Viscose', 'percentage': '93.00'}]","{'value': 12.99, 'currency': 'GBP'}","['L', 'XL', 'XXS', 'XS', 'S', 'M']",Women,https://image.hm.com/assets/hm/3b/5c/3b5c8fb13f8d2f548d3bee549ca50521cbec4adb.jpg,63.0
Oversized poplin shirt,"Oversized shirt in crisp cotton poplin with a collar, buttons down the front and an open chest pocket. Yoke with a box pleat at the back, dropped shoulders and long sleeves with buttoned cuffs. Straight-cut hem with rounded side vents.",Light beige/Striped,Woven,"[{'name': 'Elastane', 'percentage': '3.00'}, {'name': 'Cotton', 'percentage': '79.00'}, {'name': 'Polyamide', 'percentage': '18.00'}]","{'value': 14.99, 'currency': 'GBP'}","['S', 'XS', 'XXS', 'XL', 'L', 'M']",Women,https://image.hm.com/assets/hm/ce/62/ce622e14ee01181b47a016e605f4206af90ea93c.jpg,72.7
Tailored scuba trousers,Trousers in scuba fabric featuring a zip fly with a concealed button and hook-and-bar fastener. Diagonal side pockets and straight legs with sewn-in creases down the front and accent-colour piping down the side.,Black,Knitted,"[{'name': 'Elastane', 'percentage': '8.00'}, {'name': 'Polyester', 'percentage': '92.00'}]","{'value': 27.99, 'currency': 'GBP'}","['XXS', 'XS', 'S', 'M', 'L', 'XL', 'XXL']",Women,https://image.hm.com/assets/hm/44/27/4427eba1fa8dc099544792c29f286b9cdedb1869.jpg,135.75
Wide tailored trousers,"Loose-fit trousers in woven fabric with a zip fly and a concealed button and hook-and-bar fastener. Diagonal side pockets, fake welt pockets at the back and wide legs with pleats at the front and creases down the front and back.",Light grey/Pinstriped,Woven,"[{'name': 'Elastane', 'percentage': '4.00'}, {'name': 'Viscose', 'percentage': '33.00'}, {'name': 'Polyester', 'percentage': '63.00'}]","{'value': 19.99, 'currency': 'GBP'}","['22', '6', '4', '10', '8', '14', '12', '18', '16', '20']",Women,https://image.hm.com/assets/hm/23/3b/233b71bd221afc3000559ba77aa2864e87df0aee.jpg,96.95
Wide High Jeans,"Jeans in cotton denim with a slight stretch for good comfort. Wide leg with a regular fit from the waist to the hip and a wide cut from the thigh to the hem. High waist with a zip fly and a metal button with a fluted finish, patch pockets at the front and back, and creases down the front and back. Regular length, designed to hit the top of the foot with little or no stacking. The wide-leg jean is a wardrobe essential.",White,Woven,"[{'name': 'Elastane', 'percentage': '1.00'}, {'name': 'Cotton', 'percentage': '99.00'}]","{'value': 34.99, 'currency': 'GBP'}","['4', '8', '6', '12', '10', '16', '14', '20', '18', '22']",Women,https://image.hm.com/assets/hm/0a/a6/0aa6c65e3b902e0682ce44fa2eb74d57a639c37f.jpg,169.7
Wrap skort,"Short, fitted skort in twill with a zip at one side and a lined wrapover front.",Dark grey,Woven,"[{'name': 'Polyester', 'percentage': '100.00'}]","{'value': 19.99, 'currency': 'GBP'}","['20', '18', '16', '14', '12', '10', '8', '6', '4', '22']",Women,https://image.hm.com/assets/hm/6a/a1/6aa10455cd8b7e2486d79d4832494c8708f56251.jpg,96.95
Frill-collared viscose blouse,"Loose-fit blouse in a viscose crêpe weave with a frill collar, a frill-trimmed button placket and gathered shoulder seams. Long sleeves with gathers and buttoned cuffs. Rounded hem.",Light turquoise,Woven,"[{'name': 'Viscose', 'percentage': '100.00'}]","{'value': 22.99, 'currency': 'GBP'}","['S', 'XS', 'XXS', 'XXL', 'XL', 'L', 'M']",Women,https://image.hm.com/assets/hm/6f/c0/6fc09df64fc108777ecaee69b569b8b1818f4eb5.jpg,111.5
Barrel Leg High Waist Jeans,"5-pocket jeans in rigid cotton denim that feels firm at first but then softens and loosens with wear. Curved, voluminous leg with a regular fit from the hip to the thigh, that tapers to the hem. High waist with a zip fly and button. Regular length, designed to hit the top of the foot with little or no stacking. Style with an oversized blazer for a modern look.",Light grey marl,Woven,"[{'name': 'Cotton', 'percentage': '100.00'}]","{'value': 24.99, 'currency': 'GBP'}","['8', '6', '4', '16', '14', '12', '10', '20', '18', '22']",Women,https://image.hm.com/assets/hm/a2/42/a2422d953406e7132868c361ec4394674eedcdb4.jpg,121.2
Wide High Jeans,"5-pocket jeans in rigid cotton denim that feels firm at first but then softens and loosens with wear. Wide leg with a regular fit from the waist to the hip and a wide cut from the thigh to the hem. High waist with a zip fly and button. Regular length, designed to hit the top of the foot with little or no stacking.",Denim grey,Woven,"[{'name': 'Cotton', 'percentage': '100.00'}]","{'value': 24.99, 'currency': 'GBP'}","['18', '20', '14', '16', '24', '4', '26', '22', '10', '12', '6', '8']",Women,https://image.hm.com/assets/hm/bb/c9/bbc95d475de743beb3ce6d9dcdba8502609bddcb.jpg,121.2
Oversized corduroy-collar jacket,"Oversized, lightly padded jacket in cotton canvas with a collar in soft cotton corduroy. Buttons down the front, flap front pockets with a button and shoulder gussets for increased mobility. Dropped shoulders and long sleeves with buttoned cuffs. Quilted lining.",Dark green,Woven,"[{'name': 'Cotton', 'percentage': '100.00'}]","{'value': 54.99, 'currency': 'GBP'}","['XL', 'L', 'XXL', 'XS', 'XXS', 'M', 'S']",Women,https://image.hm.com/assets/hm/f1/7f/f17fdd8df2b3f1267617991f72a93deb4c2f1aa7.jpg,266.7
Collared denim jacket,"Short jacket in rigid cotton denim with a collar and a zip down the front. Dropped shoulders, jetted front pockets and a drawstring at the hem.",Denim blue,Woven,"[{'name': 'Cotton', 'percentage': '100.00'}]","{'value': 24.99, 'currency': 'GBP'}","['S', 'XS', 'XXS', 'XL', 'L', 'M']",Women,https://image.hm.com/assets/hm/a8/9a/a89abc21c84c115b86611020aba10485e42a58d1.jpg,121.2
Tie-neck blouse,"Short, oversized blouse in sheer jersey featuring a stand collar with wide ties at the back of the neck, a gathered seam at the top and narrow elastication with gathers at the hem to create a draped effect. Long balloon sleeves in a raglan cut with narrow elastication at the cuffs.",Mustard yellow,Knitted,"[{'name': 'Polyester', 'percentage': '100.00'}]","{'value': 19.99, 'currency': 'GBP'}","['L', 'S', 'M', 'XS']",Women,https://image.hm.com/assets/hm/a9/4b/a94b0aca824d2730b55ad292f5fcff61bc69c08d.jpg,96.95
Oversized jumper,"Oversized jumper in a soft, fine knit with a ribbed crew neck and long, gently flared sleeves.",Burgundy,Knitted,"[{'name': 'Wool', 'percentage': '5.00'}, {'name': 'Polyamide', 'percentage': '35.00'}, {'name': 'Polyester', 'percentage': '60.00'}]","{'value': 32.99, 'currency': 'GBP'}","['XXS', 'XL', 'M', 'L', 'XS', 'S']",Women,https://image.hm.com/assets/hm/0f/d5/0fd5e725b35e7111ca6322c15571ebd000a6c295.jpg,160.0
Tie-belt dress,"Short dress in a viscose-blend weave with a band collar and spherical metal buttons down to the waist. Voluminous balloon sleeves featuring wide cuffs with a slit and button, narrow tie belt at the waist and a gently flared skirt. Unlined.",Dark blue/Paisley pattern,Woven,"[{'name': 'Polyamide', 'percentage': '25.00'}, {'name': 'Viscose', 'percentage': '75.00'}]","{'value': 44.99, 'currency': 'GBP'}","['XXL', 'XL', 'L', 'M', 'S', 'XS', 'XXS']",Women,https://image.hm.com/assets/hm/06/8b/068b2971166720746286e2b334d450bf5e7f9f8b.jpg,218.2
Frill-trimmed maxi skirt,"Loose-fit maxi skirt in a gently crinkled weave with a concealed zip and hook-and-eye fastening at the back, and a frill-trimmed hem. Longer at the back. Unlined.",Dark blue/Paisley pattern,Woven,"[{'name': 'Polyamide', 'percentage': '17.00'}, {'name': 'Viscose', 'percentage': '83.00'}]","{'value': 44.99, 'currency': 'GBP'}","['6', '10', '8', '14', '12']",Women,https://image.hm.com/assets/hm/28/b4/28b46aee961d74c828a26694287165a875c8a794.jpg,218.2
Wool jumper,"Jumper in wool with a chunky, ribbed crew neck, dropped shoulders and wide ribbing at the cuffs and hem.",Black,Knitted,"[{'name': 'Wool', 'percentage': '100.00'}]","{'value': 84.99, 'currency': 'GBP'}","['XS', 'L', 'S', 'M']",Women,https://image.hm.com/assets/hm/8d/95/8d956e5e2319ce1383443b599067f0bc527d78a4.jpg,412.2
Mohair-blend zip-top jumper,"Loose-fit jumper in a soft knit containing mohair and wool. Collar, zip at the top and dropped shoulders. Ribbing at the cuffs and hem.",Cream,Knitted,"[{'name': 'Mohair', 'percentage': '32.00'}, {'name': 'Wool', 'percentage': '32.00'}, {'name': 'Elastane', 'percentage': '3.00'}, {'name': 'Polyamide', 'percentage': '33.00'}]","{'value': 74.99, 'currency': 'GBP'}","['M', 'L', 'XS', 'S']",Women,https://image.hm.com/assets/hm/27/cc/27cc953b6487e0c3857c271693c4b1e88ef5ad34.jpg,363.7
Regular Fit T-shirt,"T-shirt in lightweight cotton jersey with a round, rib-trimmed neckline and a straight-cut hem. Regular fit for comfortable wear and a classic silhouette.",White,Knitted,"[{'name': 'Cotton', 'percentage': '100.00'}]","{'value': 5.99, 'currency': 'GBP'}","['L', 'XL', 'XXL', 'XS', 'S', 'M']",Men,https://image.hm.com/assets/hm/d0/47/d047a59f10d335e2351218f2bb286be6fc0a94b4.jpg,29.05
Regular Fit T-shirt,"T-shirt in lightweight cotton jersey with a round, rib-trimmed neckline and a straight-cut hem. Regular fit for comfortable wear and a classic silhouette.",Black,Knitted,"[{'name': 'Cotton', 'percentage': '100.00'}]","{'value': 5.99, 'currency': 'GBP'}","['XL', 'XXL', 'XS', 'S', 'M', 'L']",Men,https://image.hm.com/assets/hm/f8/ff/f8ff6e68c978bf9ab110ea6f65d45e9a053661ef.jpg,29.05
Loose Fit Sweatpants,"Sweatpants in heavyweight sweatshirt fabric made from a cotton blend, with a soft brushed inside. Designed with covered elastication and a drawstring at the waist, and side pockets. Loose fit for a generous but not oversized silhouette.",Light grey marl,Knitted,"[{'name': 'Cotton', 'percentage': '60.00'}, {'name': 'Viscose', 'percentage': '3.00'}, {'name': 'Polyester', 'percentage': '37.00'}]","{'value': 22.99, 'currency': 'GBP'}","['XS', 'M', 'S', 'XL', 'L', 'XXL']",Men,https://image.hm.com/assets/hm/61/1d/611d3dba467352b3752703188a563ea94b662ee2.jpg,111.5
Loose Fit Sweatpants,"Sweatpants in heavyweight sweatshirt fabric made from a cotton blend, with a soft brushed inside. Designed with covered elastication and a drawstring at the waist, and side pockets. Loose fit for a generous but not oversized silhouette.",Black,Knitted,"[{'name': 'Cotton', 'percentage': '60.00'}, {'name': 'Polyester', 'percentage': '40.00'}]","{'value': 22.99, 'currency': 'GBP'}","['XS', 'S', 'M', 'L', 'XL', 'XXL']",Men,https://image.hm.com/assets/hm/9f/9f/9f9fd4a9151327a56bd669bdfc7666e0d096a52b.jpg,111.5
Slim Fit T-shirt,"T-shirt in lightweight cotton jersey with a round, rib-trimmed neckline and a straight-cut hem. Slim fit that hugs the contours of your body, creating a fitted silhouette.",White,Knitted,"[{'name': 'Elastane', 'percentage': '5.00'}, {'name': 'Cotton', 'percentage': '95.00'}]","{'value': 6.99, 'currency': 'GBP'}","['S', 'XS', 'L', 'M', 'XXL', 'XL']",Men,https://image.hm.com/assets/hm/10/e1/10e1b2b77742ec7b1c24a89a842c672956aa0171.jpg,33.9
Loose Fit Hoodie,"Hoodie in midweight sweatshirt fabric made from a cotton blend with a soft brushed inside. Jersey-lined, drawstring hood, dropped shoulders, long sleeves, a kangaroo pocket and wide ribbing at the cuffs and hem. Loose fit for a generous but not oversized silhouette.",Black,Knitted,"[{'name': 'Cotton', 'percentage': '60.00'}, {'name': 'Polyester', 'percentage': '40.00'}]","{'value': 19.99, 'currency': 'GBP'}","['XXL', 'XL', 'L', 'M', 'S', 'XS']",Men,https://image.hm.com/assets/hm/47/4f/474fdd8a236c8d920ab4456eef014a1715d3eb1c.jpg,96.95
Relaxed Fit Sweatpants,"Sweatpants in midweight sweatshirt fabric made from a cotton blend with a soft brushed inside. Covered elastication and a drawstring at the waist, pockets in the side seams and ribbed hems. Relaxed fit for a casual but not oversized silhouette.",Black,Jersey,"[{'name': 'Cotton', 'percentage': '60.00'}, {'name': 'Polyester', 'percentage': '40.00'}]","{'value': 19.99, 'currency': 'GBP'}","['S', 'XS', 'L', 'M', 'XXL', 'XL']",Men,https://image.hm.com/assets/hm/50/02/5002f01a223c1b0eb7810475cfaa94867970ff1d.jpg,96.95
Relaxed Fit Sweatpants,"Sweatpants in midweight sweatshirt fabric made from a cotton blend with a soft brushed inside. Covered elastication and a drawstring at the waist, pockets in the side seams and ribbed hems. Relaxed fit for a casual but not oversized silhouette.",Grey marl,Jersey,"[{'name': 'Cotton', 'percentage': '75.00'}, {'name': 'Viscose', 'percentage': '3.00'}, {'name': 'Polyester', 'percentage': '22.00'}]","{'value': 19.99, 'currency': 'GBP'}","['XS', 'M', 'S', 'XL', 'L', 'XXL']",Men,https://image.hm.com/assets/hm/36/22/36226f7c7886e20af4c1ad3df6e21bcf276e257d.jpg,96.95
Loose Fit T-shirt,"T-shirt in midweight cotton jersey with a round, rib-trimmed neckline, dropped shoulders and a straight-cut hem. Loose fit for a generous but not oversized silhouette.",White,Knitted,"[{'name': 'Cotton', 'percentage': '100.00'}]","{'value': 9.99, 'currency': 'GBP'}","['XL', 'XXL', 'XS', 'S', 'M', 'L']",Men,https://image.hm.com/assets/hm/59/c5/59c543d309e2c05afd304218944b43cf04197fa7.jpg,48.45
Loose Fit Hoodie,"Hoodie in midweight sweatshirt fabric made from a cotton blend with a soft brushed inside. Jersey-lined, drawstring hood, dropped shoulders, long sleeves, a kangaroo pocket and wide ribbing at the cuffs and hem. Loose fit for a generous but not oversized silhouette.",Dark grey,Knitted,"[{'name': 'Cotton', 'percentage': '60.00'}, {'name': 'Polyester', 'percentage': '40.00'}]","{'value': 19.99, 'currency': 'GBP'}","['XS', 'S', 'M', 'L', 'XL', 'XXL']",Men,https://image.hm.com/assets/hm/07/de/07de74d95f3d590f1027feb13980043a2ff86d57.jpg,96.95
Relaxed jeans,5-pocket jeans in rigid cotton denim with a straight leg and a relaxed fit from the seat to the hem with extra room from the thigh down. Regular waist and a button fly. An original-cut classic.,Black,Woven,"[{'name': 'Cotton', 'percentage': '100.00'}]","{'value': 27.99, 'currency': 'GBP'}","['29/32', '32/30', '34/34', '40/32', '32/32', '30/30', '36/34', '32/34', '36/32', '33/32', '30/34', '30/32', '28/30', '33/34', '38/32', '34/32', '31/34', '28/32', '34/30', '31/32']",Men,https://image.hm.com/assets/hm/50/81/50819b124cccab48d47a898bb68f6b60d9a07aa0.jpg,135.75
Regular Fit Jersey top,"Top in lightweight cotton jersey with a round, rib-trimmed neckline, long sleeves and a straight-cut hem. Regular fit for comfortable wear and a classic silhouette.",White,Knitted,"[{'name': 'Cotton', 'percentage': '100.00'}]","{'value': 9.99, 'currency': 'GBP'}","['M', 'S', 'XS', 'XXL', 'XL', 'L']",Men,https://image.hm.com/assets/hm/8c/03/8c0384237732f81c0cdd81c011f4506ac13e606c.jpg,48.45
Loose Fit Hoodie,"Hoodie in midweight sweatshirt fabric made from a cotton blend with a soft brushed inside. Jersey-lined, drawstring hood, dropped shoulders, long sleeves, a kangaroo pocket and wide ribbing at the cuffs and hem. Loose fit for a generous but not oversized silhouette.",Light grey marl,Knitted,"[{'name': 'Cotton', 'percentage': '74.00'}, {'name': 'Viscose', 'percentage': '3.00'}, {'name': 'Polyester', 'percentage': '23.00'}]","{'value': 19.99, 'currency': 'GBP'}","['XS', 'L', 'XL', 'S', 'M', 'XXL']",Men,https://image.hm.com/assets/hm/f9/58/f958b0d283a39c94f843c042f512ae05c8a8ab91.jpg,96.95
Loose  Fit Zip-through hoodie,"Zip-through hoodie in midweight sweatshirt fabric with a soft brushed inside. Hood with a drawstring, zip down the front and front pockets. Dropped shoulders, long sleeves and ribbing at the cuffs and hem. Loose fit for a generous but not oversized silhouette.",Black,Knitted,"[{'name': 'Cotton', 'percentage': '60.00'}, {'name': 'Polyester', 'percentage': '40.00'}]","{'value': 22.99, 'currency': 'GBP'}","['XS', 'S', 'XL', 'XXL', 'M', 'L']",Men,https://image.hm.com/assets/hm/c7/fe/c7fe7b34ea71a7d4b8edf0bc11939828fe8ff347.jpg,111.5
Slim Fit Cargo trousers,"Trousers in a cotton weave with covered elastication and a drawstring at the waist, a fake fly, diagonal side pockets and flap back and leg pockets with concealed press-studs. Tapered legs with seams and darts at the knees. Slim fit that hugs the contours of your body, creating a fitted silhouette.",Black,Woven,"[{'name': 'Cotton', 'percentage': '100.00'}]","{'value': 27.99, 'currency': 'GBP'}","['XS', 'S', 'M', 'L', 'XL', 'XXL']",Men,https://image.hm.com/assets/hm/ca/f4/caf4ffb78a1960c4df8e762000c63a58579e92b6.jpg,135.75
Regular Fit T-shirt,"T-shirt in lightweight cotton jersey with a round, rib-trimmed neckline and a straight-cut hem. Regular fit for comfortable wear and a classic silhouette.",Beige,Knitted,"[{'name': 'Cotton', 'percentage': '100.00'}]","{'value': 5.99, 'currency': 'GBP'}","['XXL', 'L', 'XL', 'S', 'M', 'XS']",Men,https://image.hm.com/assets/hm/e9/ae/e9ae48ec661f66b534fc680c43f24f591e3940e6.jpg,29.05
Regular Jeans,"5-pocket jeans in cotton denim with a slight stretch for good comfort. Straight leg and a regular fit from the waist to the hem with a comfortable, looser feel around the whole leg. Regular waist and a zip fly.",Denim black,Woven,"[{'name': 'Elastane', 'percentage': '1.00'}, {'name': 'Cotton', 'percentage': '99.00'}]","{'value': 24.99, 'currency': 'GBP'}","['28/30', '33/34', '38/32', '34/32', '31/34', '28/32', '34/30', '31/32', '30/30', '36/34', '32/34', '36/32', '33/32', '30/34', '30/32', '29/32', '32/30', '34/34', '40/32', '32/32']",Men,https://image.hm.com/assets/hm/f4/ae/f4ae9e0d63358a50d4967147a47c882a9bd33002.jpg,121.2
Loose Fit Sweatshirt,"Top in midweight sweatshirt fabric made from a cotton blend with a soft brushed inside. Round, rib-trimmed neckline, dropped shoulders, long sleeves and wide ribbing at the cuffs and hem. Loose fit for a generous but not oversized silhouette.",Black,Knitted,"[{'name': 'Cotton', 'percentage': '60.00'}, {'name': 'Polyester', 'percentage': '40.00'}]","{'value': 19.99, 'currency': 'GBP'}","['XL', 'L', 'M', 'S', 'XXL', 'XS']",Men,https://image.hm.com/assets/hm/cf/e8/cfe80a3e35d701c42ff0cf38b2c56b199b2c1f46.jpg,96.95
Regular Fit T-shirt,"T-shirt in lightweight cotton jersey with a round, rib-trimmed neckline and a straight-cut hem. Regular fit for comfortable wear and a classic silhouette.",Navy blue,Knitted,"[{'name': 'Cotton', 'percentage': '100.00'}]","{'value': 5.99, 'currency': 'GBP'}","['XXL', 'XL', 'L', 'M', 'S', 'XS']",Men,https://image.hm.com/assets/hm/21/d6/21d6b7aeb81243c8010a8a01f6ae8c6cf9fcee0f.jpg,29.05
Regular Fit Jersey top,"Top in lightweight cotton jersey with a round, rib-trimmed neckline, long sleeves and a straight-cut hem. Regular fit for comfortable wear and a classic silhouette.",Black,Knitted,"[{'name': 'Cotton', 'percentage': '100.00'}]","{'value': 9.99, 'currency': 'GBP'}","['XS', 'S', 'XL', 'XXL', 'M', 'L']",Men,https://image.hm.com/assets/hm/68/b5/68b5646dc0156135f89363cabfb95c7470b5d36e.jpg,48.45
Loose  Fit Zip-through hoodie,"Zip-through hoodie in midweight sweatshirt fabric with a soft brushed inside. Hood with a drawstring, zip down the front and front pockets. Dropped shoulders, long sleeves and ribbing at the cuffs and hem. Loose fit for a generous but not oversized silhouette.",Grey marl,Knitted,"[{'name': 'Cotton', 'percentage': '75.00'}, {'name': 'Viscose', 'percentage': '3.00'}, {'name': 'Polyester', 'percentage': '22.00'}]","{'value': 22.99, 'currency': 'GBP'}","['M', 'S', 'XS', 'XXL', 'XL', 'L']",Men,https://image.hm.com/assets/hm/5a/4e/5a4edb824dc1115f5efe7c8bbe5f7385231f5ab9.jpg,111.5
Slim Jeans,5-pocket jeans in cotton denim with a slight stretch for good comfort. Straight leg and a slim fit from the waist through the thigh to the hem. Regular waist and a zip fly. Easily styled for sleek or sporty.,Black,Woven,"[{'name': 'Elastane', 'percentage': '1.00'}, {'name': 'Cotton', 'percentage': '99.00'}]","{'value': 19.99, 'currency': 'GBP'}","['36/32', '36/30', '30/32', '30/30', '36/34', '38/32', '30/34', '31/32', '31/30', '38/34', '31/34', '32/32', '32/30', '32/34', '33/30', '42/32', '33/34', '33/32', '28/32', '34/30', '28/30', '29/30', '34/34', '34/32', '29/32']",Men,https://image.hm.com/assets/hm/13/3b/133ba2cccc688e43dbbc47905aef2fc9954758a8.jpg,96.95
Regular Fit T-shirt,"T-shirt in lightweight cotton jersey with a round, rib-trimmed neckline and a straight-cut hem. Regular fit for comfortable wear and a classic silhouette.",Brown,Knitted,"[{'name': 'Cotton', 'percentage': '100.00'}]","{'value': 5.99, 'currency': 'GBP'}","['L', 'XL', 'XXL', 'XS', 'S', 'M']",Men,https://image.hm.com/assets/hm/dd/29/dd29a9039773bb6020b791072a98e2446bc49fb9.jpg,29.05
Loose Fit Hoodie,"Hoodie in midweight sweatshirt fabric made from a cotton blend with a soft brushed inside. Jersey-lined, drawstring hood, dropped shoulders, long sleeves, a kangaroo pocket and wide ribbing at the cuffs and hem. Loose fit for a generous but not oversized silhouette.",Navy blue,Knitted,"[{'name': 'Cotton', 'percentage': '60.00'}, {'name': 'Polyester', 'percentage': '40.00'}]","{'value': 19.99, 'currency': 'GBP'}","['M', 'S', 'XL', 'L', 'XS', 'XXL']",Men,https://image.hm.com/assets/hm/01/15/01153f8dec3377ef9f9943116fd30e7001609b37.jpg,96.95
Regular Fit T-shirt,"T-shirt in lightweight cotton jersey with a round, rib-trimmed neckline and a straight-cut hem. Regular fit for comfortable wear and a classic silhouette.",Grey marl,Knitted,"[{'name': 'Cotton', 'percentage': '95.00'}, {'name': 'Viscose', 'percentage': '5.00'}]","{'value': 5.99, 'currency': 'GBP'}","['L', 'XXL/S', 'M', 'S', 'XS', 'XXL', 'XL']",Men,https://image.hm.com/assets/hm/f3/a0/f3a04db3ed20ca722145a1622607e8efe9f5ed45.jpg,29.05
Loose Fit Zip-top sweatshirt,"Top in heavyweight sweatshirt fabric made from a cotton blend with a soft brushed inside. Stand-up collar, zip at the top, yoke at the back, dropped shoulders, long sleeves and ribbing at the cuffs and hem. Loose fit for a generous but not oversized silhouette.",Grey marl,Knitted,"[{'name': 'Cotton', 'percentage': '60.00'}, {'name': 'Viscose', 'percentage': '3.00'}, {'name': 'Polyester', 'percentage': '37.00'}]","{'value': 27.99, 'currency': 'GBP'}","['XS', 'XXL', 'L', 'XL', 'S', 'M']",Men,https://image.hm.com/assets/hm/ba/61/ba61f9183d9ec082a3bb7fc5680413a082fc830a.jpg,135.75
3-pack Regular Fit T-shirts,"T-shirts in lightweight cotton jersey with a round, rib-trimmed neckline and a straight-cut hem. Regular fit for comfortable wear and a classic silhouette.",Black,Knitted,"[{'name': 'Cotton', 'percentage': '100.00'}]","{'value': 17.99, 'currency': 'GBP'}","['M', 'L', 'XS', 'S', 'XL', 'XXL']",Men,https://image.hm.com/assets/hm/19/10/19108b8f7717f2afbeb05c645a5fe6640b961445.jpg,87.25
Slim Fit Cargo trousers,"Trousers in a cotton weave with covered elastication and a drawstring at the waist, a fake fly, diagonal side pockets and flap back and leg pockets with concealed press-studs. Tapered legs with seams and darts at the knees. Slim fit that hugs the contours of your body, creating a fitted silhouette.",Dark grey,Woven,"[{'name': 'Cotton', 'percentage': '100.00'}]","{'value': 27.99, 'currency': 'GBP'}","['XXL', 'XS', 'L', 'XL', 'S', 'M']",Men,https://image.hm.com/assets/hm/08/6a/086a0b6c675ea432ca30c945c05d55604ca7bf3d.jpg,135.75
Slim Fit T-shirt,"T-shirt in lightweight cotton jersey with a round, rib-trimmed neckline and a straight-cut hem. Slim fit that hugs the contours of your body, creating a fitted silhouette.",Navy blue,Knitted,"[{'name': 'Elastane', 'percentage': '5.00'}, {'name': 'Cotton', 'percentage': '95.00'}]","{'value': 6.99, 'currency': 'GBP'}","['XXL', 'S', 'M', 'L', 'XL', 'XS']",Men,https://image.hm.com/assets/hm/3c/f3/3cf382baf466e9423a1866c96ce65dd0b599a34b.jpg,33.9
Loose Fit Sweatshirt,"Top in midweight sweatshirt fabric made from a cotton blend with a soft brushed inside. Round, rib-trimmed neckline, dropped shoulders, long sleeves and wide ribbing at the cuffs and hem. Loose fit for a generous but not oversized silhouette.",Dark grey,Knitted,"[{'name': 'Cotton', 'percentage': '60.00'}, {'name': 'Polyester', 'percentage': '40.00'}]","{'value': 19.99, 'currency': 'GBP'}","['XXL', 'XL', 'L', 'M', 'S', 'XS']",Men,https://image.hm.com/assets/hm/4b/c3/4bc3bde925528b833337e501cdcc3ca18841b056.jpg,96.95
Regular Jeans,"5-pocket jeans in cotton denim with a slight stretch for good comfort. Straight leg and a regular fit from the waist to the hem with a comfortable, looser feel around the whole leg. Regular waist and a zip fly.",Dark denim blue,Woven,"[{'name': 'Elastane', 'percentage': '1.00'}, {'name': 'Cotton', 'percentage': '99.00'}]","{'value': 24.99, 'currency': 'GBP'}","['36/32', '32/34', '31/32', '28/32', '34/30', '28/30', '40/32', '34/34', '31/34', '34/32', '30/32', '30/30', '36/34', '38/32', '33/34', '30/34', '33/32', '32/32', '32/30', '29/32']",Men,https://image.hm.com/assets/hm/cc/15/cc154d3751e815a94dee0a20290a989cf9a3a1e4.jpg,121.2
Loose Fit Hoodie,"Hoodie in midweight sweatshirt fabric made from a cotton blend with a soft brushed inside. Jersey-lined, drawstring hood, dropped shoulders, long sleeves, a kangaroo pocket and wide ribbing at the cuffs and hem. Loose fit for a generous but not oversized silhouette.",Dark forest green,Knitted,"[{'name': 'Cotton', 'percentage': '60.00'}, {'name': 'Polyester', 'percentage': '40.00'}]","{'value': 19.99, 'currency': 'GBP'}","['XS', 'S', 'M', 'L', 'XL', 'XXL']",Men,https://image.hm.com/assets/hm/92/78/927878edab8168e3b642718f668ebd1561d4771d.jpg,96.95
Regular Fit Sweatpants,"Sweatpants in interlock sweatshirt fabric with a soft brushed inside. Covered elastication and a concealed drawstring at the waist, fake fly, diagonal side pockets, a welt back pocket and tapered legs with ribbing at the hems. Regular fit for comfortable wear and a classic silhouette.",Black,Knitted,"[{'name': 'Cotton', 'percentage': '42.00'}, {'name': 'Polyester', 'percentage': '58.00'}]","{'value': 22.99, 'currency': 'GBP'}","['XS', 'S', 'XL', 'XXL', 'M', 'L']",Men,https://image.hm.com/assets/hm/57/9e/579eb0c0a5afc2ad19124bd9816f9b509d986eeb.jpg,111.5
Loose Fit Sweatshirt,"Top in midweight sweatshirt fabric made from a cotton blend with a soft brushed inside. Round, rib-trimmed neckline, dropped shoulders, long sleeves and wide ribbing at the cuffs and hem. Loose fit for a generous but not oversized silhouette.",Brown,Knitted,"[{'name': 'Cotton', 'percentage': '60.00'}, {'name': 'Polyester', 'percentage': '40.00'}]","{'value': 19.99, 'currency': 'GBP'}","['XL', 'L', 'XXL', 'XS', 'M', 'S']",Men,https://image.hm.com/assets/hm/43/59/4359477ffc020cada72261cf0cd17b1e07ec0e31.jpg,96.95
Relaxed Fit Sweatpants,"Sweatpants in midweight sweatshirt fabric made from a cotton blend with a soft brushed inside. Covered elastication and a drawstring at the waist, pockets in the side seams and ribbed hems. Relaxed fit for a casual but not oversized silhouette.",Dark blue,Jersey,"[{'name': 'Cotton', 'percentage': '60.00'}, {'name': 'Polyester', 'percentage': '40.00'}]","{'value': 19.99, 'currency': 'GBP'}","['XXL', 'XL', 'L', 'M', 'S', 'XS']",Men,https://image.hm.com/assets/hm/52/d0/52d0c791492bb404420ff9a55f4ce8fbcc766ed3.jpg,96.95
Slim Fit Ribbed vest top,"Vest top in midweight, ribbed jersey made from a cotton blend with a straight-cut hem. Slim fit that hugs the contours of your body, creating a fitted silhouette.",White,Jersey,"[{'name': 'Cotton', 'percentage': '83.00'}, {'name': 'Polyester', 'percentage': '17.00'}]","{'value': 6.99, 'currency': 'GBP'}","['XL', 'XXL', 'M', 'L', 'XS', 'S']",Men,https://image.hm.com/assets/hm/48/7b/487bc35bfb6b4021c47efcf3799d89c8fd734187.jpg,33.9
Scuba jacket,"Jacket in scuba fabric with accent-colour piping on the shoulders and down the sleeves. Features a stand collar, concealed two-way zip down the front and welt side pockets. Dropped shoulders and ribbing at the cuffs and hem.",Black,Knitted,"[{'name': 'Elastane', 'percentage': '8.00'}, {'name': 'Polyester', 'percentage': '92.00'}]","{'value': 27.99, 'currency': 'GBP'}","['L', 'XL', 'S', 'M', 'XS']",Women,https://image.hm.com/assets/hm/7a/3c/7a3c6224109d8c2bfd6f3579965b6e198305dbc1.jpg,135.75
Zip-through hoodie,"Loose-fit hoodie in sweatshirt fabric with a soft brushed inside. Lined drawstring hood, zip down the front and open front pockets. Dropped shoulders and long sleeves. Ribbing at the cuffs and hem.",Grey marl,Knitted,"[{'name': 'Elastane', 'percentage': '3.00'}, {'name': 'Cotton', 'percentage': '57.00'}, {'name': 'Polyester', 'percentage': '40.00'}]","{'value': 27.99, 'currency': 'GBP'}","['S', 'XS', 'L', 'M']",Women,https://image.hm.com/assets/hm/05/0e/050e5b8c885ae629f8d17d68cafabc8f5d08643b.jpg,135.75
Oversized mohair-blend jumper,"Oversized jumper in a soft knit containing mohair and wool. Dropped shoulders, long sleeves and ribbing around the neckline and at the cuffs and hem.",Burnt orange,Knitted,"[{'name': 'Mohair', 'percentage': '32.00'}, {'name': 'Wool', 'percentage': '32.00'}, {'name': 'Elastane', 'percentage': '3.00'}, {'name': 'Polyamide', 'percentage': '33.00'}]","{'value': 64.99, 'currency': 'GBP'}","['XS', 'S', 'M', 'L']",Women,https://image.hm.com/assets/hm/c8/c0/c8c002bf8a13d227a4381adf0bddb1b90b4b3412.jpg,315.2
Lace-trimmed dress,"Short, oversized dress in woven fabric with lace around the edges. Deep, frill-trimmed V-neckline with lacing at the front and long balloon sleeves with flared cuffs and a drawstring around the wrists. Layered skirt with gathers. Unlined.",Beige/Patterned,Woven,"[{'name': 'Viscose', 'percentage': '89.00'}, {'name': 'Polyester', 'percentage': '11.00'}]","{'value': 54.99, 'currency': 'GBP'}","['S', 'XS', 'L', 'M']",Women,https://image.hm.com/assets/hm/c5/fb/c5fb15bfd74aeae3ba30deb9019cb863f23ac025.jpg,266.7
Rib-knit top,"Fitted top in a rib knit with a round neckline, button placket at the front and long sleeves.",Light turquoise,Knitted,"[{'name': 'Viscose', 'percentage': '50.00'}, {'name': 'Acrylic', 'percentage': '50.00'}]","{'value': 24.99, 'currency': 'GBP'}","['M', 'L', 'XS', 'S', 'XL', 'XXL', 'XXS']",Women,https://image.hm.com/assets/hm/47/d0/47d04d26276d80c81f9bea20c65daaebbb11bfa8.jpg,121.2
Collared cardigan,"Short, fitted cardigan in a soft jacquard knit featuring a collar, buttons down the front and long sleeves.",Beige/Leopard print,Knitted,"[{'name': 'Elastane', 'percentage': '7.00'}, {'name': 'Acrylic', 'percentage': '79.00'}, {'name': 'Polyester', 'percentage': '14.00'}]","{'value': 34.99, 'currency': 'GBP'}","['S', 'M', 'XS']",Women,https://image.hm.com/assets/hm/7b/27/7b2727fb7a0400bd3a8bdaad4da9f54d9fa9ef8b.jpg,169.7
Pleated chiffon skirt,"Calf-length, loose-fit skirt in pleated chiffon featuring a high waist with covered elastication and bead-ended drawstring at one side. Lined.",Black,Woven,"[{'name': 'Polyester', 'percentage': '100.00'}]","{'value': 32.99, 'currency': 'GBP'}","['XXS', 'XXL', 'XL', 'L', 'M', 'S', 'XS']",Women,https://image.hm.com/assets/hm/f4/e6/f4e62cf39974dd0c5602823afb8a801e42b5fe0e.jpg,160.0
Zip-hem leggings,Leggings in heavy jersey with concealed elastication at the waist and forward-facing side seams with a discreet zip at the hems.,Black,Knitted,"[{'name': 'Elastane', 'percentage': '4.00'}, {'name': 'Polyester', 'percentage': '96.00'}]","{'value': 22.99, 'currency': 'GBP'}","['M', 'L', 'XS', 'S']",Women,https://image.hm.com/assets/hm/03/f2/03f21ae2e00b0cc6778cca0fa3071bfc9bdf8ed1.jpg,111.5
Cable-knit bomber jacket,"Loose-fit bomber jacket in a soft cable knit containing some wool. Ribbed stand collar and press-studs down the front. Dropped shoulders, long sleeves, and ribbing at the cuffs and hem. Lined.",Light grey marl,Knitted,"[{'name': 'Polyester', 'percentage': '100.00'}]","{'value': 39.99, 'currency': 'GBP'}","['XXS', 'S', 'XS', 'L', 'M', 'XL']",Women,https://image.hm.com/assets/hm/10/d2/10d242ef8dbd30a766ae3abb03d3689d70f6b5b5.jpg,193.95
Shoulder-pad polo jumper,"Jumper in a fine knit with a collar, button placket and thin shoulder pads. Ribbing at the cuffs and hem.",Dark beige,Knitted,"[{'name': 'Wool', 'percentage': '5.00'}, {'name': 'Polyamide', 'percentage': '14.00'}, {'name': 'Acrylic', 'percentage': '31.00'}, {'name': 'Polyester', 'percentage': '50.00'}]","{'value': 34.99, 'currency': 'GBP'}","['XXL', 'L', 'XL', 'S', 'M', 'XXS', 'XS']",Women,https://image.hm.com/assets/hm/1f/d0/1fd016a706734e3c14aca7723704daa88d8802f5.jpg,169.7
Denim drawstring trousers,"Loose-fit trousers in cotton denim featuring a high waist with covered elastication and a narrow drawstring. Fake fly, discreet side pockets and straight legs with accent-colour piping down the side.",Dark denim blue,Woven,"[{'name': 'Cotton', 'percentage': '100.00'}]","{'value': 29.99, 'currency': 'GBP'}","['L', 'XL', 'XXL', 'XXS', 'XS', 'S', 'M']",Women,https://image.hm.com/assets/hm/fd/e9/fde98e3c5be845252c75da5e24878d4325e00744.jpg,145.45
Cowl-neck jersey dress,Fitted mini dress in stretch jersey with a cowl neckline and gathers at the sides to create a draped effect. Long sleeves and a straight-cut hem.,Golden olive,Knitted,"[{'name': 'Elastane', 'percentage': '6.00'}, {'name': 'Polyester', 'percentage': '94.00'}]","{'value': 14.99, 'currency': 'GBP'}","['M', 'L', 'XL', 'XXS', 'XS', 'S']",Women,https://image.hm.com/assets/hm/31/c1/31c1d961e8494fea3a48faa3c35333065c541a17.jpg,72.7
Satin twill skirt,"Fitted, calf-length skirt in softly draping satin twill featuring a high waist with a concealed zip and hook-and-eye fastener at one side. Curved seam below the hips that creates a flare and soft, drapey folds to the hem. Curved hem. Unlined.",Dark brown,Woven,"[{'name': 'Viscose', 'percentage': '38.00'}, {'name': 'Linen', 'percentage': '4.00'}, {'name': 'Polyester', 'percentage': '58.00'}]","{'value': 37.99, 'currency': 'GBP'}","['20', '18', '16', '14', '12', '10', '8', '6', '4', '22']",Women,https://image.hm.com/assets/hm/fe/78/fe78893b5590a956cd49e5635885a1bfd5f76ee8.jpg,184.25
Shirt dress,"Calf-length, loose-fit shirt dress in woven fabric with a collar, deep V-neckline and buttons down the front. Detachable tie belt at the waist and long sleeves with buttoned cuffs. Unlined.",Blue/Striped,Woven,"[{'name': 'Cotton', 'percentage': '100.00'}]","{'value': 27.99, 'currency': 'GBP'}","['XXL', 'XXS', 'XS', 'L', 'XL', 'S', 'M']",Women,https://image.hm.com/assets/hm/2b/68/2b6852f0c44a78bc287d434ab7c0384d791ace9b.jpg,135.75
Draped jersey top,Fitted top in stretch jersey with a turtle neck and long sleeves. Gathers on one shoulder and at the opposite side of the waist for a draped effect.,Dark brown/Polka dot,Knitted,"[{'name': 'Elastane', 'percentage': '5.00'}, {'name': 'Polyester', 'percentage': '95.00'}]","{'value': 19.99, 'currency': 'GBP'}","['L', 'XS', 'S', 'M']",Women,https://image.hm.com/assets/hm/62/ae/62aed57cfbd2e03d5d7947376ceac15cb5df9593.jpg,96.95
Teddy jacket,"Short jacket in soft teddy with binding in coated fabric down the front. Collar, buttons down the front and patch side pockets. Ribbing at the cuffs and hem. Lined.",Beige,Woven,"[{'name': 'Polyester', 'percentage': '100.00'}]","{'value': 44.99, 'currency': 'GBP'}","['S', 'XS', 'L', 'M', 'XXL', 'XL']",Women,https://image.hm.com/assets/hm/d8/b7/d8b78ba23d7b8c39bd8fbdf512e9bbb670403c22.jpg,218.2
Lace-trimmed viscose top,"Fitted top in a viscose weave with lace trims at the top, down the sides and at the hem. Features a straight neckline, narrow, adjustable shoulder straps and pintucks down the front.",Dark brown,Woven,"[{'name': 'Viscose', 'percentage': '100.00'}]","{'value': 32.99, 'currency': 'GBP'}","['L', 'M', 'S', 'XS']",Women,https://image.hm.com/assets/hm/b2/b7/b2b753c160060a9f24f2211a8c90fcbe510a63b8.jpg,160.0
Collared bomber jacket,"Bomber jacket in woven fabric with a collar, zip down the front, wind flap with concealed press-studs and welt side pockets. Yoke at the front and back, and an inverted box pleat at the back for added volume, and narrow elastication at the hem. Lined.",Light grey/Pinstriped,Woven,"[{'name': 'Polyester', 'percentage': '100.00'}]","{'value': 39.99, 'currency': 'GBP'}","['XL', 'L', 'M', 'S', 'XS', 'XXS']",Women,https://image.hm.com/assets/hm/1f/64/1f6483a100715bd614474dbd8960af017d5d2547.jpg,193.95
Oversized mohair-blend jumper,"Oversized jumper in a soft knit containing mohair and wool. Dropped shoulders, long sleeves and ribbing around the neckline and at the cuffs and hem.",Bright orange,Knitted,"[{'name': 'Mohair', 'percentage': '32.00'}, {'name': 'Wool', 'percentage': '32.00'}, {'name': 'Elastane', 'percentage': '3.00'}, {'name': 'Polyamide', 'percentage': '33.00'}]","{'value': 64.99, 'currency': 'GBP'}","['L', 'S', 'M', 'XS']",Women,https://image.hm.com/assets/hm/66/32/663264a07b7e03f7033b1939a5b324b596ef2986.jpg,315.2
Wide Regular Side-striped jeans,"5-pocket jeans in rigid denim that feels firm at first but then softens and loosens with wear. Wide leg with a regular fit from the waist to the hip and a wide cut from the thigh to the hem. Regular waist with a zip fly and button. Contrast-colour side stripes. Regular length, designed to hit the top of the foot with little or no stacking. Effortlessly flattering no matter how you style them.",Denim blue/Dark blue,Woven,"[{'name': 'Cotton', 'percentage': '100.00'}]","{'value': 29.99, 'currency': 'GBP'}","['20', '18', '16', '6', '4', '22', '14', '12', '10', '8']",Women,https://image.hm.com/assets/hm/aa/03/aa03b02f68ff2b1f9062c7e45fa59cd7a4f308c5.jpg,145.45
Coated bomber jacket,"Oversized jacket in coated fabric with a round neckline and press-studs down the front. Dropped shoulders, long sleeves and welt front pockets. Cuffs and hem in ribbed jersey. Lined.",Black,Woven,"[{'name': 'Polyester', 'percentage': '100.00'}]","{'value': 39.99, 'currency': 'GBP'}","['XXS', 'XS', 'S', 'M', 'L', 'XL']",Women,https://image.hm.com/assets/hm/1c/7f/1c7f534354754aeb476449f26f725f47e571519c.jpg,193.95
Asymmetric cape top,"Oversized top in interlock jersey with a boat neckline, a cape sleeve on one side and an asymmetric hem.",Dark brown,Knitted,"[{'name': 'Elastane', 'percentage': '7.00'}, {'name': 'Polyester', 'percentage': '93.00'}]","{'value': 17.99, 'currency': 'GBP'}","['M', 'L', 'XS', 'S']",Women,https://image.hm.com/assets/hm/04/bc/04bc126b250c6421e9d7dad379278ce52714b5d4.jpg,87.25
Wool jersey top,"Fitted, long-sleeved top in sheer wool jersey with a collar and a deep V-neckline.",Grey marl,Knitted,"[{'name': 'Wool', 'percentage': '100.00'}]","{'value': 44.99, 'currency': 'GBP'}","['M', 'L', 'XL', 'XS', 'S']",Women,https://image.hm.com/assets/hm/68/3f/683f97595ee32849de0e141b2f871569076396c4.jpg,218.2
Wool-blend jumper,"Jumper in a soft knit made from a wool blend. Loose fit with a rib-trimmed V-neckline, dropped shoulders and long sleeves. Ribbing at the cuffs and hem.",Cream,Knitted,"[{'name': 'Wool', 'percentage': '97.00'}, {'name': 'Elastane', 'percentage': '1.00'}, {'name': 'Polyamide', 'percentage': '2.00'}]","{'value': 89.99, 'currency': 'GBP'}","['XS', 'L', 'M', 'S']",Women,https://image.hm.com/assets/hm/e2/38/e2384a76f8d9ac8bc6eb8082addc6f6248598f38.jpg,436.45
Tailored peplum top,"Sleeveless top in woven fabric with a boat neckline and a concealed zip at the back. Shaping seams down the front and back, and pleats at the waist creating a flared peplum. Partly lined.",Dark grey,Woven,"[{'name': 'Elastane', 'percentage': '4.00'}, {'name': 'Viscose', 'percentage': '34.00'}, {'name': 'Polyester', 'percentage': '62.00'}]","{'value': 14.99, 'currency': 'GBP'}","['XL', 'L', 'M', 'S', 'XS', 'XXS']",Women,https://image.hm.com/assets/hm/26/b9/26b9a8660c7f2df09b3ac91e1636bf979d8cc929.jpg,72.7
Loose-fit shirt,"Loose-fit shirt in heavy jersey with a soft, napped finish. Collar, buttons down the front and long sleeves with buttoned cuffs. Gently rounded hem.",Beige,Knitted,"[{'name': 'Elastane', 'percentage': '12.00'}, {'name': 'Polyester', 'percentage': '88.00'}]","{'value': 37.99, 'currency': 'GBP'}","['XS', 'S', 'M', 'L', 'XL']",Women,https://image.hm.com/assets/hm/b8/cb/b8cb12bb6a65cd934355660bc70000558a48d1c4.jpg,184.25
Oversized denim jacket,"Oversized jacket in cotton denim with contrasting-colour piping. Funnel collar and a zip down the front. Dropped shoulders, welt side pockets and covered elastication at the cuffs and hem.",Dark denim blue,Woven,"[{'name': 'Cotton', 'percentage': '100.00'}]","{'value': 34.99, 'currency': 'GBP'}","['S', 'M', 'XXS', 'XS', 'XXL', 'L', 'XL']",Women,https://image.hm.com/assets/hm/db/3c/db3c83d05120f7f623261b2472669111c6f459e9.jpg,169.7
Frill-trimmed blouse,"Blouse in a viscose weave detailed with broderie anglaise. Features a frill collar and a V-shaped opening with narrow ties at the front. Long balloon sleeves, and frill trims at the cuffs and hem.",Light yellow,Woven,"[{'name': 'Viscose', 'percentage': '100.00'}]","{'value': 17.99, 'currency': 'GBP'}","['XS', 'XXS', 'M', 'S', 'XL', 'L']",Women,https://image.hm.com/assets/hm/64/9c/649c746ed9e57c957a9e36c6a89553ec15978222.jpg,87.25
Satin twill skirt,"Fitted, calf-length skirt in softly draping satin twill featuring a high waist with a concealed zip and hook-and-eye fastener at one side. Curved seam below the hips that creates a flare and soft, drapey folds to the hem. Curved hem. Unlined.",Dark mauve,Woven,"[{'name': 'Viscose', 'percentage': '38.00'}, {'name': 'Linen', 'percentage': '4.00'}, {'name': 'Polyester', 'percentage': '58.00'}]","{'value': 37.99, 'currency': 'GBP'}","['20', '18', '16', '14', '12', '10', '8', '6', '4', '22']",Women,https://image.hm.com/assets/hm/ec/2a/ec2a02e018d7c8a0cee5e805c44cc15287575e1f.jpg,184.25
Asymmetric viscose satin skirt,"Calf-length, fitted skirt in soft viscose satin featuring a high waist with a concealed zip and hook-and-eye fastening at one side, and an asymmetric, lace-trimmed hem.",Dark brown,Woven,"[{'name': 'Viscose', 'percentage': '100.00'}]","{'value': 44.99, 'currency': 'GBP'}","['8', '10', '12', '14', '6']",Women,https://image.hm.com/assets/hm/b1/43/b143733ab226792025851050bb3216b44192768b.jpg,218.2
Alpaca-blend polo shirt,"Polo shirt in a soft knit containing alpaca and wool. Collar, button placket and short sleeves. Ribbing at the cuffs and hem.",Light beige,Knitted,"[{'name': 'Wool', 'percentage': '35.00'}, {'name': 'Elastane', 'percentage': '3.00'}, {'name': 'Polyamide', 'percentage': '27.00'}, {'name': 'Alpaca', 'percentage': '35.00'}]","{'value': 44.99, 'currency': 'GBP'}","['XS', 'L', 'S', 'M']",Women,https://image.hm.com/assets/hm/64/87/6487aa5dc10a91447c5d5742005d35631b3fdce9.jpg,218.2
Single-breasted blazer,"Single-breasted blazer in woven fabric with notch lapels, shoulder pads, a button at the front and jetted front pockets with a flap. Lined.",Dark red,Woven,"[{'name': 'Polyamide', 'percentage': '10.00'}, {'name': 'Viscose', 'percentage': '75.00'}, {'name': 'Polyester', 'percentage': '15.00'}]","{'value': 44.99, 'currency': 'GBP'}","['XS', 'S', 'XXS', 'XL', 'XXL', 'M', 'L']",Women,https://image.hm.com/assets/hm/14/d5/14d5c48989c3731aabf8df0aa97c839d5ea78b4a.jpg,218.2
Wide tailored trousers,"Loose-fit trousers in woven fabric featuring a high waist with a zip fly and concealed hook-and-bar fasteners. Side pockets, fake welt pockets at the back and wide legs with pleats at the front, creases down the front and back and accent-colour side stripes.",White,Woven,"[{'name': 'Elastane', 'percentage': '4.00'}, {'name': 'Viscose', 'percentage': '20.00'}, {'name': 'Polyester', 'percentage': '76.00'}]","{'value': 32.99, 'currency': 'GBP'}","['16', '14', '20', '18', '22', '4', '8', '6', '12', '10']",Women,https://image.hm.com/assets/hm/5d/e5/5de5d184ac2b939f6f411b9505c2688de4c3b589.jpg,160.0
Handmade wool-blend coat,"Calf-length, handmade coat in a felted wool blend. Notch lapels, a concealed press-stud at the front and discreet side pockets. High single back vent. Unlined.",Grey,Woven,"[{'name': 'Wool', 'percentage': '50.00'}, {'name': 'Polyester', 'percentage': '50.00'}]","{'value': 169.99, 'currency': 'GBP'}","['L', 'M', 'S', 'XS']",Women,https://image.hm.com/assets/hm/3c/5a/3c5af19888aee8b127d2cd73f612b3d4964e8c7a.jpg,824.45
Oversized zip-through cardigan,"Oversized cardigan in a soft, fine knit with a collar, zip down the front and pleats at the hem. Dropped shoulders and long sleeves with ribbing at the cuffs.",Dark beige,Knitted,"[{'name': 'Wool', 'percentage': '5.00'}, {'name': 'Polyamide', 'percentage': '14.00'}, {'name': 'Acrylic', 'percentage': '31.00'}, {'name': 'Polyester', 'percentage': '50.00'}]","{'value': 42.99, 'currency': 'GBP'}","['M', 'S', 'XS', 'XXS', 'XXL', 'XL', 'L']",Women,https://image.hm.com/assets/hm/2b/e2/2be28d3ee49714be7b63e752df1cd853ff66902e.jpg,208.5
THERMOLITE® Quilted jacket,"Lightly padded jacket in a quilted cotton weave with a collar in coated fabric. Concealed zip down the front, welt side pockets, gently dropped shoulders and ribbing at the cuffs. Lined. Made with insulating THERMOLITE® fibre – an engineered hollow fibre that traps air and provides lightweight warmth.",Light beige,Woven,"[{'name': 'Polyester', 'percentage': '100.00'}]","{'value': 54.99, 'currency': 'GBP'}","['XXL', 'XL', 'L', 'M', 'S', 'XS']",Women,https://image.hm.com/assets/hm/37/2c/372c66035080a925e282b34c90e2b82f142c3f46.jpg,266.7
Regular Fit T-shirt,"T-shirt in lightweight cotton jersey with a round, rib-trimmed neckline and a straight-cut hem. Regular fit for comfortable wear and a classic silhouette.",Dark grey,Knitted,"[{'name': 'Elastane', 'percentage': '5.00'}, {'name': 'Cotton', 'percentage': '95.00'}]","{'value': 5.99, 'currency': 'GBP'}","['XL', 'XXL', 'XS', 'S', 'M', 'L']",Men,https://image.hm.com/assets/hm/09/a1/09a1a9509f3add50890329ccb3c3cefe26e885af.jpg,29.05
2-pack Regular Fit sweatshorts,"Shorts in lightweight sweatshirt fabric made from a cotton blend with a soft brushed inside. Covered elastication and a drawstring at the waist, welt side pockets and a welt back pocket. Regular fit for comfortable wear and a classic silhouette.",Black/Light grey marl,Jersey,"[{'name': 'Cotton', 'percentage': '75.00'}, {'name': 'Viscose', 'percentage': '3.00'}, {'name': 'Polyester', 'percentage': '22.00'}]","{'value': 27.99, 'currency': 'GBP'}","['XS', 'XXL', 'M', 'S', 'XL', 'L']",Men,https://image.hm.com/assets/hm/2a/c4/2ac459a804107d2cbbf6e1824ac585b5fe616fb1.jpg,135.75
Loose  Fit Zip-through hoodie,"Zip-through hoodie in midweight sweatshirt fabric with a soft brushed inside. Hood with a drawstring, zip down the front and front pockets. Dropped shoulders, long sleeves and ribbing at the cuffs and hem. Loose fit for a generous but not oversized silhouette.",Dark blue,Knitted,"[{'name': 'Cotton', 'percentage': '60.00'}, {'name': 'Polyester', 'percentage': '40.00'}]","{'value': 22.99, 'currency': 'GBP'}","['XS', 'S', 'M', 'L', 'XL', 'XXL']",Men,https://image.hm.com/assets/hm/c9/80/c98013ef3643eaf1363c9c4b13b18f514be051f4.jpg,111.5
Regular Fit T-shirt,"T-shirt in lightweight cotton jersey with a round, rib-trimmed neckline and a straight-cut hem. Regular fit for comfortable wear and a classic silhouette.",Dark teal,Knitted,"[{'name': 'Cotton', 'percentage': '100.00'}]","{'value': 5.99, 'currency': 'GBP'}","['L', 'M', 'S', 'XS', 'XXL', 'XL']",Men,https://image.hm.com/assets/hm/c4/86/c486558e8fac0143fa799e45521c7d938b99f7d0.jpg,29.05
Regular Jeans,"5-pocket jeans in cotton denim with a slight stretch for good comfort. Straight leg and a regular fit from the waist to the hem with a comfortable, looser feel around the whole leg. Regular waist and a zip fly.",Denim grey,Woven,"[{'name': 'Elastane', 'percentage': '1.00'}, {'name': 'Cotton', 'percentage': '99.00'}]","{'value': 24.99, 'currency': 'GBP'}","['32/34', '36/32', '30/30', '36/34', '34/34', '40/32', '29/32', '32/30', '28/32', '34/30', '31/32', '34/32', '31/34', '33/34', '38/32', '28/30', '30/32', '33/32', '30/34', '32/32']",Men,https://image.hm.com/assets/hm/c2/9e/c29ef582c0f44fff21128eb7fd08ebf42b8fe672.jpg,121.2
Simon Scuba Zip Hoodie,"A regular fit zip hoodie made from a chunky scuba fabric with a recycled polyester and viscose blend, enhanced with a touch of recycled elastane. It has slightly dropped shoulders, ribbed cuffs and hemline, and a sturdy two-way front zipper.
",Black,Knitted,"[{'name': 'Elastane', 'percentage': '5.00'}, {'name': 'Polyester', 'percentage': '69.00'}, {'name': 'Viscose', 'percentage': '26.00'}]","{'value': 49.99, 'currency': 'GBP'}","['XL', 'S', 'XS', 'L', 'M']",Men,https://media.weekday.com/assets/003/b8/17/b8170d0c889dcf96e9ca42156ed46a0036a12c8e.jpg,242.45
10-pack mid trunks with Lycra®,"Trunks in stretch jersey with flatlock seams for added comfort. Elasticated waist, a lined front and mid-length legs. Made using Lycra® Xtra Life™ technology for high comfort and long-lasting shape.",Black,Knitted,"[{'name': 'Elastane', 'percentage': '5.00'}, {'name': 'Cotton', 'percentage': '95.00'}]","{'value': 44.99, 'currency': 'GBP'}","['XL', 'XXL', 'XS', 'S', 'M', 'L']",Men,https://image.hm.com/assets/hm/63/a3/63a3b118a87fdc00250dee3d29d46a7fffb9d181.jpg,218.2
Loose Fit T-shirt,"T-shirt in midweight cotton jersey with a round, rib-trimmed neckline, dropped shoulders and a straight-cut hem. Loose fit for a generous but not oversized silhouette.",Black,Knitted,"[{'name': 'Cotton', 'percentage': '100.00'}]","{'value': 9.99, 'currency': 'GBP'}","['L', 'XL', 'XXL', 'XS', 'S', 'M']",Men,https://image.hm.com/assets/hm/93/7a/937ab56cab9db7fa63f1352741bde0e245ede20b.jpg,48.45
Loose Fit Sweatshirt,"Top in midweight sweatshirt fabric made from a cotton blend with a soft brushed inside. Round, rib-trimmed neckline, dropped shoulders, long sleeves and wide ribbing at the cuffs and hem. Loose fit for a generous but not oversized silhouette.",Grey marl,Knitted,"[{'name': 'Cotton', 'percentage': '75.00'}, {'name': 'Viscose', 'percentage': '3.00'}, {'name': 'Polyester', 'percentage': '22.00'}]","{'value': 19.99, 'currency': 'GBP'}","['XXL', 'XL', 'L', 'M', 'S', 'XS']",Men,https://image.hm.com/assets/hm/b4/9f/b49fbdb10a56d628b4a0014226c9c8919116a7eb.jpg,96.95
Loose Fit Sweatshirt,"Top in midweight sweatshirt fabric made from a cotton blend with a soft brushed inside. Round, rib-trimmed neckline, dropped shoulders, long sleeves and wide ribbing at the cuffs and hem. Loose fit for a generous but not oversized silhouette.",Green,Knitted,"[{'name': 'Cotton', 'percentage': '60.00'}, {'name': 'Polyester', 'percentage': '40.00'}]","{'value': 19.99, 'currency': 'GBP'}","['XXL', 'XL', 'L', 'M', 'S', 'XS']",Men,https://image.hm.com/assets/hm/ab/3c/ab3caaa43b57d9b4c7f639050e49ee328e3642e7.jpg,96.95
Loose Fit Sweatshirt,"Top in midweight sweatshirt fabric made from a cotton blend with a soft brushed inside. Round, rib-trimmed neckline, dropped shoulders, long sleeves and wide ribbing at the cuffs and hem. Loose fit for a generous but not oversized silhouette.",Dark blue,Knitted,"[{'name': 'Cotton', 'percentage': '60.00'}, {'name': 'Polyester', 'percentage': '40.00'}]","{'value': 19.99, 'currency': 'GBP'}","['L', 'M', 'XXL', 'XL', 'S', 'XS']",Men,https://image.hm.com/assets/hm/ff/25/ff25f3570669a1d660ebf05b4e4910ae4880801f.jpg,96.95
Loose Fit Hoodie,"Hoodie in midweight sweatshirt fabric made from a cotton blend with a soft brushed inside. Jersey-lined, drawstring hood, dropped shoulders, long sleeves, a kangaroo pocket and wide ribbing at the cuffs and hem. Loose fit for a generous but not oversized silhouette.",Dark teal,Knitted,"[{'name': 'Cotton', 'percentage': '60.00'}, {'name': 'Polyester', 'percentage': '40.00'}]","{'value': 19.99, 'currency': 'GBP'}","['M', 'L', 'XL', 'XXL', 'XS', 'S']",Men,https://image.hm.com/assets/hm/24/cc/24cc9f0fc86f82cdd0e8a725a3784f3dda00c6b0.jpg,96.95
Regular Fit Jersey top,"Top in lightweight cotton jersey with a round, rib-trimmed neckline, long sleeves and a straight-cut hem. Regular fit for comfortable wear and a classic silhouette.",Navy blue,Knitted,"[{'name': 'Cotton', 'percentage': '100.00'}]","{'value': 9.99, 'currency': 'GBP'}","['XS', 'S', 'M', 'L', 'XL', 'XXL']",Men,https://image.hm.com/assets/hm/fd/49/fd4905746e270822bc2d313a7b158baaef14a114.jpg,48.45
Loose Fit Sweatshirt,"Top in midweight sweatshirt fabric made from a cotton blend with a soft brushed inside. Round, rib-trimmed neckline, dropped shoulders, long sleeves and wide ribbing at the cuffs and hem. Loose fit for a generous but not oversized silhouette.",Dusty blue,Knitted,"[{'name': 'Cotton', 'percentage': '60.00'}, {'name': 'Polyester', 'percentage': '40.00'}]","{'value': 19.99, 'currency': 'GBP'}","['L', 'M', 'XXL', 'XL', 'S', 'XS']",Men,https://image.hm.com/assets/hm/50/dd/50ddeaed929dc0259411b921c1da9b0c4365741e.jpg,96.95
Loose Fit Sweatpants,"Sweatpants in heavyweight sweatshirt fabric made from a cotton blend, with a soft brushed inside. Designed with covered elastication and a drawstring at the waist, and side pockets. Loose fit for a generous but not oversized silhouette.",Grey,Knitted,"[{'name': 'Cotton', 'percentage': '60.00'}, {'name': 'Polyester', 'percentage': '40.00'}]","{'value': 22.99, 'currency': 'GBP'}","['XL', 'XXL', 'M', 'L', 'XS', 'S']",Men,https://image.hm.com/assets/hm/2a/e8/2ae89040bb45c60fea624ba82ce8931766e43ded.jpg,111.5
Relaxed Fit Scuba Joggers,"Joggers in scuba fabric featuring an elasticated, drawstring waist, a fake fly, diagonal side pockets and a patch back pocket. Relaxed fit for a casual but not oversized silhouette.",Black,Knitted,"[{'name': 'Elastane', 'percentage': '8.00'}, {'name': 'Viscose', 'percentage': '24.00'}, {'name': 'Polyester', 'percentage': '68.00'}]","{'value': 37.99, 'currency': 'GBP'}","['XS', 'S', 'M', 'L', 'XL', 'XXL']",Men,https://image.hm.com/assets/hm/b6/4e/b64e00269468fbdc8e765ad95461256dd66a7322.jpg,184.25
Slim Fit Cotton chinos,"Chinos in stretch cotton twill with a zip fly and button, diagonal side pockets and welt back pockets with a button. Slim fit that hugs the contours of your body, creating a fitted silhouette.",Dark beige,Woven,"[{'name': 'Elastane', 'percentage': '2.00'}, {'name': 'Cotton', 'percentage': '98.00'}]","{'value': 19.99, 'currency': 'GBP'}","['38', '36', '34', '33', '32', '31', '30', '29', '28']",Men,https://image.hm.com/assets/hm/dd/0d/dd0d2e21bf8551277e882187715debddb2e2b097.jpg,96.95
Slim Fit Cotton chinos,"Chinos in stretch cotton twill with a zip fly and button, diagonal side pockets and welt back pockets with a button. Slim fit that hugs the contours of your body, creating a fitted silhouette.",Black,Woven,"[{'name': 'Elastane', 'percentage': '2.00'}, {'name': 'Cotton', 'percentage': '98.00'}]","{'value': 19.99, 'currency': 'GBP'}","['36', '38', '34', '32', '33', '30', '31', '28', '29']",Men,https://image.hm.com/assets/hm/39/cc/39cc5767fd4fea51bdf5a46507336e8bf9ebbf49.jpg,96.95
Regular Fit Zip-top jumper,"Jumper in a soft cotton knit with a stand-up collar, zip at the top, long sleeves and a straight hem. Regular fit for comfortable wear and a classic silhouette.",Brown,Knitted,"[{'name': 'Cotton', 'percentage': '100.00'}]","{'value': 27.99, 'currency': 'GBP'}","['XS', 'XXL', 'S', 'M', 'L', 'XL']",Men,https://image.hm.com/assets/hm/24/dc/24dcab4fe1c5910ac719d2ae938325e5d964df14.jpg,135.75
Loose Fit T-shirt,"T-shirt in midweight cotton jersey with a round, rib-trimmed neckline, dropped shoulders and a straight-cut hem. Loose fit for a generous but not oversized silhouette.",Dark grey,Knitted,"[{'name': 'Cotton', 'percentage': '100.00'}]","{'value': 9.99, 'currency': 'GBP'}","['XXL', 'M', 'S', 'XL', 'L', 'XS']",Men,https://image.hm.com/assets/hm/7c/64/7c645af4dc06fa4034aa73e0d30c4983b1f7ca2b.jpg,48.45
Slim Fit Waffled jersey top,"Top in waffled, midweight jersey made from a cotton blend with a round neckline, long sleeves, a straight-cut hem and ribbing around the neckline and cuffs. Slim fit that hugs the contours of your body, creating a fitted silhouette.",Black,Jersey,"[{'name': 'Elastane', 'percentage': '1.00'}, {'name': 'Cotton', 'percentage': '91.00'}, {'name': 'Polyester', 'percentage': '8.00'}]","{'value': 15.99, 'currency': 'GBP'}","['XS', 'S', 'M', 'L', 'XL', 'XXL']",Men,https://image.hm.com/assets/hm/26/4d/264d2630fc33392d49f14deee5ce529550e8f110.jpg,77.55
Slim Fit Waffled jersey top,"Top in waffled, midweight jersey made from a cotton blend with a round neckline, long sleeves, a straight-cut hem and ribbing around the neckline and cuffs. Slim fit that hugs the contours of your body, creating a fitted silhouette.",White,Jersey,"[{'name': 'Elastane', 'percentage': '1.00'}, {'name': 'Cotton', 'percentage': '91.00'}, {'name': 'Polyamide', 'percentage': '8.00'}]","{'value': 15.99, 'currency': 'GBP'}","['S', 'XS', 'L', 'M', 'XXL', 'XL']",Men,https://image.hm.com/assets/hm/d7/ca/d7cac82792906e130f29fd4d72bd1ed95545ea50.jpg,77.55
2-piece Loose Fit hoodie and joggers set,"Set with a hoodie and a pair of joggers in midweight sweatshirt fabric made from a cotton blend with a soft brushed inside. Loose fit for a generous but not oversized silhouette. Hoodie with a lined, drawstring hood, a kangaroo pocket, dropped shoulders, long sleeves and wide ribbing at the cuffs and hem. Joggers with elasticated smocking and a drawstring at the waist, pockets in the side seams, an open back pocket and covered elastication at the hems.",Black,Knitted,"[{'name': 'Cotton', 'percentage': '57.00'}, {'name': 'Polyester', 'percentage': '43.00'}]","{'value': 37.99, 'currency': 'GBP'}","['M', 'L', 'XL', 'XXL', 'XS', 'S']",Men,https://image.hm.com/assets/hm/dd/e3/dde33d8feb2659636c1c69773cdbef8cf62fba66.jpg,184.25
Slim Jeans,5-pocket jeans in cotton denim with a slight stretch for good comfort. Straight leg and a slim fit from the waist through the thigh to the hem. Regular waist and a zip fly. Easily styled for sleek or sporty.,Light denim blue,Woven,"[{'name': 'Elastane', 'percentage': '1.00'}, {'name': 'Cotton', 'percentage': '99.00'}]","{'value': 34.99, 'currency': 'GBP'}","['36/30', '36/32', '30/30', '36/34', '30/32', '30/34', '38/32', '31/30', '38/34', '31/32', '31/34', '32/30', '32/32', '32/34', '42/32', '33/30', '33/32', '33/34', '28/30', '28/32', '34/30', '34/32', '29/30', '34/34', '29/32']",Men,https://image.hm.com/assets/hm/f6/dd/f6dd2cea84c919f46e49852d7eb4d14642703c24.jpg,169.7
Slim Fit Cargo trousers,"Trousers in a cotton weave with covered elastication and a drawstring at the waist, a fake fly, diagonal side pockets and flap back and leg pockets with concealed press-studs. Tapered legs with seams and darts at the knees. Slim fit that hugs the contours of your body, creating a fitted silhouette.",Khaki green,Woven,"[{'name': 'Cotton', 'percentage': '100.00'}]","{'value': 27.99, 'currency': 'GBP'}","['XS', 'S', 'M', 'L', 'XL', 'XXL']",Men,https://image.hm.com/assets/hm/58/fa/58fab7faaf4e3e4fb58270fc33f1fdc8d76b98b9.jpg,135.75
Slim Fit Jacquard-knit polo shirt,"Polo shirt in a jacquard-knit cotton blend with a collar, button placket and short sleeves. Slim fit that hugs the contours of your body, creating a fitted silhouette.",Dark purple,Knitted,"[{'name': 'Cotton', 'percentage': '52.00'}, {'name': 'Polyester', 'percentage': '48.00'}]","{'value': 19.99, 'currency': 'GBP'}","['XL', 'L', 'XXL', 'XS', 'M', 'S']",Men,https://image.hm.com/assets/hm/e7/a3/e7a31dcb7887168a7abcca00840b02bc318a3fc6.jpg,96.95
Loose Fit Printed T-shirt,"T-shirt in midweight cotton jersey with a print motif, round, rib-trimmed neckline, dropped shoulders and a straight-cut hem. Loose fit for a generous but not oversized silhouette.",Turquoise/Emotional currents,Knitted,"[{'name': 'Cotton', 'percentage': '100.00'}]","{'value': 9.99, 'currency': 'GBP'}","['L', 'XL', 'S', 'M']",Men,https://image.hm.com/assets/hm/9b/53/9b5359fadce0f844cb964c1799d9cd3b4c9d9b2f.jpg,48.45
Loose Jeans,5-pocket jeans in rigid cotton denim with a rounded leg and a loose fit from the seat to the hem with a dropped crotch and extra room around the whole leg. Regular waist and a zip fly. All you need to conquer the full denim look.,Light denim blue,Woven,"[{'name': 'Cotton', 'percentage': '100.00'}]","{'value': 34.99, 'currency': 'GBP'}","['31/32', '28/32', '34/30', '31/30', '28/30', '38/32', '33/34', '30/34', '33/32', '32/32', '32/30', '29/32', '40/32', '29/30', '34/34', '31/34', '34/32', '30/32', '33/30', '30/30', '42/32', '36/32', '32/34', '36/30']",Men,https://image.hm.com/assets/hm/33/48/33481552e09dee128a37758990a77335f9c707a1.jpg,169.7
Regular Jeans,"5-pocket jeans in cotton denim with a slight stretch for good comfort. Straight leg and a regular fit from the waist to the hem with a comfortable, looser feel around the whole leg. Regular waist and a zip fly.",Light denim grey,Woven,"[{'name': 'Elastane', 'percentage': '1.00'}, {'name': 'Cotton', 'percentage': '99.00'}]","{'value': 34.99, 'currency': 'GBP'}","['36/32', '32/34', '30/30', '36/34', '30/32', '30/34', '33/32', '40/32', '34/34', '32/30', '29/32', '32/32', '38/32', '33/34', '28/30', '31/32', '28/32', '34/30', '31/34', '34/32']",Men,https://image.hm.com/assets/hm/f0/48/f0484edbcb4de907c0cf40a85a475648931a6b1b.jpg,169.7
Slim Fit Easy-iron shirt,"Shirt in woven fabric with an easy-iron finish. Turn-down collar, a classic front and a yoke at the back. Long sleeves with adjustable buttoning at the cuffs and a sleeve placket with a link button. Gently rounded hem. Slim fit that hugs the contours of your body, creating a fitted silhouette.",Black,Woven,"[{'name': 'Cotton', 'percentage': '35.00'}, {'name': 'Polyester', 'percentage': '65.00'}]","{'value': 19.99, 'currency': 'GBP'}","['XS', 'M', 'S', 'XL', 'L', 'XXL']",Men,https://image.hm.com/assets/hm/5d/2c/5d2c50bc2d2aead9bad7aa3b125b43097060210e.jpg,96.95
Simon Scuba Zip Hoodie,"A regular fit zip hoodie made from a chunky scuba fabric with a recycled polyester and viscose blend, enhanced with a touch of recycled elastane. It has slightly dropped shoulders, ribbed cuffs and hemline, and a sturdy two-way front zipper.
",Grey Melange,Knitted,"[{'name': 'Elastane', 'percentage': '5.00'}, {'name': 'Polyester', 'percentage': '69.00'}, {'name': 'Viscose', 'percentage': '26.00'}]","{'value': 49.99, 'currency': 'GBP'}","['XS', 'M', 'S', 'XL', 'L']",Men,https://media.weekday.com/assets/003/9e/96/9e96d647d21862186f9737877743a839754c6e0b.jpg,242.45
5-pack Regular Fit T-shirts,"T-shirts in lightweight cotton jersey with a round, rib-trimmed neckline and a straight-cut hem. Regular fit for comfortable wear and a classic silhouette.",White,Knitted,"[{'name': 'Elastane', 'percentage': '5.00'}, {'name': 'Cotton', 'percentage': '95.00'}]","{'value': 29.99, 'currency': 'GBP'}","['XXL', 'XL', 'L', 'M', 'S', 'XS']",Men,https://image.hm.com/assets/hm/0e/92/0e92cb783c64f1e00ba79458491fc75e7e620faa.jpg,145.45
Loose Fit Zip-top sweatshirt,"Top in heavyweight sweatshirt fabric made from a cotton blend with a soft brushed inside. Stand-up collar, zip at the top, yoke at the back, dropped shoulders, long sleeves and ribbing at the cuffs and hem. Loose fit for a generous but not oversized silhouette.",White,Knitted,"[{'name': 'Elastane', 'percentage': '5.00'}, {'name': 'Cotton', 'percentage': '95.00'}]","{'value': 27.99, 'currency': 'GBP'}","['S', 'XS', 'XXL', 'XL', 'L', 'M']",Men,https://image.hm.com/assets/hm/92/f5/92f59f36e45c75cfa0c26a894924fe7fb37bd88d.jpg,135.75
Regular Fit Tailored joggers,"Joggers in a midweight jersey made from a cotton blend with sewn-in creases down the front. Elasticated, drawstring waist, a fake fly, side pockets and a welt back pocket. Regular fit for comfortable wear and a classic silhouette.",Black,Knitted,"[{'name': 'Cotton', 'percentage': '60.00'}, {'name': 'Polyester', 'percentage': '40.00'}]","{'value': 32.99, 'currency': 'GBP'}","['M', 'L', 'XS', 'S', 'XL', 'XXL']",Men,https://image.hm.com/assets/hm/65/71/6571f7bb3c5d8dd3159efba9e6127eba884542a7.jpg,160.0
Loose Fit Scuba Track jacket,"Track jacket in a soft scuba fabric with a stand collar and a concealed two-way zip down the front. Dropped shoulders, welt side pockets and wide trims at the cuffs and hem. Loose fit for a generous but not oversized silhouette.",Black,Knitted,"[{'name': 'Elastane', 'percentage': '8.00'}, {'name': 'Viscose', 'percentage': '24.00'}, {'name': 'Polyester', 'percentage': '68.00'}]","{'value': 37.99, 'currency': 'GBP'}","['XXL', 'M', 'S', 'XL', 'L', 'XS']",Men,https://image.hm.com/assets/hm/f4/ba/f4badc102531840992bcabebb92686a7562c2cc2.jpg,184.25
Regular Fit Zip-top jumper,"Jumper in a soft cotton knit with a stand-up collar, zip at the top, long sleeves and a straight hem. Regular fit for comfortable wear and a classic silhouette.",Black,Knitted,"[{'name': 'Cotton', 'percentage': '100.00'}]","{'value': 27.99, 'currency': 'GBP'}","['XL', 'XXL', 'XS', 'S', 'M', 'L']",Men,https://image.hm.com/assets/hm/d8/5f/d85f0bd72d3f982215ea1299e33591827768a1cd.jpg,135.75
Short collared jacket,"Short, loose-fit jacket with a textured, napped finish. Collar, wind flap with concealed press-studs and a zip down the front. Welt side pockets, raglan sleeves and covered elastication at the hem. Unlined.",Dark brown,Knitted,"[{'name': 'Modacrylic', 'percentage': '50.00'}, {'name': 'Polyester', 'percentage': '50.00'}]","{'value': 54.99, 'currency': 'GBP'}","['S', 'XS', 'XL', 'L', 'M']",Women,https://image.hm.com/assets/hm/79/7f/797ffa6b91a0c898ec910cb323b37f7753683975.jpg,266.7
Peplum waistcoat,Waistcoat in woven fabric with a V-neck and buttons down the front. Shaping seams at the waist and a flared peplum for a nipped-in silhouette. Lined.,Dark denim blue,Woven,"[{'name': 'Cotton', 'percentage': '100.00'}]","{'value': 27.99, 'currency': 'GBP'}","['12', '14', '16', '18', '4', '6', '8', '10', '22', '20']",Women,https://image.hm.com/assets/hm/e5/78/e578a28761d3653f4487f582063dec78adafb06d.jpg,135.75
Lace-trimmed satin skirt,"Calf-length, fitted skirt in softly draping satin featuring a high waist with concealed elastication and a wide, scalloped lace trim at the hem. Unlined.",Burgundy,Woven,"[{'name': 'Polyester', 'percentage': '100.00'}]","{'value': 37.99, 'currency': 'GBP'}","['L', 'XL', 'S', 'M', 'XS']",Women,https://image.hm.com/assets/hm/36/02/3602a2fcadfde26494a8f40c3ca14c216be5c3b1.jpg,184.25
Scalloped-edge jacket,"Jacket in woven fabric with a round neckline and open front, both with scalloped edges. Lined.",Dark brown,Woven,"[{'name': 'Polyester', 'percentage': '100.00'}]","{'value': 37.99, 'currency': 'GBP'}","['22', '8', '6', '4', '16', '14', '12', '10', '20', '18']",Women,https://image.hm.com/assets/hm/29/65/2965d7ca53f2d6352639263e704b1690a9c46b4d.jpg,184.25
Oversized sweatshirt,"Oversized top in sweatshirt fabric with a soft brushed inside. Round, rib-trimmed neckline, dropped shoulders and long sleeves. Ribbing at the cuffs and hem.",Dark greige,Knitted,"[{'name': 'Cotton', 'percentage': '60.00'}, {'name': 'Polyester', 'percentage': '40.00'}]","{'value': 14.99, 'currency': 'GBP'}","['L', 'M', 'XXL', 'XL', 'XXS', 'S', 'XS']",Women,https://image.hm.com/assets/hm/b3/79/b379c70774c955d8dc18971761affadad2a82305.jpg,72.7
Long-sleeved microfibre top,Fitted top in soft jersey with a round neckline and long sleeves. Narrow trim around the neckline.,White,Knitted,"[{'name': 'Elastane', 'percentage': '5.00'}, {'name': 'Polyamide', 'percentage': '95.00'}]","{'value': 12.99, 'currency': 'GBP'}","['S', 'XS', 'XXS', 'XXL', 'XL', 'L', 'M']",Women,https://image.hm.com/assets/hm/c0/ec/c0ec27425af4d325121de01a1956d4be541cbf93.jpg,63.0
Long-sleeved microfibre top,Fitted top in soft jersey with a round neckline and long sleeves. Narrow trim around the neckline.,Black,Knitted,"[{'name': 'Elastane', 'percentage': '5.00'}, {'name': 'Polyamide', 'percentage': '95.00'}]","{'value': 12.99, 'currency': 'GBP'}","['XXS', 'XS', 'L', '3XL', 'XL', 'S', 'M', '4XL', 'XXL']",Women,https://image.hm.com/assets/hm/66/b5/66b54222a8f6837f3aaba7044666b61b487026ba.jpg,63.0
Wide High Jeans,"5-pocket jeans in washed cotton denim with a high waist, zip fly and button and wide, straight legs.",Black,Woven,"[{'name': 'Cotton', 'percentage': '100.00'}]","{'value': 24.99, 'currency': 'GBP'}","['22', '6', '8', '4', '14', '16', '10', '12', '18', '20']",Women,https://image.hm.com/assets/hm/87/df/87dfe8141ffce017d7f8582557a1eed60d7066d7.jpg,121.2
Barrel-leg Ponte di Roma trousers,Loose-fit trousers in Ponte di Roma jersey with an elasticated waist and barrel legs with visible seams down the front and back.,Black,Knitted,"[{'name': 'Elastane', 'percentage': '5.00'}, {'name': 'Polyester', 'percentage': '95.00'}]","{'value': 17.99, 'currency': 'GBP'}","['XXS', 'XL', 'XS', 'S', 'M', 'L']",Women,https://image.hm.com/assets/hm/5d/24/5d24f751f4bf943258a310369eafec2a78a7dda4.jpg,87.25
Lace-trimmed jersey top,"Long-sleeved, fitted top in ribbed jersey with a lace-trimmed V-neckline.",Plum purple,Knitted,"[{'name': 'Elastane', 'percentage': '8.00'}, {'name': 'Viscose', 'percentage': '92.00'}]","{'value': 9.99, 'currency': 'GBP'}","['XS', 'XXS', 'XL', 'L', 'M', 'S']",Women,https://image.hm.com/assets/hm/ab/8c/ab8ca5c2aadfba5cbc90d103ba470174e7de79dd.jpg,48.45
Oversized sweatshirt,"Oversized top in sweatshirt fabric with a soft brushed inside. Round, rib-trimmed neckline, dropped shoulders and long sleeves. Ribbing at the cuffs and hem.",Burgundy,Knitted,"[{'name': 'Cotton', 'percentage': '60.00'}, {'name': 'Polyester', 'percentage': '40.00'}]","{'value': 14.99, 'currency': 'GBP'}","['XS', 'M', 'S', 'XL', 'L', 'XXL']",Women,https://image.hm.com/assets/hm/94/de/94ded8cf99840553b989582313dc2727aa4c59c6.jpg,72.7
Flared leggings,"Leggings in jersey. High waist with concealed elastication, and flared legs.",Black,Knitted,"[{'name': 'Elastane', 'percentage': '3.00'}, {'name': 'Polyester', 'percentage': '97.00'}]","{'value': 12.99, 'currency': 'GBP'}","['L', '4XL', 'XL', 'S', 'M', '3XL', 'XXL', 'XXS', 'XS']",Women,https://image.hm.com/assets/hm/95/ea/95eaf8d9c0913d25368d2a2d20703c0efa3d9f4f.jpg,63.0
Barrel-leg Ponte di Roma trousers,Loose-fit trousers in Ponte di Roma jersey with an elasticated waist and barrel legs with visible seams down the front and back.,Dark brown,Knitted,"[{'name': 'Elastane', 'percentage': '5.00'}, {'name': 'Polyester', 'percentage': '95.00'}]","{'value': 17.99, 'currency': 'GBP'}","['XS', 'XXS', 'M', 'S', 'XL', 'L']",Women,https://image.hm.com/assets/hm/46/b9/46b95348a2b2fab258ce323efd2c0e30db614a09.jpg,87.25
Viscose-blend pyjamas,"Pyjamas with a long-sleeved shirt and pair of bottoms in soft jersey made from a viscose blend. Shirt with notch lapels and buttons down the front. Bottoms with covered elastication at the waist and wide, straight legs.",Dark brown,Knitted,"[{'name': 'Elastane', 'percentage': '4.00'}, {'name': 'Viscose', 'percentage': '33.00'}, {'name': 'Polyester', 'percentage': '63.00'}]","{'value': 29.99, 'currency': 'GBP'}","['XL', 'M', 'L', 'XS', 'S', 'XXS']",Women,https://image.hm.com/assets/hm/ba/97/ba978611d94f5595391b1ff3a59a9313076f6470.jpg,145.45
Wide joggers,"Loose-fit joggers in sweatshirt fabric with an elasticated, drawstring waist, soft brushed inside, discreet pockets in the side seams and wide legs.",Dark green,Knitted,"[{'name': 'Cotton', 'percentage': '62.00'}, {'name': 'Polyester', 'percentage': '38.00'}]","{'value': 14.99, 'currency': 'GBP'}","['XXS', 'XS', 'S', 'M', 'L', 'XL']",Women,https://image.hm.com/assets/hm/c8/76/c876f059e712d52468a6846a27aa8ba194a32866.jpg,72.7
Long-sleeved microfibre top,Fitted top in soft jersey with a round neckline and long sleeves. Narrow trim around the neckline.,Dark greige,Knitted,"[{'name': 'Elastane', 'percentage': '8.00'}, {'name': 'Polyamide', 'percentage': '92.00'}]","{'value': 12.99, 'currency': 'GBP'}","['XL', 'XXL', 'M', 'L', 'XS', 'S', 'XXS']",Women,https://image.hm.com/assets/hm/6f/9d/6f9d419c805ff1b39d7c9e8d3b39de82cb569fdc.jpg,63.0
Shawl-detail satin blouse,Blouse in lustrous satin with a stand collar and a shawl detail draped across the front. Long sleeves and a keyhole opening with covered buttons at the back of the neck.,Black,Woven,"[{'name': 'Polyester', 'percentage': '100.00'}]","{'value': 32.99, 'currency': 'GBP'}","['S', 'M', 'XXS', 'XS', 'XXL', 'L', 'XL']",Women,https://image.hm.com/assets/hm/76/29/762901845455d9848ac4927091e3ab2186376500.jpg,160.0
3-pack socks,"Socks in a soft, fine knit with ribbed shafts and elasticated tops.",Cream/Beige/Dark brown,Knitted,"[{'name': 'Elastodiene', 'percentage': '3.00'}, {'name': 'Elastane', 'percentage': '2.00'}, {'name': 'Cotton', 'percentage': '70.00'}, {'name': 'Polyamide', 'percentage': '25.00'}]","{'value': 4.99, 'currency': 'GBP'}","['6-8', '3-5']",Women,https://image.hm.com/assets/hm/df/89/df8978f524f84a0ce2bcf38a46eba73f02da6ba4.jpg,24.2
Cotton-blend sweatpants,"Sweatpants in soft sweatshirt fabric made from a cotton blend. High waist with covered elastication and a drawstring, side pockets, and covered elastication at the hems. Soft brushed inside.",Dark greige,Jersey,"[{'name': 'Cotton', 'percentage': '60.00'}, {'name': 'Polyester', 'percentage': '40.00'}]","{'value': 14.99, 'currency': 'GBP'}","['XS', 'S', 'XXS', 'XL', 'XXL', 'M', 'L']",Women,https://image.hm.com/assets/hm/ff/db/ffdbb3d718ecb94a425301587362ff6489da5c75.jpg,72.7
Cotton T-shirt,"Straight-cut T-shirt in soft cotton jersey with a round, rib-trimmed neckline and gently dropped shoulders.",White,Knitted,"[{'name': 'Cotton', 'percentage': '100.00'}]","{'value': 6.99, 'currency': 'GBP'}","['S', 'XS', 'XXS', 'XXL', 'XL', 'L', '3XL', 'M', '4XL']",Women,https://image.hm.com/assets/hm/05/c5/05c552cd2bb20bee488b159766b38f0c0b017fd1.jpg,33.9
Cable-knit cardigan,"Cardigan in a soft cable knit with a round, ribbed neckline, buttons down the front and long raglan sleeves. Ribbing at the cuffs and hem.",Plum red,Knitted,"[{'name': 'Wool', 'percentage': '5.00'}, {'name': 'Elastane', 'percentage': '3.00'}, {'name': 'Acrylic', 'percentage': '40.00'}, {'name': 'Polyester', 'percentage': '52.00'}]","{'value': 24.99, 'currency': 'GBP'}","['S', 'M', 'L', 'XL', 'XXL', 'XXS', 'XS']",Women,https://image.hm.com/assets/hm/d7/1c/d71c2088f784d5d2d5a8a58a0457cf78fade59de.jpg,121.2
Long-sleeved jersey top,Fitted top in cotton jersey with a round neckline and long sleeves.,Black,Knitted,"[{'name': 'Elastane', 'percentage': '3.00'}, {'name': 'Cotton', 'percentage': '97.00'}]","{'value': 12.99, 'currency': 'GBP'}","['XXS', 'XS', 'S', 'M', 'L', 'XL', 'XXL']",Women,https://image.hm.com/assets/hm/eb/6a/eb6a3907c882bd3b9850ae1a78fd85143b52cc11.jpg,63.0
Tights 40 denier,"Tights with a regular, elasticated waist. 40 denier.",Dark brown,Knitted,"[{'name': 'Elastane', 'percentage': '9.00'}, {'name': 'Polyamide', 'percentage': '91.00'}]","{'value': 5.99, 'currency': 'GBP'}","['XS', 'M', 'S', 'XL', 'L']",Women,https://image.hm.com/assets/hm/9f/56/9f56cca32c9a5398b3e56a9ce90d4e06e45e1ebd.jpg,29.05
Oversized sweatshirt,"Oversized top in sweatshirt fabric with a soft brushed inside. Round, rib-trimmed neckline, dropped shoulders and long sleeves. Ribbing at the cuffs and hem.",Black,Knitted,"[{'name': 'Cotton', 'percentage': '60.00'}, {'name': 'Polyester', 'percentage': '40.00'}]","{'value': 14.99, 'currency': 'GBP'}","['XXS', 'XS', 'S', 'M', '4XL', 'L', '3XL', 'XL', 'XXL']",Women,https://image.hm.com/assets/hm/42/f2/42f2274cc26d5efd5ae3db5732ced023570ef5b7.jpg,72.7
Mom Slim Fit High Waist Ankle Jeans,"5-pocket jeans in denim with a slight stretch for good comfort. Straight leg with a slim fit from the hip to the thigh, that tapers to the hem. High waist with a zip fly and button. Ankle length, designed to hit at the ankle bone.",Dark denim grey,Woven,"[{'name': 'Polyester', 'percentage': '100.00'}]","{'value': 24.99, 'currency': 'GBP'}","['6', '4', '26', '10', '8', '24', '22', '20', '14', '12', '18', '16']",Women,https://image.hm.com/assets/hm/c8/9d/c89d5780dbe714cc2e8def96225b88e1fac203e8.jpg,121.2
Sweatpants,"Sweatpants in sweatshirt fabric made from a cotton blend with a soft brushed inside. Elasticated smocking and a concealed drawstring at the waist, side pockets and straight legs.",Black,Knitted,"[{'name': 'Cotton', 'percentage': '60.00'}, {'name': 'Polyester', 'percentage': '40.00'}]","{'value': 14.99, 'currency': 'GBP'}","['XL', 'L', 'M', 'S', 'XS', 'XXS', 'XXL']",Women,https://image.hm.com/assets/hm/1e/d5/1ed5f660bbdd4ed5f02a6f14e280581c10598234.jpg,72.7
Hoodie,"Hoodie in sweatshirt fabric with a soft brushed inside. Double-layered hood, low dropped shoulders and a kangaroo pocket. Ribbing at the cuffs and hem.",Dark brown,Knitted,"[{'name': 'Cotton', 'percentage': '60.00'}, {'name': 'Polyester', 'percentage': '40.00'}]","{'value': 19.99, 'currency': 'GBP'}","['XXL', 'XL', 'L', 'M', 'S', 'XS']",Women,https://image.hm.com/assets/hm/e1/a8/e1a86a9b23d4231b4fa7f81f2f293df49c999e0e.jpg,96.95
Lace-trimmed knitted top,"Loose-fit top in a soft knit with a lace-trimmed V-neckline, dropped shoulders and long sleeves.",Dark brown,Knitted,"[{'name': 'Elastane', 'percentage': '2.00'}, {'name': 'Viscose', 'percentage': '25.00'}, {'name': 'Polyester', 'percentage': '73.00'}]","{'value': 14.99, 'currency': 'GBP'}","['M', 'S', 'L', 'XS']",Women,https://image.hm.com/assets/hm/10/9e/109e3ef46d2f23e3f90265d93b7f98694974a3b9.jpg,72.7
Tie-belt tunic dress,"Short, oversized dress in a viscose-blend weave with an all-over print. Features a band collar, covered buttons down the front, a yoke with gathers at the front and back and a gathered seam above the hem for a tiered look. Detachable tie belt at the waist and long sleeves with buttoned cuffs. Unlined.",Black/Floral,Woven,"[{'name': 'Polyamide', 'percentage': '20.00'}, {'name': 'Viscose', 'percentage': '80.00'}]","{'value': 27.99, 'currency': 'GBP'}","['L', 'XL', 'S', 'M', 'XXL', 'XXS', 'XS']",Women,https://image.hm.com/assets/hm/9c/fe/9cfe359a348302111c042b6c6acf0b8fe16cf1a8.jpg,135.75
Sweatpants,"Sweatpants in sweatshirt fabric made from a cotton blend with a soft brushed inside. Elasticated smocking and a concealed drawstring at the waist, side pockets and straight legs.",Light grey marl,Knitted,"[{'name': 'Cotton', 'percentage': '78.00'}, {'name': 'Viscose', 'percentage': '3.00'}, {'name': 'Polyester', 'percentage': '19.00'}]","{'value': 14.99, 'currency': 'GBP'}","['XL', 'L', 'XXL', 'XS', 'M', 'S']",Women,https://image.hm.com/assets/hm/31/ed/31ed8bc12e600b9e002c5acd7da42cf45cdc57d9.jpg,72.7
Pintucked cotton blouse,"Blouse in crisp cotton poplin with pintucks, scalloped trims and lace trims at the front. Features a band collar with a frill trim that continues down the button band and buttons down the front. Long sleeves with gathers at the shoulders and frill-trimmed cuffs with a slit and button.",White,Woven,"[{'name': 'Cotton', 'percentage': '100.00'}]","{'value': 24.99, 'currency': 'GBP'}","['XS', 'S', 'M', 'L']",Women,https://image.hm.com/assets/hm/73/f2/73f26d90dc9d4307efff49ec94a438337be80d6f.jpg,121.2
Ribbed cotton top,Fitted top in ribbed cotton jersey with a round neckline and long sleeves.,Burgundy,Knitted,"[{'name': 'Elastane', 'percentage': '5.00'}, {'name': 'Cotton', 'percentage': '95.00'}]","{'value': 12.99, 'currency': 'GBP'}","['XS', 'S', 'M', 'L', 'XL', 'XXL']",Women,https://image.hm.com/assets/hm/50/0d/500d0d6ee377996ef87db7e1339f7c15756fcf78.jpg,63.0
Cotton leggings,"Leggings in soft cotton jersey featuring a high waist with a wide, elasticated waistband.",Black,Knitted,"[{'name': 'Elastane', 'percentage': '10.00'}, {'name': 'Cotton', 'percentage': '90.00'}]","{'value': 9.99, 'currency': 'GBP'}","['M', 'L', 'XL', 'XXL', 'XS', 'S']",Women,https://image.hm.com/assets/hm/7e/c9/7ec907b5eeb7f9eab42dffc9e15df4162164dcb5.jpg,48.45
Lace-trimmed jersey top,"Long-sleeved, fitted top in ribbed jersey with a lace-trimmed V-neckline.",Black,Knitted,"[{'name': 'Elastane', 'percentage': '8.00'}, {'name': 'Viscose', 'percentage': '92.00'}]","{'value': 9.99, 'currency': 'GBP'}","['XXS', 'L', 'M', 'S', 'XS', 'XL']",Women,https://image.hm.com/assets/hm/ad/a3/ada394cde45249400815c6e2f5a5438ee744e4f1.jpg,48.45
Wide High Jeans,"5-pocket jeans in washed cotton denim with a high waist, zip fly and button and wide, straight legs.",Dark denim grey,Woven,"[{'name': 'Elastane', 'percentage': '1.00'}, {'name': 'Cotton', 'percentage': '99.00'}]","{'value': 24.99, 'currency': 'GBP'}","['24', '4', '26', '22', '10', '12', '6', '8', '18', '20', '14', '16']",Women,https://image.hm.com/assets/hm/f5/8e/f58e7dd655813d9e46414fa495f3fc25edd338dc.jpg,121.2
Fine-knit trousers,"Trousers in a soft, fine knit featuring a ribbed waist with covered elastication, and straight legs.",Light beige marl,Knitted,"[{'name': 'Wool', 'percentage': '5.00'}, {'name': 'Polyamide', 'percentage': '35.00'}, {'name': 'Polyester', 'percentage': '60.00'}]","{'value': 27.99, 'currency': 'GBP'}","['M', 'S', 'XS', 'XXS', 'XL', 'L']",Women,https://image.hm.com/assets/hm/f1/3a/f13ab0fa7245048fb8c24102fcee4c5c8fb1420f.jpg,135.75
Loose Fit T-shirt,"T-shirt in midweight cotton jersey with a round, rib-trimmed neckline, dropped shoulders and a straight-cut hem. Loose fit for a generous but not oversized silhouette.",Dusty blue,Knitted,"[{'name': 'Cotton', 'percentage': '100.00'}]","{'value': 9.99, 'currency': 'GBP'}","['XL', 'XXL', 'M', 'L', 'XS', 'S']",Men,https://image.hm.com/assets/hm/9f/d8/9fd80d6a2dbfc780e323804ba9368b9450d2df97.jpg,48.45
Oversized Fit Cotton T-shirt,"Boxy-style T-shirt in cotton jersey with a round, rib-trimmed neckline, dropped shoulders and a straight-cut hem. Oversized fit for a baggy, extra-loose silhouette.",White,Knitted,"[{'name': 'Cotton', 'percentage': '100.00'}]","{'value': 12.99, 'currency': 'GBP'}","['XXL', 'XS', 'S', 'M', 'L', 'XL']",Men,https://image.hm.com/assets/hm/05/b5/05b5db0d29cf92cf7f934d3f14aff6517351b82c.jpg,63.0
3-pack Regular Fit T-shirts,"T-shirts in lightweight cotton jersey with a round, rib-trimmed neckline and a straight-cut hem. Regular fit for comfortable wear and a classic silhouette.",Grey/Burgundy/Black,Knitted,"[{'name': 'Cotton', 'percentage': '100.00'}]","{'value': 17.99, 'currency': 'GBP'}","['XL', 'XXL', 'M', 'L', 'XS', 'S']",Men,https://image.hm.com/assets/hm/fa/45/fa451c5b1c5c60bbbbaf750a05af04b41a486bda.jpg,87.25
Slim Fit Cotton chinos,"Chinos in stretch cotton twill with a zip fly and button, diagonal side pockets and welt back pockets with a button. Slim fit that hugs the contours of your body, creating a fitted silhouette.",Dark blue,Woven,"[{'name': 'Elastane', 'percentage': '2.00'}, {'name': 'Cotton', 'percentage': '98.00'}]","{'value': 19.99, 'currency': 'GBP'}","['29', '30', '31', '32', '33', '34', '36', '38', '28']",Men,https://image.hm.com/assets/hm/c0/5d/c05da9eea8799751e4a35ddbaa90b98b55a10fc6.jpg,96.95
7-pack sports socks with DryMove™,"Sports socks in soft, fine-knit functional fabric made with DryMove™, which helps pull moisture away from your skin, keeping you comfortably dry while moving. Ventilating mesh sections, arch support and reinforced heels and toes. Ribbed shafts and elasticated tops.",White,Knitted,"[{'name': 'Elastane', 'percentage': '4.00'}, {'name': 'Polyester', 'percentage': '96.00'}]","{'value': 19.99, 'currency': 'GBP'}","['9-10.5', '11-12.5', '6.5-8']",Men,https://image.hm.com/assets/hm/6f/d2/6fd2cd2c003179419a66d25843b036892ed31319.jpg,96.95
Relaxed Fit Cotton cargo trousers,"Cargo trousers in soft cotton canvas featuring a concealed drawstring at the waist and a zip fly with a press-stud. Diagonal side pockets, flap back pockets with concealed press-studs and flap leg pockets with concealed press-studs. Sewn-in pleats at the knees. Relaxed fit for a casual but not oversized silhouette.",Black,Woven,"[{'name': 'Cotton', 'percentage': '100.00'}]","{'value': 32.99, 'currency': 'GBP'}","['XXL', 'XL', 'L', 'M', 'S', 'XS']",Men,https://image.hm.com/assets/hm/3f/06/3f06b5c11469e517e7625840114620bcacfa7d1a.jpg,160.0
Loose Fit T-shirt,"T-shirt in midweight cotton jersey with a round, rib-trimmed neckline, dropped shoulders and a straight-cut hem. Loose fit for a generous but not oversized silhouette.",Brown,Knitted,"[{'name': 'Cotton', 'percentage': '100.00'}]","{'value': 9.99, 'currency': 'GBP'}","['XL', 'L', 'XXL', 'XS', 'M', 'S']",Men,https://image.hm.com/assets/hm/bf/cc/bfccbbebc4030e5129903ceffc0dfbd40f46a85e.jpg,48.45
Single-breasted coat,"Single-breasted coat in felted fabric containing some wool featuring notch lapels, buttons down the front and diagonal welt side pockets. Regular fit for comfortable wear and a classic silhouette. Sleeve lining.",Black,Woven,"[{'name': 'Polyester', 'percentage': '100.00'}]","{'value': 64.99, 'currency': 'GBP'}","['XXL', 'XL', 'L', 'M', 'S', 'XS']",Men,https://image.hm.com/assets/hm/b4/5d/b45d944c23d771352ebba124fc71cdd4ba40ff19.jpg,315.2
Regular Fit T-shirt,"T-shirt in lightweight cotton jersey with a round, rib-trimmed neckline and a straight-cut hem. Regular fit for comfortable wear and a classic silhouette.",Forest green,Knitted,"[{'name': 'Cotton', 'percentage': '100.00'}]","{'value': 5.99, 'currency': 'GBP'}","['XXL', 'L', 'XL', 'S', 'M', 'XS']",Men,https://image.hm.com/assets/hm/96/7d/967de78994bec764071908e46fabc6ddbc8a216a.jpg,29.05
Regular Jeans,"5-pocket jeans in cotton denim with a slight stretch for good comfort. Straight leg and a regular fit from the waist to the hem with a comfortable, looser feel around the whole leg. Regular waist and a zip fly.",Dark denim blue,Woven,"[{'name': 'Elastane', 'percentage': '1.00'}, {'name': 'Cotton', 'percentage': '99.00'}]","{'value': 34.99, 'currency': 'GBP'}","['30/32', '30/30', '36/34', '32/34', '36/32', '28/32', '34/30', '31/32', '28/30', '33/34', '38/32', '33/32', '30/34', '32/32', '29/32', '32/30', '34/34', '40/32', '34/32', '31/34']",Men,https://image.hm.com/assets/hm/49/69/49695a0cdcbbea3f9ea82a53d75f1f700297adf6.jpg,169.7
Relaxed Fit Printed T-shirt,"T-shirt in cotton jersey with print motifs, a round, rib-trimmed neckline, dropped shoulders and a straight-cut hem. Relaxed fit for a casual but not oversized silhouette.",Dark green/Purpose,Knitted,"[{'name': 'Cotton', 'percentage': '100.00'}]","{'value': 12.99, 'currency': 'GBP'}","['M', 'L', 'XL', 'S']",Men,https://image.hm.com/assets/hm/12/7e/127ea07c8352a441ec692a609199b07fdbd37ada.jpg,63.0
Corduroy Overshirt,"Overshirt in cotton corduroy with a collar, zip down the front and long sleeves with buttoned cuffs. Yoke at the back, flap chest pockets with a button and a straight-cut hem.",Dark brown,Woven,"[{'name': 'Cotton', 'percentage': '100.00'}]","{'value': 32.99, 'currency': 'GBP'}","['XS', 'XL', 'L', 'M', 'S', 'XXL']",Men,https://image.hm.com/assets/hm/70/6d/706d484ab2d8f99ae58edc2a26ee0dfd4bd5c9ca.jpg,160.0
Straight Regular Jeans,"5-pocket jeans in cotton denim with a slight stretch for good comfort. Straight leg and a regular fit from the waist to the hem with a comfortable, looser feel around the whole leg. Regular waist and a zip fly. This is denim that lasts.",Black,Woven,"[{'name': 'Elastane', 'percentage': '1.00'}, {'name': 'Cotton', 'percentage': '99.00'}]","{'value': 34.99, 'currency': 'GBP'}","['36/30', '30/32', '30/34', '36/32', '30/30', '36/34', '31/32', '31/34', '38/32', '31/30', '38/34', '32/32', '40/32', '32/30', '33/30', '33/32', '32/34', '42/32', '28/32', '34/30', '34/32', '33/34', '28/30', '29/30', '34/34', '29/32']",Men,https://image.hm.com/assets/hm/ee/46/ee46c3b15e2d01a75624730fe481482e5f9ffbaa.jpg,169.7
Loose Fit Zip-top sweatshirt,"Top in heavyweight sweatshirt fabric made from a cotton blend with a soft brushed inside. Stand-up collar, zip at the top, yoke at the back, dropped shoulders, long sleeves and ribbing at the cuffs and hem. Loose fit for a generous but not oversized silhouette.",Black,Knitted,"[{'name': 'Cotton', 'percentage': '60.00'}, {'name': 'Polyester', 'percentage': '40.00'}]","{'value': 27.99, 'currency': 'GBP'}","['M', 'S', 'XS', 'XXL', 'XL', 'L']",Men,https://image.hm.com/assets/hm/e1/75/e17562898dcfa6c12100182ecd23c7e4565f847e.jpg,135.75
Loose Fit T-shirt,"T-shirt in midweight cotton jersey with a round, rib-trimmed neckline, dropped shoulders and a straight-cut hem. Loose fit for a generous but not oversized silhouette.",Blue,Knitted,"[{'name': 'Cotton', 'percentage': '100.00'}]","{'value': 9.99, 'currency': 'GBP'}","['XXL', 'XL', 'L', 'M', 'S', 'XS']",Men,https://image.hm.com/assets/hm/b0/90/b0906129c1125eaa3823b2e5af2d3f987949f1c7.jpg,48.45
Slim Fit Cotton chinos,"Chinos in stretch cotton twill with a zip fly and button, diagonal side pockets and welt back pockets with a button. Slim fit that hugs the contours of your body, creating a fitted silhouette.",Black,Woven,"[{'name': 'Elastane', 'percentage': '2.00'}, {'name': 'Cotton', 'percentage': '98.00'}]","{'value': 19.99, 'currency': 'GBP'}","['34', '38', '36', '31', '30', '29', '28', '33', '32']",Men,https://image.hm.com/assets/hm/6a/21/6a2101b26ddae19d1a2ded8fd02ff7a26e46c28a.jpg,96.95
Slim Fit Cargo trousers,"Trousers in a cotton weave with covered elastication and a drawstring at the waist, a fake fly, diagonal side pockets and flap back and leg pockets with concealed press-studs. Tapered legs with seams and darts at the knees. Slim fit that hugs the contours of your body, creating a fitted silhouette.",Light beige,Woven,"[{'name': 'Cotton', 'percentage': '100.00'}]","{'value': 27.99, 'currency': 'GBP'}","['L', 'M', 'XXL', 'XL', 'S', 'XS']",Men,https://image.hm.com/assets/hm/b5/46/b546438d4738255af7b3c70918678324f5579ae7.jpg,135.75
2-piece Loose Fit hoodie and joggers set,"Set with a hoodie and a pair of joggers in midweight sweatshirt fabric made from a cotton blend with a soft brushed inside. Loose fit for a generous but not oversized silhouette. Hoodie with a lined, drawstring hood, a kangaroo pocket, dropped shoulders, long sleeves and wide ribbing at the cuffs and hem. Joggers with elasticated smocking and a drawstring at the waist, pockets in the side seams, an open back pocket and covered elastication at the hems.",Dark blue,Knitted,"[{'name': 'Cotton', 'percentage': '60.00'}, {'name': 'Polyester', 'percentage': '40.00'}]","{'value': 37.99, 'currency': 'GBP'}","['XS', 'S', 'M', 'L', 'XL', 'XXL']",Men,https://image.hm.com/assets/hm/7a/83/7a83036460086b228b62d97423fe85d7c1afdc9b.jpg,184.25
3-pack Regular Fit T-shirts,"T-shirts in lightweight cotton jersey with a round, rib-trimmed neckline and a straight-cut hem. Regular fit for comfortable wear and a classic silhouette.",Dark green,Knitted,"[{'name': 'Cotton', 'percentage': '100.00'}]","{'value': 17.99, 'currency': 'GBP'}","['XXL', 'L', 'XL', 'S', 'M', 'XS']",Men,https://image.hm.com/assets/hm/bb/3b/bb3b1313b94f0db23fa8a8c19aad9fe1ec8095a2.jpg,87.25
Relaxed Fit Sweatpants,"Sweatpants in midweight sweatshirt fabric made from a cotton blend with a soft brushed inside. Covered elastication and a drawstring at the waist, pockets in the side seams and ribbed hems. Relaxed fit for a casual but not oversized silhouette.",Brown,Jersey,"[{'name': 'Cotton', 'percentage': '60.00'}, {'name': 'Polyester', 'percentage': '40.00'}]","{'value': 19.99, 'currency': 'GBP'}","['L', 'M', 'XXL', 'XL', 'S', 'XS']",Men,https://image.hm.com/assets/hm/8b/de/8bde871e2434175bfc4987ea20ee9787ce8497df.jpg,96.95
Slim Fit Long-sleeve polo shirt,"Long-sleeved polo shirt in a jacquard-knit cotton blend with a collar, a button placket and a straight-cut hem. Slim fit that hugs the contours of your body, creating a fitted silhouette.",Cream,Knitted,"[{'name': 'Cotton', 'percentage': '52.00'}, {'name': 'Polyester', 'percentage': '48.00'}]","{'value': 19.99, 'currency': 'GBP'}","['XS', 'S', 'M', 'L', 'XL', 'XXL']",Men,https://image.hm.com/assets/hm/b0/49/b049e791cdf274eabe03c1b4b39b4d6d65cc9c5b.jpg,96.95
Loose Fit T-shirt,"T-shirt in soft, printed midweight cotton jersey with dropped shoulders and a round neckline with a narrow trim. Loose fit for a generous but not oversized silhouette.",Black/Nirvana,Knitted,"[{'name': 'Cotton', 'percentage': '100.00'}]","{'value': 12.99, 'currency': 'GBP'}","['XL', 'L', 'M', 'S']",Men,https://image.hm.com/assets/hm/f4/bb/f4bb4f4673aa581aa815cf36c4ff42924f62a65b.jpg,63.0
Galaxy Mid Rise Loose Straight Leg Jeans,"A pair of mid-rise jeans with a loose fit and straight leg. These jeans are crafted from organic cotton rigid denim with recycled cotton. They feature a classic five-pocket design, and a zip fly.",Blue Rinse - Dark Blue,Woven,"[{'name': 'Paper', 'percentage': '100.00'}]","{'value': 49.99, 'currency': 'GBP'}","['29/30', '31/34', '31/32', '34/32', '28/32', '31/30', '28/30', '33/34', '30/34', '33/32', '27/32', '30/32', '27/30', '30/30', '32/34', '29/34', '32/32', '29/32', '32/30', '36/32', '34/34']",Men,https://media.weekday.com/assets/003/61/e6/61e69b7ddcda6a4cc4f7904564b6167c41f6edd1.jpg,242.45
Loose Fit T-shirt,"T-shirt in midweight cotton jersey with a round, rib-trimmed neckline, dropped shoulders and a straight-cut hem. Loose fit for a generous but not oversized silhouette.",Green,Knitted,"[{'name': 'Cotton', 'percentage': '100.00'}]","{'value': 9.99, 'currency': 'GBP'}","['XXL', 'XL', 'S', 'XS', 'L', 'M']",Men,https://image.hm.com/assets/hm/ca/64/ca64482a509e887b1a7af85f131861ee4b6a182b.jpg,48.45
Oversized Fit Zip-through hoodie,"Zip-through hoodie in heavyweight sweatshirt fabric made from a cotton blend with a soft brushed inside. Jersey-lined, drawstring hood, a zip down the front, dropped shoulders and long sleeves. Front pockets and ribbing at the cuffs and hem. Oversized fit for a baggy, extra-loose silhouette.",Light grey marl,Knitted,"[{'name': 'Cotton', 'percentage': '60.00'}, {'name': 'Polyester', 'percentage': '40.00'}]","{'value': 27.99, 'currency': 'GBP'}","['L', 'M', 'S', 'XS', 'XXL', 'XL']",Men,https://image.hm.com/assets/hm/69/75/697577f331f9be9b408410aa685b43f5bda5aaf3.jpg,135.75
Relaxed Jeans,5-pocket jeans in rigid cotton denim with a straight leg and a relaxed fit from the seat to the hem with extra room from the thigh down. Regular waist and a button fly. Designed for everyday wear.,Dark denim blue,Woven,"[{'name': 'Cotton', 'percentage': '100.00'}]","{'value': 34.99, 'currency': 'GBP'}","['32/34', '42/32', '33/34', '28/30', '33/30', '33/32', '29/30', '34/34', '29/32', '28/32', '34/30', '34/32', '36/32', '30/30', '36/34', '36/30', '38/32', '31/30', '38/34', '30/32', '30/34', '40/32', '32/30', '31/32', '31/34', '32/32']",Men,https://image.hm.com/assets/hm/92/6c/926c575eab09dfb3ea70bc6e3323f20afc1b3472.jpg,169.7
5-pack socks,"Socks in a soft, fine-knit cotton blend with elasticated tops.",Black,Knitted,"[{'name': 'Elastane', 'percentage': '2.00'}, {'name': 'Cotton', 'percentage': '73.00'}, {'name': 'Polyamide', 'percentage': '25.00'}]","{'value': 9.99, 'currency': 'GBP'}","['6.5-8', '9-10.5', '6-8', '8-11', '11-12.5', '6.5-9.5']",Men,https://image.hm.com/assets/hm/0b/35/0b35ca972d71ca6ea619a9c2fc4e7d71346b9a9c.jpg,48.45
Regular Fit Sweatpants,"Sweatpants in interlock sweatshirt fabric with a soft brushed inside. Covered elastication and a concealed drawstring at the waist, fake fly, diagonal side pockets, a welt back pocket and tapered legs with ribbing at the hems. Regular fit for comfortable wear and a classic silhouette.",Dark blue,Knitted,"[{'name': 'Cotton', 'percentage': '42.00'}, {'name': 'Polyester', 'percentage': '58.00'}]","{'value': 22.99, 'currency': 'GBP'}","['L', 'M', 'S', 'XS', 'XXL', 'XL']",Men,https://image.hm.com/assets/hm/9c/1b/9c1b6dcbf10e6e389707c05280e19983efbda475.jpg,111.5
Slim Fit Lightweight puffer jacket,"Lightweight puffer jacket in a quilted fabric featuring a stand collar and front zip with an anti-chafe chin guard. Designed with zipped side pockets and open inner pockets for practical storage. Slim fit that hugs the contours of your body, creating a fitted silhouette. Lined.",Black,Woven,"[{'name': 'Polyester', 'percentage': '100.00'}]","{'value': 37.99, 'currency': 'GBP'}","['XS', 'S', 'M', 'L', 'XL', 'XXL']",Men,https://image.hm.com/assets/hm/4b/69/4b69bcfdc65cdfe2cc8f77546aab364ee3ab0fb5.jpg,184.25
Oversized Fit T-shirt,"T-shirt in heavyweight cotton jersey with a print motif. Rib-trimmed neckline, dropped shoulders and a straight-cut hem. Oversized fit for a baggy, extra-loose silhouette.",Black/Gorillaz,Knitted,"[{'name': 'Cotton', 'percentage': '100.00'}]","{'value': 19.99, 'currency': 'GBP'}","['S', 'XL', 'L', 'M']",Men,https://image.hm.com/assets/hm/ca/15/ca159df9fa3478bd3e1a593a7aca2f682178527e.jpg,96.95
5-pack socks,"Socks in a soft, fine-knit cotton blend with elasticated tops.",Dark green/Brown/White,Knitted,"[{'name': 'Elastane', 'percentage': '1.00'}, {'name': 'Cotton', 'percentage': '76.00'}, {'name': 'Polyamide', 'percentage': '4.00'}, {'name': 'Polyester', 'percentage': '19.00'}]","{'value': 9.99, 'currency': 'GBP'}","['6-8', '11-12.5', '8-11']",Men,https://image.hm.com/assets/hm/c0/24/c0240634355f0c4cb8f6c432d593f2705f2921dd.jpg,48.45
Tapered Regular Jeans,"5-pocket jeans in cotton denim with a slight stretch for good comfort. Tapered leg and a regular fit from the waist to the hem with a comfortable, looser feel around the whole leg. Regular waist and a zip fly. The perfect match for your fave tee.",Black,Woven,"[{'name': 'Elastane', 'percentage': '1.00'}, {'name': 'Cotton', 'percentage': '99.00'}]","{'value': 34.99, 'currency': 'GBP'}","['34/32', '28/32', '31/32', '34/30', '28/30', '31/30', '38/32', '32/32', '29/32', '32/30', '29/30', '30/34', '33/32', '30/32', '33/30', '30/30', '36/32']",Men,https://image.hm.com/assets/hm/03/b0/03b0b48823bc61ce4c316d4f9bdadb7d6f9d126b.jpg,169.7
Regular Fit Sweatpants,"Sweatpants in interlock sweatshirt fabric with a soft brushed inside. Covered elastication and a concealed drawstring at the waist, fake fly, diagonal side pockets, a welt back pocket and tapered legs with ribbing at the hems. Regular fit for comfortable wear and a classic silhouette.",Dark grey,Knitted,"[{'name': 'Cotton', 'percentage': '42.00'}, {'name': 'Polyester', 'percentage': '58.00'}]","{'value': 22.99, 'currency': 'GBP'}","['M', 'S', 'XS', 'XXL', 'XL', 'L']",Men,https://image.hm.com/assets/hm/07/ab/07ab30d0651a4175e7f106b2eefa759980c6f315.jpg,111.5
Oversized Fit Hoodie,"Zip-through hoodie in heavyweight sweatshirt fabric made from a cotton blend with a soft brushed inside. Features a jersey-lined hood, zip down the front and front pockets. Dropped shoulders, long sleeves and ribbing at the cuffs and hem. Oversized fit for a baggy, extra-loose silhouette.",Black/Sunset,Knitted,"[{'name': 'Cotton', 'percentage': '60.00'}, {'name': 'Polyester', 'percentage': '40.00'}]","{'value': 44.99, 'currency': 'GBP'}","['L', 'XL', 'S', 'M', 'XS', 'XXL']",Men,https://image.hm.com/assets/hm/ae/60/ae60c065316f3f8025840e46c9ba8f488d9733d0.jpg,218.2
7-pack sports socks with DryMove™,"Sports socks in soft, fine-knit functional fabric made with DryMove™, which helps pull moisture away from your skin, keeping you comfortably dry while moving. Ventilating mesh sections, arch support and reinforced heels and toes. Ribbed shafts and elasticated tops.",Black,Knitted,"[{'name': 'Elastane', 'percentage': '4.00'}, {'name': 'Polyester', 'percentage': '96.00'}]","{'value': 19.99, 'currency': 'GBP'}","['11-12.5', '9-10.5', '6.5-8']",Men,https://image.hm.com/assets/hm/e0/69/e069703ff75ef91bc0d8cce3fcb7ffab5d712fd5.jpg,96.95
Loose Fit Printed T-shirt,"T-shirt in midweight cotton jersey with a print motif, round, rib-trimmed neckline, dropped shoulders and a straight-cut hem. Loose fit for a generous but not oversized silhouette.",White/Next level ready,Knitted,"[{'name': 'Cotton', 'percentage': '100.00'}]","{'value': 9.99, 'currency': 'GBP'}","['M', 'L', 'XL', 'S']",Men,https://image.hm.com/assets/hm/7c/3f/7c3f540d1044f038ed1b322be24c8859146bfffa.jpg,48.45
Draped viscose top,Fitted top in soft viscose jersey with a boat neckline and long sleeves. Gathers on one shoulder and at the opposite side of the waist to create a draped effect.,Black,Knitted,"[{'name': 'Elastane', 'percentage': '6.00'}, {'name': 'Viscose', 'percentage': '94.00'}]","{'value': 9.99, 'currency': 'GBP'}","['M', 'S', 'XL', 'L', 'XS', 'XXS']",Women,https://image.hm.com/assets/hm/c0/31/c0314d6ec6cb08adff30a75638b78313c1fc201b.jpg,48.45
Long-sleeved jersey top,Fitted top in cotton jersey with a round neckline and long sleeves.,White,Knitted,"[{'name': 'Elastane', 'percentage': '3.00'}, {'name': 'Cotton', 'percentage': '97.00'}]","{'value': 12.99, 'currency': 'GBP'}","['XS', 'XXS', 'M', 'S', 'XL', 'L', 'XXL']",Women,https://image.hm.com/assets/hm/f2/fb/f2fb9f326b4b8a67a10cf834d029874be4f607b7.jpg,63.0
Flared Low Jeans,"Jeans in denim with good stretch for excellent comfort. Flared leg with a slim fit from the waist to the thigh and a flared cut from the knee to the hem. Low waist with a zip fly and button, open front pockets and flap back pockets with a button. Regular length, designed to hit the top of the foot with little or no stacking. Style with everything from trainers to ankle boots.",Denim blue,Woven,"[{'name': 'Cotton', 'percentage': '35.00'}, {'name': 'Polyester', 'percentage': '65.00'}]","{'value': 24.99, 'currency': 'GBP'}","['16', '14', '20', '18', '8', '6', '12', '10', '22', '4']",Women,https://image.hm.com/assets/hm/c1/0b/c10bb60f24dfdb4f084c950273e3d57b614188f7.jpg,121.2
Long-sleeved jersey top,Fitted top in soft jersey with a square neckline and long sleeves.,Dark brown,Jersey,"[{'name': 'Elastane', 'percentage': '13.00'}, {'name': 'Polyester', 'percentage': '87.00'}]","{'value': 9.99, 'currency': 'GBP'}","['XXS', 'XS', 'XXL', 'S', 'M', 'L', 'XL']",Women,https://image.hm.com/assets/hm/a7/06/a706e4c7b873a125c24e96f61426ab7ee5f6e4d5.jpg,48.45
Mom Slim Fit High Waist Ankle Jeans,"5-pocket jeans in denim with a slight stretch for good comfort. Straight leg with a slim fit from the hip to the thigh, that tapers to the hem. High waist with a zip fly and button. Ankle length, designed to hit at the ankle bone.",Denim blue,Woven,"[{'name': 'Cotton', 'percentage': '20.00'}, {'name': 'Polyester', 'percentage': '80.00'}]","{'value': 24.99, 'currency': 'GBP'}","['10', '12', '6', '8', '24', '4', '26', '22', '18', '20', '14', '16']",Women,https://image.hm.com/assets/hm/74/2e/742e1f12cb74f9403c184e1b2e83e06099259c22.jpg,121.2
Wide High Jeans,"Jeans in cotton denim with a slight stretch for good comfort. Wide leg with a slim fit from the waist to the hip and a wide cut from the thigh to the hem. High waist with a zip fly and button. Patch pockets at the front and back. Regular length, designed to hit the top of the foot with little or no stacking. Inspired by the 70s, designed for today.",Dark denim blue,Woven,"[{'name': 'Elastane', 'percentage': '1.00'}, {'name': 'Cotton', 'percentage': '72.00'}, {'name': 'Polyester', 'percentage': '27.00'}]","{'value': 24.99, 'currency': 'GBP'}","['20', '12', '14', '16', '18', '4', '6', '8', '10', '22']",Women,https://image.hm.com/assets/hm/82/5d/825d7c28f94c12b8ad0a2b1d97cf0b50c8b06cfc.jpg,121.2
Flared Low Jeans,"Jeans in denim with a slight stretch for good comfort. Flared leg with a slim fit from the waist to the thigh and a flared cut from the knee to the hem. Low waist with a zip fly and button. Fake front pockets, a coin pocket and open back pockets. Regular length, designed to hit the top of the foot with little or no stacking. A fashion icon from the 70s to now.",Light denim blue,Woven,"[{'name': 'Elastane', 'percentage': '2.00'}, {'name': 'Cotton', 'percentage': '73.00'}, {'name': 'Polyester', 'percentage': '25.00'}]","{'value': 19.99, 'currency': 'GBP'}","['22', '6', '4', '10', '8', '14', '12', '18', '16', '20']",Women,https://image.hm.com/assets/hm/77/4f/774f0e876cc2695c8b7082201db531cecc44ab1e.jpg,96.95
Foldover-waist cotton trousers,"Trousers in soft cotton jersey featuring a wide, foldover waistband and straight legs that flare to the hems.",Black,Knitted,"[{'name': 'Elastane', 'percentage': '10.00'}, {'name': 'Cotton', 'percentage': '90.00'}]","{'value': 12.99, 'currency': 'GBP'}","['XS', 'M', '3XL', 'S', 'XL', 'L', '4XL', 'XXL']",Women,https://image.hm.com/assets/hm/f1/34/f1344f4e4f702189e0b946810465533e41acb5d4.jpg,63.0
Long-sleeved jersey top,Fitted top in cotton jersey with a round neckline and long sleeves.,Dark brown,Knitted,"[{'name': 'Elastane', 'percentage': '3.00'}, {'name': 'Cotton', 'percentage': '97.00'}]","{'value': 12.99, 'currency': 'GBP'}","['XL', 'XXL', 'M', 'L', 'XS', 'S']",Women,https://image.hm.com/assets/hm/c3/8b/c38b699d0247714f05791eca9536f4f73761ef5d.jpg,63.0
Seamless padded soft bra,"Soft, non-wired bra designed with the minimum number of seams for a seamless, comfortable feel against the skin. Adjustable shoulder straps and lined cups with removable inserts that shape the bust and provide good support. No fasteners.",Black,Knitted,"[{'name': 'Elastane', 'percentage': '12.00'}, {'name': 'Polyester', 'percentage': '88.00'}]","{'value': 9.99, 'currency': 'GBP'}","['XL', 'M', 'L', 'XS', 'S']",Women,https://image.hm.com/assets/hm/bd/8f/bd8f93da2e0043d6195c9b1b7dac6c483c5256a4.jpg,48.45
Cotton-blend sweatpants,"Sweatpants in soft sweatshirt fabric made from a cotton blend. High waist with covered elastication and a drawstring, side pockets, and covered elastication at the hems. Soft brushed inside.",Black,Jersey,"[{'name': 'Cotton', 'percentage': '60.00'}, {'name': 'Polyester', 'percentage': '40.00'}]","{'value': 14.99, 'currency': 'GBP'}","['XXL', 'XXS', 'XS', 'S', 'M', '3XL', 'L', '4XL', 'XL']",Women,https://image.hm.com/assets/hm/ff/0e/ff0ebc46ad190adfe873fca2e9bdd3afdc5ca1db.jpg,72.7
Wide High Jeans,"Jeans in cotton denim with a slight stretch for good comfort. Wide leg with a slim fit from the waist to the hip and a wide cut from the thigh to the hem. High waist with a zip fly and button. Patch pockets at the front and back. Regular length, designed to hit the top of the foot with little or no stacking. Inspired by the 70s, designed for today.",Denim black,Woven,"[{'name': 'Elastane', 'percentage': '2.00'}, {'name': 'Cotton', 'percentage': '72.00'}, {'name': 'Polyester', 'percentage': '26.00'}]","{'value': 24.99, 'currency': 'GBP'}","['22', '20', '18', '12', '10', '16', '14', '4', '8', '6']",Women,https://image.hm.com/assets/hm/4a/0d/4a0d1729a5f78132c113e908793a3224bb1ecbd5.jpg,121.2
Ribbed cotton-blend top,"Fitted top in soft, ribbed jersey made from a cotton and viscose blend with a round neckline and long sleeves.",White,Knitted,"[{'name': 'Elastane', 'percentage': '5.00'}, {'name': 'Cotton', 'percentage': '48.00'}, {'name': 'Viscose', 'percentage': '47.00'}]","{'value': 12.99, 'currency': 'GBP'}","['XS', 'XXL', 'M', 'S', 'XL', 'L']",Women,https://image.hm.com/assets/hm/f2/ee/f2ee3eb8ab6c06e519e785c4fee4226915cbe59a.jpg,63.0
Knitted hoodie,"Oversized hoodie in a soft knit with a lightly brushed finish. Hood with a wrapover front, dropped shoulders and a kangaroo pocket. Ribbing at the cuffs and hem.",Light grey marl,Knitted,"[{'name': 'Wool', 'percentage': '5.00'}, {'name': 'Elastane', 'percentage': '3.00'}, {'name': 'Polyamide', 'percentage': '29.00'}, {'name': 'Acrylic', 'percentage': '13.00'}, {'name': 'Polyester', 'percentage': '50.00'}]","{'value': 32.99, 'currency': 'GBP'}","['M', 'S', 'XL', 'L', 'XS', 'XXS']",Women,https://image.hm.com/assets/hm/cf/24/cf24a77c1f18c0c98b5580cb88a25739c9b18d7a.jpg,160.0
Cardigan,"Cardigan in a soft knit containing some wool with a V-neck, buttons down the front, dropped shoulders and long sleeves. Ribbing around the neckline, down the button band and at the cuffs and hem.",Dark grey marl,Knitted,"[{'name': 'Wool', 'percentage': '5.00'}, {'name': 'Elastane', 'percentage': '3.00'}, {'name': 'Polyamide', 'percentage': '29.00'}, {'name': 'Acrylic', 'percentage': '13.00'}, {'name': 'Polyester', 'percentage': '50.00'}]","{'value': 32.99, 'currency': 'GBP'}","['XXS', 'XS', 'S', 'M', 'L', 'XL']",Women,https://image.hm.com/assets/hm/e9/3b/e93baf9c2020d3d2f38f959ad5ae5003db5a4e8f.jpg,160.0
Lace-trimmed mohair-blend jumper,"Loose-fit jumper in a soft knit containing mohair and wool. It features a turtle neck, dropped shoulders and long sleeves. Narrow ribbing at the cuffs and hem, and an additional, accent-colour lace trim at the hem.",Dark brown,Knitted,"[{'name': 'Mohair', 'percentage': '30.00'}, {'name': 'Wool', 'percentage': '28.00'}, {'name': 'Elastane', 'percentage': '4.00'}, {'name': 'Polyamide', 'percentage': '38.00'}]","{'value': 74.99, 'currency': 'GBP'}","['L', 'S', 'M', 'XS']",Women,https://image.hm.com/assets/hm/ae/61/ae619ae5dbd6ace5fa72bc4e72b13e6d9c2062ec.jpg,363.7
Fine-knit trousers,"Trousers in a soft, lightly brushed fine knit containing some wool. High waist with covered elastication and straight legs.",Light grey marl,Knitted,"[{'name': 'Wool', 'percentage': '5.00'}, {'name': 'Elastane', 'percentage': '3.00'}, {'name': 'Polyamide', 'percentage': '29.00'}, {'name': 'Acrylic', 'percentage': '13.00'}, {'name': 'Polyester', 'percentage': '50.00'}]","{'value': 32.99, 'currency': 'GBP'}","['XL', 'M', 'L', 'XS', 'S', 'XXS']",Women,https://image.hm.com/assets/hm/3a/42/3a426fa398368faea234aebefd3146578175c520.jpg,160.0
Throw-on wrap blazer,"Blazer in a viscose-blend weave with an all-over print and narrow piping. The design features a wrapover front with concealed narrow ties at one side and a spaghetti tie belt. Dropped shoulders and long, wide sleeves. Unlined.",Black/Floral,Woven,"[{'name': 'Polyamide', 'percentage': '15.00'}, {'name': 'Viscose', 'percentage': '85.00'}]","{'value': 44.99, 'currency': 'GBP'}","['S', 'M', 'XXS', 'XS', 'XXL', 'L', 'XL']",Women,https://image.hm.com/assets/hm/ad/ee/adee546a1f9924059392e34273a401dc3817adf2.jpg,218.2
Wide High Jeans,"5-pocket jeans in washed cotton denim with a high waist, zip fly and button and wide, straight legs.",Denim blue,Woven,"[{'name': 'Elastane', 'percentage': '1.00'}, {'name': 'Cotton', 'percentage': '99.00'}]","{'value': 24.99, 'currency': 'GBP'}","['20', '18', '16', '14', '12', '10', '8', '6', '4', '26', '24', '22']",Women,https://image.hm.com/assets/hm/d7/a7/d7a7df0bb9e034b42d71713ccb3bd23a67d7a6af.jpg,121.2
Lace-trimmed vest top,"Fitted vest top in ribbed cotton jersey with a deep, round neckline and narrow shoulder straps. Lace trim around the neckline and armholes.",Black,Jersey,"[{'name': 'Cotton', 'percentage': '100.00'}]","{'value': 6.99, 'currency': 'GBP'}","['XL', 'L', 'XS', 'XXS', 'M', 'S']",Women,https://image.hm.com/assets/hm/fa/9e/fa9eee8da3523a209f29dcfd91617b964cecf4a7.jpg,33.9
Print-motif sweatshirt,"Oversized top in sweatshirt fabric with a soft brushed inside and a print motif on the front. Round, rib-trimmed neckline, dropped shoulders and long sleeves. Ribbing at the cuffs and hem.",Dark green/Le Marais,Knitted,"[{'name': 'Cotton', 'percentage': '62.00'}, {'name': 'Polyester', 'percentage': '38.00'}]","{'value': 14.99, 'currency': 'GBP'}","['S', 'M', 'L', 'XL', 'XXS', 'XS']",Women,https://image.hm.com/assets/hm/19/92/1992895e8f83847f46cddb88957a4cd088bac217.jpg,72.7
Flared sweatpants,Trousers in sweatshirt fabric with a soft brushed inside. Regular waist with covered elastication and a drawstring. Legs with gently flared hems.,Black,Knitted,"[{'name': 'Cotton', 'percentage': '60.00'}, {'name': 'Polyester', 'percentage': '40.00'}]","{'value': 19.99, 'currency': 'GBP'}","['L', 'M', 'XXL', 'XL', 'S', 'XS']",Women,https://image.hm.com/assets/hm/df/ec/dfecfca4b2eebd0aea3d85716168d38831eaf04e.jpg,96.95
Ribbed cotton-blend top,"Fitted top in soft, ribbed jersey made from a cotton and viscose blend with a round neckline and long sleeves.",Grey marl,Knitted,"[{'name': 'Elastane', 'percentage': '5.00'}, {'name': 'Cotton', 'percentage': '72.00'}, {'name': 'Viscose', 'percentage': '23.00'}]","{'value': 12.99, 'currency': 'GBP'}","['S', 'XS', 'L', 'M', 'XXL', 'XL']",Women,https://image.hm.com/assets/hm/3a/39/3a39879fb8c05e5e6772bd6cdd485639790ebb74.jpg,63.0
Bow-detail knitted cardigan,"Short cardigan in a soft knit with a round, rib-trimmed neckline, covered buttons down the front and a sheer organza bow at the top. Short sleeves and ribbing at the cuffs and hem.",Black,Knitted,"[{'name': 'Polyamide', 'percentage': '44.00'}, {'name': 'Acrylic', 'percentage': '17.00'}, {'name': 'Alpaca', 'percentage': '5.00'}, {'name': 'Polyester', 'percentage': '34.00'}]","{'value': 27.99, 'currency': 'GBP'}","['XL', 'XXL', 'M', 'L', 'XS', 'S', 'XXS']",Women,https://image.hm.com/assets/hm/0b/03/0b03f40959927700d8339fe00be757662c7809ce.jpg,135.75
Ribbed cotton-blend top,"Fitted top in soft, ribbed jersey made from a cotton and viscose blend with a round neckline and long sleeves.",Dark brown,Knitted,"[{'name': 'Elastane', 'percentage': '5.00'}, {'name': 'Cotton', 'percentage': '48.00'}, {'name': 'Viscose', 'percentage': '47.00'}]","{'value': 12.99, 'currency': 'GBP'}","['XL', 'XXL', 'XS', 'S', 'M', 'L']",Women,https://image.hm.com/assets/hm/22/d5/22d593a7e8e325a80bc76a6ba3f8fd0b81b697a3.jpg,63.0
Padded triangle bikini top,Lined triangle bikini top with adjustable shoulder straps that thread through loops and tie at the back. Cups with removable inserts that shape the bust and provide good support.,Dark brown/Leopard print,Knitted,"[{'name': 'Elastane', 'percentage': '13.00'}, {'name': 'Polyamide', 'percentage': '87.00'}]","{'value': 12.99, 'currency': 'GBP'}","['XL', 'L', 'XS', 'M', 'S']",Women,https://image.hm.com/assets/hm/ac/af/acaf55619a4f54e2db14c5434c3ed8af68921d00.jpg,63.0
Lace push-up bra,"Push-up bra in mesh and lace with adjustable shoulder straps and underwired, padded cups for a larger bust and fuller cleavage. Hook-and-eye fastening at the back.",Black/Cream,Knitted,"[{'name': 'Elastane', 'percentage': '10.00'}, {'name': 'Polyamide', 'percentage': '39.00'}, {'name': 'Polyester', 'percentage': '51.00'}]","{'value': 14.99, 'currency': 'GBP'}","['34A', '34B', '32B', '36A', '36B', '34D', '38B', '36D', '36C', '34C', '38C']",Women,https://image.hm.com/assets/hm/54/b9/54b9477679565c20404c10a8c532f8de0f03f2e0.jpg,72.7
Cigarette trousers,"Ankle-length cigarette trousers in a stretch weave. Regular waist with concealed elastication, zip fly with a concealed hook-and-eye fastening, side pockets, fake back pockets and tapered legs.",Black,Woven,"[{'name': 'Elastane', 'percentage': '3.00'}, {'name': 'Cotton', 'percentage': '47.00'}, {'name': 'Polyester', 'percentage': '50.00'}]","{'value': 19.99, 'currency': 'GBP'}","['20', '18', '16', '14', '12', '10', '30', '8', '28', '6', '26', '4', '24', '22']",Women,https://image.hm.com/assets/hm/31/eb/31eb6532e61a8ae8d66b3a94f52ad73d612814cf.jpg,96.95
Padded-cup High Leg swimsuit,"Fully lined swimsuit with a straight neckline, narrow shoulder straps and removable inserts that shape the bust and provide good support. High-cut legs and cutaway coverage at the back.",Brown/Leopard print,Knitted,"[{'name': 'Elastane', 'percentage': '12.00'}, {'name': 'Polyester', 'percentage': '88.00'}]","{'value': 22.99, 'currency': 'GBP'}","['XS', 'M', 'S', 'XL', 'L']",Women,https://image.hm.com/assets/hm/68/1f/681f24febbf8db87de0cc118095c7f659dd6283e.jpg,111.5
Cable-knit collared waistcoat,"Waistcoat in a soft cable knit containing some wool. Features a detachable collar in fluffy fabric, narrow ties at the top and buttons down the front. Contrasting-colour whipstitches around the armholes and at the hem.",Dark brown,Knitted,"[{'name': 'Wool', 'percentage': '6.00'}, {'name': 'Acrylic', 'percentage': '10.00'}, {'name': 'Polyester', 'percentage': '84.00'}]","{'value': 24.99, 'currency': 'GBP'}","['S', 'M', 'XXS', 'XS', 'L', 'XL']",Women,https://image.hm.com/assets/hm/04/67/0467228e80e026d8d874ee38d38825f8a7a66d00.jpg,121.2
Fitted microfibre T-shirt,Fitted T-shirt in microfibre with a narrow trim around the neckline.,Dark brown,Knitted,"[{'name': 'Elastane', 'percentage': '8.00'}, {'name': 'Polyamide', 'percentage': '92.00'}]","{'value': 12.99, 'currency': 'GBP'}","['XS', 'XXL', 'M', 'S', 'XL', 'L']",Women,https://image.hm.com/assets/hm/fe/07/fe0736b20625c62c37339976e26f57e1794d8f86.jpg,63.0
Long-sleeved jersey top,Fitted top in cotton jersey with a round neckline and long sleeves.,White,Knitted,"[{'name': 'Elastane', 'percentage': '3.00'}, {'name': 'Cotton', 'percentage': '97.00'}]","{'value': 12.99, 'currency': 'GBP'}","['XXL', 'XL', 'L', 'M', 'S', 'XS', 'XXS']",Women,https://image.hm.com/assets/hm/28/70/287032e63c68afe5473c778411d3d7e0eab2aa3d.jpg,63.0
Lace tights,"Lace tights with a regular, elasticated waist.",Black,Knitted,"[{'name': 'Elastane', 'percentage': '15.00'}, {'name': 'Polyamide', 'percentage': '85.00'}]","{'value': 12.99, 'currency': 'GBP'}","['XL', 'XS/S', 'M/L']",Women,https://image.hm.com/assets/hm/be/ed/beed4aa0babc815191a25db4f5d8b8f00f615aa4.jpg,63.0
Oxford shirt,"Shirt in washed Oxford cotton with a collar, buttons down the front and a yoke with a hanger at the back. Relaxed fit with dropped shoulders, long sleeves with buttoned cuffs, and a rounded hem. Slightly longer at the back.",White,Woven,"[{'name': 'Cotton', 'percentage': '100.00'}]","{'value': 19.99, 'currency': 'GBP'}","['XS', 'XXS', 'M', '4XL', 'S', 'XL', 'L', '3XL', 'XXL']",Women,https://image.hm.com/assets/hm/23/e4/23e4a90c9f653e777e73db28d96f783007fd37d7.jpg,96.95
Lace-collared jumper,Fitted jumper in a soft knit containing some wool. Round neckline with a Peter Pan collar in lace and a keyhole opening with a button at the back of the neck. Ribbing at the cuffs and hem.,White,Knitted,"[{'name': 'Wool', 'percentage': '5.00'}, {'name': 'Elastane', 'percentage': '3.00'}, {'name': 'Acrylic', 'percentage': '40.00'}, {'name': 'Polyester', 'percentage': '52.00'}]","{'value': 19.99, 'currency': 'GBP'}","['L', 'XL', 'XXS', 'XS', 'S', 'M']",Women,https://image.hm.com/assets/hm/08/1c/081cf0054aaf40d2dd65d5a32d43cc0cdbbbc4fe.jpg,96.95
Lace-trimmed jersey top,"Long-sleeved, fitted top in ribbed jersey with a lace-trimmed V-neckline.",Light grey marl,Knitted,"[{'name': 'Elastane', 'percentage': '8.00'}, {'name': 'Viscose', 'percentage': '92.00'}]","{'value': 9.99, 'currency': 'GBP'}","['M', 'L', 'XL', 'XXS', 'XS', 'S']",Women,https://image.hm.com/assets/hm/25/77/257723548da392118ec4f8303c6e782a9526aea2.jpg,48.45
Regular Fit Jersey top,"Top in lightweight cotton jersey with a round, rib-trimmed neckline, long sleeves and a straight-cut hem. Regular fit for comfortable wear and a classic silhouette.",Dark brown,Knitted,"[{'name': 'Cotton', 'percentage': '100.00'}]","{'value': 9.99, 'currency': 'GBP'}","['XXL', 'XL', 'L', 'M', 'S', 'XS']",Men,https://image.hm.com/assets/hm/b0/93/b093a56198a85bc688dd9b50b272a2e5d2d8b60c.jpg,48.45
Mesh sports T-shirt with DryMove™,"Sports T-shirt in functional mesh made with DryMove™, which helps pull moisture away from your skin, keeping you comfortably dry while moving. Stretch mesh fabric is breathable and offers optimal comfort and freedom of movement during workouts. Regular fit for comfortable wear and a classic silhouette.",Black,Knitted,"[{'name': 'Elastane', 'percentage': '8.00'}, {'name': 'Polyester', 'percentage': '92.00'}]","{'value': 12.99, 'currency': 'GBP'}","['M', 'L', 'XL', 'XXL', 'XS', 'S', '3XL']",Men,https://image.hm.com/assets/hm/5f/88/5f880a98cc048231179cb19c25c830f74f067e15.jpg,63.0
Loose Fit Sweatpants,"Sweatpants in heavyweight sweatshirt fabric made from a cotton blend, with a soft brushed inside. Designed with covered elastication and a drawstring at the waist, and side pockets. Loose fit for a generous but not oversized silhouette.",Brown,Knitted,"[{'name': 'Cotton', 'percentage': '60.00'}, {'name': 'Polyester', 'percentage': '40.00'}]","{'value': 22.99, 'currency': 'GBP'}","['XXL', 'XL', 'L', 'M', 'S', 'XS']",Men,https://image.hm.com/assets/hm/c7/f4/c7f47296d01dcb0da348037078e16bc0d203af4e.jpg,111.5
Padded canvas jacket,"Lightly padded jacket in sturdy cotton canvas with accent-colour stitching. Features a drawstring hood, zip down the front, welt side pockets and an inner pocket, all with a concealed press-stud. Raglan sleeves and covered elastication at the cuffs and hem. Quilted lining.",Dark mole,Woven,"[{'name': 'Cotton', 'percentage': '100.00'}]","{'value': 59.99, 'currency': 'GBP'}","['XS', 'XXL', 'M', 'S', 'XL', 'L']",Men,https://image.hm.com/assets/hm/90/76/9076c3b9b03f49559ff2759e6a9b414e435b3f6e.jpg,290.95
Loose  Fit Zip-through hoodie,"Zip-through hoodie in midweight sweatshirt fabric with a soft brushed inside. Hood with a drawstring, zip down the front and front pockets. Dropped shoulders, long sleeves and ribbing at the cuffs and hem. Loose fit for a generous but not oversized silhouette.",Whitw,Knitted,"[{'name': 'Cotton', 'percentage': '60.00'}, {'name': 'Polyester', 'percentage': '40.00'}]","{'value': 22.99, 'currency': 'GBP'}","['XS', 'L', 'XL', 'S', 'M', 'XXL']",Men,https://image.hm.com/assets/hm/a3/e8/a3e8cbdf949f8bc3450bf48a64a230c70e5ead62.jpg,111.5
Relaxed Fit Poplin trousers,"Trousers in cotton poplin with an elasticated, drawstring waist, a fake fly and side pockets. Relaxed fit for a casual but not oversized silhouette.",Black,Woven,"[{'name': 'Cotton', 'percentage': '100.00'}]","{'value': 19.99, 'currency': 'GBP'}","['XXL', 'M', 'S', 'XL', 'L']",Men,https://image.hm.com/assets/hm/1c/3a/1c3aa74e2fed4ace18f2ec1725050e738911aabe.jpg,96.95
Padded gilet,"Padded gilet in a water-repellent and windproof quilted weave featuring a stand-up collar, zip down the front with an anti-chafe chin guard, zipped side pockets and an inner pocket. Regular fit for comfortable wear and a classic silhouette. Lined.",Black,Woven,"[{'name': 'Polyester', 'percentage': '100.00'}]","{'value': 37.99, 'currency': 'GBP'}","['XS', 'S', 'XL', 'XXL', 'M', 'L']",Men,https://image.hm.com/assets/hm/7d/76/7d76c4b63e6d68ef61ba19adb7bfb8db8cd8e9cf.jpg,184.25
Loose Fit Long-sleeved jersey top,"Top in midweight cotton jersey featuring a round, rib-trimmed neckline, dropped shoulders, ribbed cuffs and a straight-cut hem. Loose fit for a generous but not oversized silhouette.",Grey,Knitted,"[{'name': 'Cotton', 'percentage': '100.00'}]","{'value': 12.99, 'currency': 'GBP'}","['M', 'S', 'XL', 'L', 'XXL', 'XS']",Men,https://image.hm.com/assets/hm/ff/06/ff06a750fa7cc595bbf6cb1e16457d342e0e245f.jpg,63.0
Regular Fit T-shirt,"T-shirt in lightweight cotton jersey with a round, rib-trimmed neckline and a straight-cut hem. Regular fit for comfortable wear and a classic silhouette.",Pink,Knitted,"[{'name': 'Cotton', 'percentage': '100.00'}]","{'value': 5.99, 'currency': 'GBP'}","['XL', 'L', 'M', 'S', 'XXL', 'XS']",Men,https://image.hm.com/assets/hm/b3/46/b3461ffbc796719329e0177fe613e1c854f9cb2b.jpg,29.05
Loose Fit Printed T-shirt,"Boxy-style T-shirt in lightweight cotton jersey with print motifs, a ribbed crew neck, dropped shoulders and a straight-cut hem. Loose fit for a generous but not oversized silhouette.",White/New York City,Knitted,"[{'name': 'Cotton', 'percentage': '100.00'}]","{'value': 9.99, 'currency': 'GBP'}","['XXL', 'XL', 'L', 'M', 'S', 'XS']",Men,https://image.hm.com/assets/hm/3a/e7/3ae72254b93a4bb61c466bec162fcec8ba92d46e.jpg,48.45
Regular Jeans,"5-pocket jeans in cotton denim with a slight stretch for good comfort. Straight leg and a regular fit from the waist to the hem with a comfortable, looser feel around the whole leg. Regular waist and a zip fly.",Black,Woven,"[{'name': 'Elastane', 'percentage': '1.00'}, {'name': 'Cotton', 'percentage': '99.00'}]","{'value': 34.99, 'currency': 'GBP'}","['32/32', '40/32', '34/34', '32/30', '29/32', '30/32', '30/34', '33/32', '36/32', '32/34', '30/30', '36/34', '31/32', '28/32', '34/30', '31/34', '34/32', '38/32', '33/34', '28/30']",Men,https://image.hm.com/assets/hm/39/96/39966692dce4819fd2cb12b0f53e2edc41b69b40.jpg,169.7
Relaxed Fit Printed T-shirt,"T-shirt in cotton jersey with print motifs, a round, rib-trimmed neckline, dropped shoulders and a straight-cut hem. Relaxed fit for a casual but not oversized silhouette.",Grey marl/Balance,Knitted,"[{'name': 'Cotton', 'percentage': '60.00'}, {'name': 'Polyester', 'percentage': '40.00'}]","{'value': 12.99, 'currency': 'GBP'}","['L', 'XL', 'S', 'M']",Men,https://image.hm.com/assets/hm/3f/b0/3fb03210b275f6da560f586470a7711d9ac0850c.jpg,63.0
Slim Fit Tailored trousers,"Tailored trousers in a soft weave with a zip fly and button, side pockets and jetted back pockets with a button. Legs with creases. Slim fit that hugs the contours of your body, creating a fitted silhouette.",Dark grey,Woven,"[{'name': 'Elastane', 'percentage': '4.00'}, {'name': 'Viscose', 'percentage': '29.00'}, {'name': 'Polyester', 'percentage': '67.00'}]","{'value': 27.99, 'currency': 'GBP'}","['31', '32', '29', '30', '33', '34', '36', '28', '38']",Men,https://image.hm.com/assets/hm/59/6a/596a4bf582b6e23797a08595a8546fabd3b57f8e.jpg,135.75
5-pack Regular Fit T-shirts,"T-shirts in lightweight cotton jersey with a round, rib-trimmed neckline and a straight-cut hem. Regular fit for comfortable wear and a classic silhouette.",Teal/Brown,Knitted,"[{'name': 'Cotton', 'percentage': '100.00'}]","{'value': 29.99, 'currency': 'GBP'}","['XL', 'XXL', 'XS', 'S', 'M', 'L']",Men,https://image.hm.com/assets/hm/65/ab/65abb75b860ce4f3e8492f0aa602b4374026c61b.jpg,145.45
Padded canvas jacket,"Lightly padded jacket in sturdy cotton canvas with accent-colour stitching. Features a drawstring hood, zip down the front, welt side pockets and an inner pocket, all with a concealed press-stud. Raglan sleeves and covered elastication at the cuffs and hem. Quilted lining.",Black,Woven,"[{'name': 'Cotton', 'percentage': '100.00'}]","{'value': 59.99, 'currency': 'GBP'}","['XL', 'XXL', 'XS', 'S', 'M', 'L']",Men,https://image.hm.com/assets/hm/41/60/416006d3c2d99031ee4c4a8cdb30f6d06d58c681.jpg,290.95
Loose Fit Hoodie,"Hoodie in midweight sweatshirt fabric made from a cotton blend with a soft brushed inside. Lined hood, kangaroo pocket, dropped shoulders, long sleeves and ribbing at the cuffs and hem. Loose fit for a generous but not oversized silhouette.",Black/Ford,Knitted,"[{'name': 'Cotton', 'percentage': '60.00'}, {'name': 'Polyester', 'percentage': '40.00'}]","{'value': 32.99, 'currency': 'GBP'}","['XS', 'M', 'S', 'XL', 'L', 'XXL']",Men,https://image.hm.com/assets/hm/87/fd/87fd68b88e78bcaccebff37caf740909aabcd5e5.jpg,160.0
Slim Fit Cotton T-shirt,"Fitted T-shirt in cotton jersey with a round, rib-trimmed neckline, gently dropped shoulders and a straight-cut hem.",Black,Jersey,"[{'name': 'Cotton', 'percentage': '100.00'}]","{'value': 9.99, 'currency': 'GBP'}","['XL', 'XXL', 'M', 'L', 'XS', 'S']",Men,https://image.hm.com/assets/hm/e0/fb/e0fb290245d6a858dc8489bf2cd153a539f4967e.jpg,48.45
Relaxed Fit Printed T-shirt,"T-shirt in cotton jersey with print motifs, a round, rib-trimmed neckline, dropped shoulders and a straight-cut hem. Relaxed fit for a casual but not oversized silhouette.",White/Umami Foods,Knitted,"[{'name': 'Cotton', 'percentage': '100.00'}]","{'value': 12.99, 'currency': 'GBP'}","['XL', 'L', 'M', 'S']",Men,https://image.hm.com/assets/hm/59/19/591994f64c80d5a94857bc48d6ee262246dd81b9.jpg,63.0
Relaxed Fit Trousers,"Trousers in woven fabric with a zip fly, button and covered elastication with a concealed drawstring at the waist. Diagonal side pockets, jetted back pockets with a button and legs with creases. Relaxed fit for a casual but not oversized silhouette.",Black,Woven,"[{'name': 'Elastane', 'percentage': '4.00'}, {'name': 'Viscose', 'percentage': '29.00'}, {'name': 'Polyester', 'percentage': '67.00'}]","{'value': 32.99, 'currency': 'GBP'}","['M', 'S', 'XL', 'L', 'XXL', 'XS']",Men,https://image.hm.com/assets/hm/04/2d/042da10133b5099ffe067a25d7a0f5200752237c.jpg,160.0
Original Straight Jeans,"5-pocket jeans in rigid cotton denim with a straight leg and a regular fit from the waist to the hem with a comfortable, looser feel around the whole leg. Regular waist and a button fly.",Washed black,Woven,"[{'name': 'Cotton', 'percentage': '100.00'}]","{'value': 34.99, 'currency': 'GBP'}","['29/32', '32/30', '34/34', '40/32', '34/32', '31/34', '28/32', '34/30', '31/32', '32/32', '30/30', '36/34', '32/34', '36/32', '28/30', '33/34', '38/32', '33/32', '30/34', '30/32']",Men,https://image.hm.com/assets/hm/73/c4/73c4566b173d24e7900fa88ce6eb218f69b92b2c.jpg,169.7
Regular Fit Sweatpants,"Sweatpants in lightweight sweatshirt fabric made from a cotton blend with a soft brushed inside. Covered elastication and a drawstring at the waist, pockets in the side seams and ribbed hems. Regular fit for comfortable wear and a classic silhouette.",Dark greige,Jersey,"[{'name': 'Cotton', 'percentage': '60.00'}, {'name': 'Polyester', 'percentage': '40.00'}]","{'value': 19.99, 'currency': 'GBP'}","['M', 'L', 'XL', 'XXL', 'XS', 'S']",Men,https://image.hm.com/assets/hm/ac/20/ac209aca738fe29ee524b5050f6ce24c3adb074a.jpg,96.95
Slim Fit Sports joggers with DryMove™,"Tapered sports joggers in functional fabric made with DryMove™, which helps pull moisture away from your skin, keeping you comfortably dry while moving. Slim fit with an elasticated, drawstring waist and side pockets with a taped zip.",Black,Knitted,"[{'name': 'Elastane', 'percentage': '5.00'}, {'name': 'Viscose', 'percentage': '14.00'}, {'name': 'Polyester', 'percentage': '81.00'}]","{'value': 32.99, 'currency': 'GBP'}","['XS', 'M', 'S', 'XL', 'L', '3XL', 'XXL']",Men,https://image.hm.com/assets/hm/c0/8f/c08fed6ec2bea6c5e295d15536b070e2300e694e.jpg,160.0
Slim Fit Cotton chinos,"Chinos in stretch cotton twill with a zip fly and button, diagonal side pockets and welt back pockets with a button. Slim fit that hugs the contours of your body, creating a fitted silhouette.",Light beige,Woven,"[{'name': 'Elastane', 'percentage': '2.00'}, {'name': 'Cotton', 'percentage': '98.00'}]","{'value': 19.99, 'currency': 'GBP'}","['38', '36', '34', '33', '32', '31', '30', '29', '28']",Men,https://image.hm.com/assets/hm/c4/59/c459a56c307a618b5c9507eaa476ac20b709d651.jpg,96.95
Relaxed Fit Sweatpants,"Sweatpants in midweight sweatshirt fabric made from a cotton blend with a soft brushed inside. Covered elastication and a drawstring at the waist, pockets in the side seams and ribbed hems. Relaxed fit for a casual but not oversized silhouette.",Grey,Jersey,"[{'name': 'Cotton', 'percentage': '60.00'}, {'name': 'Polyester', 'percentage': '40.00'}]","{'value': 19.99, 'currency': 'GBP'}","['XL', 'L', 'M', 'S', 'XXL', 'XS']",Men,https://image.hm.com/assets/hm/e1/f9/e1f9f209c4c61fe8aefb0ae8c870ec4738daad6c.jpg,96.95
Loose Fit Printed T-shirt,"T-shirt in midweight cotton jersey with a print motif, round, rib-trimmed neckline, dropped shoulders and a straight-cut hem. Loose fit for a generous but not oversized silhouette.",Light blue/Wickford Hills,Knitted,"[{'name': 'Cotton', 'percentage': '100.00'}]","{'value': 9.99, 'currency': 'GBP'}","['XL', 'XXL', 'XS', 'S', 'M', 'L']",Men,https://image.hm.com/assets/hm/16/09/160960ddc9730e3763c4ecc57bebdd873a686b26.jpg,48.45
2-pack Regular Fit Sweatpants,"Sweatpants in cotton jersey with an elasticated, drawstring waist, a fake fly, side pockets and ribbed hems. Regular fit for comfortable wear and a classic silhouette.",Dark grey,Knitted,"[{'name': 'Elastane', 'percentage': '18.00'}, {'name': 'Polyester', 'percentage': '82.00'}]","{'value': 27.99, 'currency': 'GBP'}","['S', 'M', 'XS', 'XXL', 'L', 'XL']",Men,https://image.hm.com/assets/hm/96/af/96afedae35b5c25d20801a4e8e1c2ae2dbe10dcd.jpg,135.75
Mesh sports T-shirt with DryMove™,"Sports T-shirt in functional mesh made with DryMove™, which helps pull moisture away from your skin, keeping you comfortably dry while moving. Stretch mesh fabric is breathable and offers optimal comfort and freedom of movement during workouts. Regular fit for comfortable wear and a classic silhouette.",Grey marl,Knitted,"[{'name': 'Elastane', 'percentage': '8.00'}, {'name': 'Polyester', 'percentage': '92.00'}]","{'value': 12.99, 'currency': 'GBP'}","['XXL', 'L', 'XL', 'S', 'M', 'XS']",Men,https://image.hm.com/assets/hm/a4/74/a474575bf8b39e8f7485aa383097553c33ff24f7.jpg,63.0
Muscle Fit Sports top with DryMove™,"Sports top in functional fabric made with DryMove™, which helps pull moisture away from your skin, keeping you comfortably dry while moving. Round neckline, long raglan sleeves and anti-chafe flatlock seams. Muscle fit with narrow shoulders and tapered sleeves to create a flattering silhouette.",Black,Knitted,"[{'name': 'Elastane', 'percentage': '21.00'}, {'name': 'Polyester', 'percentage': '79.00'}]","{'value': 22.99, 'currency': 'GBP'}","['XXL', 'XL', 'S', 'L', 'M']",Men,https://image.hm.com/assets/hm/f1/10/f1103c8cfe4763f99116e79f9c03b1a9f9850db8.jpg,111.5
Regular Fit Linen trousers,"Trousers in airy linen with covered elastication and a concealed drawstring at the waist, a fake fly, discreet side pockets and a welt back pocket. Regular fit for comfortable wear and a classic silhouette. Fabric made from linen is breathable, beautiful both ironed and wrinkled, and softens over time.",Black,Woven,"[{'name': 'Linen', 'percentage': '100.00'}]","{'value': 44.99, 'currency': 'GBP'}","['XS', 'M', 'S', 'XL', 'L', 'XXL']",Men,https://image.hm.com/assets/hm/57/8d/578d88a3268dfd7ce63c2b6a4b3f7d370b9878f0.jpg,218.2
Loose Fit Nylon track pants,Colour-blocked track pants in nylon with piping. Elasticated drawstring with cord stoppers at the waist and hems. Diagonal side pockets. Loose fit for a generous but not oversized silhouette.,Black/Panels,Woven,"[{'name': 'Polyamide', 'percentage': '100.00'}]","{'value': 37.99, 'currency': 'GBP'}","['S', 'XS', 'XXL', 'XL', 'L', 'M']",Men,https://image.hm.com/assets/hm/52/5e/525e6738d81b8f081a89a1a972dd3b53109e9aa8.jpg,184.25
Oversized Fit Zip-through hoodie,"Zip-through hoodie in heavyweight sweatshirt fabric made from a cotton blend with a soft brushed inside. Jersey-lined, drawstring hood, a zip down the front, dropped shoulders and long sleeves. Front pockets and ribbing at the cuffs and hem. Oversized fit for a baggy, extra-loose silhouette.",Dark green,Knitted,"[{'name': 'Cotton', 'percentage': '60.00'}, {'name': 'Polyester', 'percentage': '40.00'}]","{'value': 27.99, 'currency': 'GBP'}","['XS', 'S', 'M', 'L', 'XL', 'XXL']",Men,https://image.hm.com/assets/hm/e2/7b/e27b3d60cd5c91ffc109637f55b95dbb4def739f.jpg,135.75
Simon Scuba Hoodie,"A loose-fit hoodie, crafted from a chunky scuba fabric in a recycled polyester and viscose blend. Enhanced with a touch of recycled elastane for added stretch and comfort, this hoodie features slightly dropped shoulders, a convenient kangaroo pocket, and smooth cuffs and hemline.
",Dark Grey,Knitted,"[{'name': 'Elastane', 'percentage': '6.00'}, {'name': 'Viscose', 'percentage': '24.00'}, {'name': 'Polyamide', 'percentage': '70.00'}]","{'value': 39.99, 'currency': 'GBP'}","['XS', 'M', 'S', 'XL', 'L']",Men,https://media.weekday.com/assets/003/bf/0c/bf0cf7c4c0e48bc9fe5a648f36b4f01adf3eb148.jpg,193.95
Mesh sports T-shirt with DryMove™,"Sports T-shirt in functional mesh made with DryMove™, which helps pull moisture away from your skin, keeping you comfortably dry while moving. Stretch mesh fabric is breathable and offers optimal comfort and freedom of movement during workouts. Regular fit for comfortable wear and a classic silhouette.",Dark brown,Knitted,"[{'name': 'Elastane', 'percentage': '8.00'}, {'name': 'Polyester', 'percentage': '92.00'}]","{'value': 12.99, 'currency': 'GBP'}","['XL', 'XXL', 'M', 'L', 'XS', 'S']",Men,https://image.hm.com/assets/hm/78/07/7807b884b24d65100ec1254df3f28bcf0247e57c.jpg,63.0
3-pack Regular Fit T-shirts,"T-shirts in lightweight cotton jersey with a round, rib-trimmed neckline and a straight-cut hem. Regular fit for comfortable wear and a classic silhouette.",White,Knitted,"[{'name': 'Cotton', 'percentage': '100.00'}]","{'value': 17.99, 'currency': 'GBP'}","['XS', 'S', 'M', 'L', 'XL', 'XXL']",Men,https://image.hm.com/assets/hm/65/86/6586560871845dd06b093e3777ddfb71f78ff84b.jpg,87.25
Short running tights with DryMove™,"Short running tights in functional fabric made with DryMove™, which helps pull moisture away from your skin, keeping you comfortably dry while moving. Elastic waistband with a concealed drawstring, and a phone pocket on one leg.",Black,Knitted,"[{'name': 'Elastane', 'percentage': '21.00'}, {'name': 'Polyester', 'percentage': '79.00'}]","{'value': 15.99, 'currency': 'GBP'}","['S', 'L', 'M', 'XL']",Men,https://image.hm.com/assets/hm/a0/4e/a04e3cc64256338f17e9a835336546d4e2b72780.jpg,77.55
Loose Fit Long-sleeved jersey top,"Top in midweight cotton jersey featuring a round, rib-trimmed neckline, dropped shoulders, ribbed cuffs and a straight-cut hem. Loose fit for a generous but not oversized silhouette.",Navy blue,Knitted,"[{'name': 'Cotton', 'percentage': '100.00'}]","{'value': 12.99, 'currency': 'GBP'}","['XL', 'XXL', 'M', 'L', 'XS', 'S']",Men,https://image.hm.com/assets/hm/db/b8/dbb8ea320e4f46a7a6e74abb1623bbcbdf4eeb95.jpg,63.0
Knitted jumper,"Jumper in a soft knit containing some wool with a round, rib-trimmed neckline, dropped shoulders, long sleeves and ribbing at the cuffs and hem.",Dark mole,Knitted,"[{'name': 'Wool', 'percentage': '5.00'}, {'name': 'Elastane', 'percentage': '3.00'}, {'name': 'Acrylic', 'percentage': '40.00'}, {'name': 'Polyester', 'percentage': '52.00'}]","{'value': 19.99, 'currency': 'GBP'}","['XXS', 'XXL', 'XL', 'L', 'M', 'S', 'XS']",Women,https://image.hm.com/assets/hm/05/21/052135a2add61c04ec38436f3d7fb95a06ab105f.jpg,96.95
Sweatpants,"Sweatpants in sweatshirt fabric made from a cotton blend with a soft brushed inside. Elasticated smocking and a concealed drawstring at the waist, side pockets and straight legs.",Grey marl,Knitted,"[{'name': 'Cotton', 'percentage': '60.00'}, {'name': 'Polyester', 'percentage': '40.00'}]","{'value': 14.99, 'currency': 'GBP'}","['S', 'M', 'L', 'XL', 'XS', 'XXL']",Women,https://image.hm.com/assets/hm/c5/4e/c54e88a467a03ddaf0a174eb5d01e69c197492fa.jpg,72.7
Slim Straight High Ankle Jeans,"5-pocket jeans in cotton denim with a slight stretch for good comfort. Straight leg with a regular fit from the waist to the thigh and a narrow, straight cut from the knee to the hem. High waist with a zip fly and button, and creases down the front and back. Ankle length, designed to hit at the ankle bone. A versatile, everyday design.",Denim blue,Woven,"[{'name': 'Elastane', 'percentage': '1.00'}, {'name': 'Cotton', 'percentage': '99.00'}]","{'value': 24.99, 'currency': 'GBP'}","['18', '20', '14', '16', '10', '12', '6', '8', '4', '22']",Women,https://image.hm.com/assets/hm/2d/f2/2df25302318ce4aa1dfa059ed4f83170c477bebd.jpg,121.2
Teddy cardigan,"Short cardigan in soft teddy with a ribbed collar, buttons down the front and long sleeves.",Beige,Knitted,"[{'name': 'Polyester', 'percentage': '100.00'}]","{'value': 24.99, 'currency': 'GBP'}","['XS', 'XXS', 'M', 'S', 'XL', 'L']",Women,https://image.hm.com/assets/hm/20/b4/20b40c0765385b677da7bba668f24c728836be37.jpg,121.2
Batwing-sleeved jersey top,"Top in stretch cotton jersey featuring a round neckline and long, wide batwing sleeves.",White,Knitted,"[{'name': 'Elastane', 'percentage': '7.00'}, {'name': 'Cotton', 'percentage': '93.00'}]","{'value': 12.99, 'currency': 'GBP'}","['S', 'XS', 'L', 'M']",Women,https://image.hm.com/assets/hm/fe/8f/fe8fa79c7f6703f94fe97efc9ff91f4aa8d79ee3.jpg,63.0
Flared Low Jeans,"Jeans in denim with a slight stretch for good comfort. Flared leg with a slim fit from the waist to the thigh and a flared cut from the knee to the hem. Low waist with a zip fly and button. Fake front pockets, a coin pocket and open back pockets. Regular length, designed to hit the top of the foot with little or no stacking. A fashion icon from the 70s to now.",Denim black,Woven,"[{'name': 'Elastane', 'percentage': '2.00'}, {'name': 'Cotton', 'percentage': '73.00'}, {'name': 'Polyester', 'percentage': '25.00'}]","{'value': 19.99, 'currency': 'GBP'}","['22', '4', '6', '8', '10', '12', '14', '16', '18', '20']",Women,https://image.hm.com/assets/hm/58/a2/58a298e1d1bd9e7ff2e3e396330e13d2903887a4.jpg,96.95
5-pack lace-trimmed cotton briefs,"Briefs in cotton jersey with lace trims, a low, V-shaped waist, lined gusset and cutaway coverage at the back.",Burgundy/Light pink,Knitted,"[{'name': 'Cotton', 'percentage': '95.00'}, {'name': 'Elastane', 'percentage': '5.00'}]","{'value': 14.99, 'currency': 'GBP'}","['XS', 'S', 'M', 'L', 'XL']",Women,https://image.hm.com/assets/hm/27/a4/27a453036f71e2d7be1c936ae59eade5d2c011c6.jpg,72.7
Shirt,Shirt in woven fabric with a collar and buttons down the front. Yoke with a box pleat at the back and long sleeves with buttoned cuffs and a sleeve placket with a link button. Rounded hem.,Navy blue/Striped,Woven,"[{'name': 'Polyester', 'percentage': '100.00'}]","{'value': 19.99, 'currency': 'GBP'}","['XS', 'S', 'M', 'L', 'XXS', 'XL', 'XXL']",Women,https://image.hm.com/assets/hm/21/a7/21a7673cf3522cc7dceb57295b3dbf4a05a21ddd.jpg,96.95
Cotton-blend shirt,"Long-sleeved shirt woven in a cotton blend with a collar and buttons down the front. Yoke at the back, buttoned cuffs and a rounded hem.",White,Woven,"[{'name': 'Elastane', 'percentage': '4.00'}, {'name': 'Cotton', 'percentage': '73.00'}, {'name': 'Polyester', 'percentage': '23.00'}]","{'value': 14.99, 'currency': 'GBP'}","['XXS', 'XS', 'XXL', 'L', '3XL', 'XL', 'S', 'M', '4XL']",Women,https://image.hm.com/assets/hm/08/dd/08dd7372aea50f0848b0db1243957c1ddc584fe0.jpg,72.7
Fine-knit trousers,"Trousers in a soft, lightly brushed fine knit containing some wool. High waist with covered elastication and straight legs.",Dark grey marl,Knitted,"[{'name': 'Wool', 'percentage': '5.00'}, {'name': 'Elastane', 'percentage': '3.00'}, {'name': 'Polyamide', 'percentage': '29.00'}, {'name': 'Acrylic', 'percentage': '13.00'}, {'name': 'Polyester', 'percentage': '50.00'}]","{'value': 32.99, 'currency': 'GBP'}","['L', 'XL', 'S', 'M', 'XXS', 'XS']",Women,https://image.hm.com/assets/hm/91/42/91421dda4c0b23c5f0df27f3aa2ba0c0102e2876.jpg,160.0
5-pack lace thong briefs,"Thong briefs in lace with a low, V-shaped waist, lined gusset and narrow sides.",White/Floral,Knitted,"[{'name': 'Cotton', 'percentage': '100.00'}]","{'value': 14.99, 'currency': 'GBP'}","['XL', 'L', 'M', 'S', 'XS']",Women,https://image.hm.com/assets/hm/05/cc/05cc92367035fc6d5d2f4f11fefe7ae2b618c1ce.jpg,72.7
2-piece sweatshirt set,"Set with a top and pair of joggers in sweatshirt fabric with a soft brushed inside. Long-sleeved top with a round, ribbed neckline, dropped shoulders and ribbing at the cuffs and hem. Joggers with an elasticated waist and elasticated hems.",Dark green,Knitted,"[{'name': 'Cotton', 'percentage': '100.00'}]","{'value': 24.99, 'currency': 'GBP'}","['L', 'XL', 'S', 'M', 'XXS', 'XS']",Women,https://image.hm.com/assets/hm/49/e2/49e2f771436f83830076a81d4b488c1c9d34ae85.jpg,121.2
Batwing-sleeved jumper,Loose-fit jumper in a soft knit with a boat neckline and 3/4-length batwing sleeves.,Light beige,Knitted,"[{'name': 'Acrylic', 'percentage': '80.00'}, {'name': 'Polyester', 'percentage': '20.00'}]","{'value': 19.99, 'currency': 'GBP'}","['XS/S', 'M/L']",Women,https://image.hm.com/assets/hm/fa/43/fa43e3297a6d2a240d1ac6abc9d88321e1bd65bb.jpg,96.95
Jumper,"Jumper in a soft knit with a round, rib-trimmed neckline, low dropped shoulders and long sleeves. Narrow ribbing at the cuffs and hem.",Light beige marl,Knitted,"[{'name': 'Wool', 'percentage': '5.00'}, {'name': 'Elastane', 'percentage': '3.00'}, {'name': 'Polyamide', 'percentage': '29.00'}, {'name': 'Acrylic', 'percentage': '13.00'}, {'name': 'Polyester', 'percentage': '50.00'}]","{'value': 22.99, 'currency': 'GBP'}","['S', 'XS', 'XXS', 'XL', 'L', 'M']",Women,https://image.hm.com/assets/hm/a8/a4/a8a473ebda777bb02006578a8b117c24e8b192d3.jpg,111.5
Cardigan,"Cardigan in a soft knit containing some wool with a V-neck, buttons down the front, dropped shoulders and long sleeves. Ribbing around the neckline, down the button band and at the cuffs and hem.",Light grey marl,Knitted,"[{'name': 'Wool', 'percentage': '5.00'}, {'name': 'Elastane', 'percentage': '3.00'}, {'name': 'Polyamide', 'percentage': '29.00'}, {'name': 'Acrylic', 'percentage': '13.00'}, {'name': 'Polyester', 'percentage': '50.00'}]","{'value': 32.99, 'currency': 'GBP'}","['XL', 'L', 'M', 'S', 'XS', 'XXS']",Women,https://image.hm.com/assets/hm/dc/e8/dce8c517bf3f41a8e213a9f83c8db575b74c0bf4.jpg,160.0
Cotton pyjamas,"Pyjamas with a T-shirt and pair of bottoms in soft cotton jersey. T-shirt with a round, ribbed neckline and dropped shoulders. Bottoms with an elasticated waist.",Cream/Floral,Knitted,"[{'name': 'Cotton', 'percentage': '100.00'}]","{'value': 19.99, 'currency': 'GBP'}","['XXS', 'XS', 'S', 'M', 'L', 'XL']",Women,https://image.hm.com/assets/hm/a3/b1/a3b193f8a618e62ab82d19b42694103d272a2589.jpg,96.95
High-waisted tailored trousers,"Tailored trousers in jersey with a high, elasticated waist. Relaxed fit with diagonal side pockets and wide legs with pleats at the top and creases down the front.",Black,Jersey,"[{'name': 'Elastane', 'percentage': '5.00'}, {'name': 'Polyester', 'percentage': '95.00'}]","{'value': 19.99, 'currency': 'GBP'}","['XXL', 'XL', 'S', 'XS', 'L', '4XL', 'M', '3XL', 'XXS']",Women,https://image.hm.com/assets/hm/07/61/0761e6d892c35ce3d6ff95dfa491b905f25d0207.jpg,96.95
2-piece knitted set,"Set with a top and a pair of trousers in a fine rib knit. Sleeveless, fitted top with a turtle neck and an opening with buttons at the back of the neck. Shaping seams down the front and back. Trousers with an elasticated waist and straight legs with sewn-in creases down the front.",Dark beige,Knitted,"[{'name': 'Cotton', 'percentage': '30.00'}, {'name': 'Polyester', 'percentage': '70.00'}]","{'value': 29.99, 'currency': 'GBP'}","['XL', 'L', 'M', 'S', 'XS', 'XXS']",Women,https://image.hm.com/assets/hm/d0/67/d06700d5a8cd19303bbaf20ab2ccf9e44c9a448c.jpg,145.45
Knitted jumper,"Jumper in a soft knit containing some wool with a round, rib-trimmed neckline, dropped shoulders, long sleeves and ribbing at the cuffs and hem.",Light mole marl,Knitted,"[{'name': 'Wool', 'percentage': '5.00'}, {'name': 'Elastane', 'percentage': '3.00'}, {'name': 'Acrylic', 'percentage': '40.00'}, {'name': 'Polyester', 'percentage': '52.00'}]","{'value': 19.99, 'currency': 'GBP'}","['XXL', 'XL', 'L', 'M', 'S', 'XS', 'XXS']",Women,https://image.hm.com/assets/hm/f0/09/f009f7af55c05f18e76c5af1347b969878847ac1.jpg,96.95
Fitted microfibre T-shirt,Fitted T-shirt in microfibre with a narrow trim around the neckline.,White,Knitted,"[{'name': 'Elastane', 'percentage': '8.00'}, {'name': 'Polyamide', 'percentage': '92.00'}]","{'value': 12.99, 'currency': 'GBP'}","['M', 'L', 'XS', 'S', 'XL', 'XXL', 'XXS']",Women,https://image.hm.com/assets/hm/f7/20/f720b25286b9341a951f738d56dddf64d9adb1ed.jpg,63.0
Cotton muslin pyjamas,"Pyjamas with a shirt and pair of bottoms in soft cotton muslin. Shirt with a collar, buttons down the front, a patch chest pocket, dropped shoulders and long sleeves. Bottoms with an elasticated, drawstring waist and straight legs.",Cream/Floral,Woven,"[{'name': 'Cotton', 'percentage': '100.00'}]","{'value': 37.99, 'currency': 'GBP'}","['S', 'M', 'L', 'XL', 'XXS', 'XS']",Women,https://image.hm.com/assets/hm/6d/f0/6df0530433b261f55c40d2fa1bb16b6d0f5effb1.jpg,184.25
Sarong,Sarong in an airy weave that can be tied at the front and worn as a skirt.,Brown/Leopard print,Woven,"[{'name': 'Polyester', 'percentage': '100.00'}]","{'value': 12.99, 'currency': 'GBP'}",['150x130'],Women,https://image.hm.com/assets/hm/0b/7f/0b7fd17da64bfbfab01f5d94c6f241705d64021e.jpg,63.0
Off-the-shoulder jumper,"Short, fitted jumper in a soft rib knit featuring a foldover at the top with a twisted detail at the front. Long sleeves and a straight hem.",White,Knitted,"[{'name': 'Wool', 'percentage': '5.00'}, {'name': 'Elastane', 'percentage': '3.00'}, {'name': 'Acrylic', 'percentage': '40.00'}, {'name': 'Polyester', 'percentage': '52.00'}]","{'value': 22.99, 'currency': 'GBP'}","['XXS', 'S', 'XS', 'L', 'M', 'XXL', 'XL']",Women,https://image.hm.com/assets/hm/b8/30/b830c02a393c9737000114d91dd0ddc1d85ce415.jpg,111.5
3-pack socks,"Socks in a soft, fine knit with ribbed shafts and elasticated tops.",White,Knitted,"[{'name': 'Elastodiene', 'percentage': '3.00'}, {'name': 'Elastane', 'percentage': '2.00'}, {'name': 'Cotton', 'percentage': '70.00'}, {'name': 'Polyamide', 'percentage': '25.00'}]","{'value': 4.99, 'currency': 'GBP'}","['3-5', '6-8']",Women,https://image.hm.com/assets/hm/a0/9f/a09f1d9a7d9f5bd55ef9496e6e3facc2e6850a88.jpg,24.2
Wide High Jeans,"5-pocket jeans in washed cotton denim with a high waist, zip fly and button and wide, straight legs.",Navy denim blue,Woven,"[{'name': 'Elastane', 'percentage': '1.00'}, {'name': 'Cotton', 'percentage': '97.00'}, {'name': 'Elastomultiester', 'percentage': '2.00'}]","{'value': 24.99, 'currency': 'GBP'}","['24', '4', '26', '6', '8', '10', '12', '14', '16', '18', '20', '22']",Women,https://image.hm.com/assets/hm/e2/0d/e20d5f086bc1edab4d5d6c2721a5765f334a7746.jpg,121.2
Jumper,"Jumper in a soft knit with a round, rib-trimmed neckline, low dropped shoulders and long sleeves. Narrow ribbing at the cuffs and hem.",Light grey marl,Knitted,"[{'name': 'Wool', 'percentage': '5.00'}, {'name': 'Elastane', 'percentage': '3.00'}, {'name': 'Polyamide', 'percentage': '29.00'}, {'name': 'Acrylic', 'percentage': '13.00'}, {'name': 'Polyester', 'percentage': '50.00'}]","{'value': 22.99, 'currency': 'GBP'}","['XL', 'M', 'L', 'XS', 'S', 'XXS']",Women,https://image.hm.com/assets/hm/3c/5d/3c5dee15b76182017b98f58a7fe40bc962fb2f23.jpg,111.5
Batwing-sleeved jersey top,"Top in stretch cotton jersey featuring a round neckline and long, wide batwing sleeves.",Dark dusty blue,Knitted,"[{'name': 'Elastane', 'percentage': '7.00'}, {'name': 'Cotton', 'percentage': '93.00'}]","{'value': 12.99, 'currency': 'GBP'}","['XS', 'L', 'M', 'S']",Women,https://image.hm.com/assets/hm/6d/a7/6da715119fe86063db79b3496f98c8be2bf7c1cd.jpg,63.0
Oversized turtleneck jumper,"Oversized jumper in a soft knit featuring a ribbed turtle neck with a slit and metal button at the back. Dropped shoulders, long sleeves and ribbing at the cuffs and hem.",Light mole marl,Knitted,"[{'name': 'Wool', 'percentage': '5.00'}, {'name': 'Acrylic', 'percentage': '41.00'}, {'name': 'Polyester', 'percentage': '54.00'}]","{'value': 37.99, 'currency': 'GBP'}","['XXS', 'M', 'L', 'XS', 'S', 'XL', 'XXL']",Women,https://image.hm.com/assets/hm/e4/6c/e46c9bed45b58f85b79f67d8ede81c507c02fdff.jpg,184.25
Tie tanga Cheeky bikini bottoms,"Fully lined bikini bottoms with a mid waist, ties that tunnel through the sides and cutaway coverage at the back.",Dark brown/Leopard print,Knitted,"[{'name': 'Elastane', 'percentage': '13.00'}, {'name': 'Polyamide', 'percentage': '87.00'}]","{'value': 12.99, 'currency': 'GBP'}","['L', 'XL', 'XS', 'S', 'M']",Women,https://image.hm.com/assets/hm/6d/44/6d447445471074ed16cf62ced9cbead09ebcafbd.jpg,63.0
Draped halterneck dress,"Fitted, sleeveless mini dress in Ponte di Roma jersey with a deep cowl neckline, wide halterneck ties and gathers at the sides to create a draped effect.",Black,Knitted,"[{'name': 'Elastane', 'percentage': '5.00'}, {'name': 'Polyester', 'percentage': '95.00'}]","{'value': 12.99, 'currency': 'GBP'}","['XL', 'S', 'XS', 'L', 'M', 'XXS']",Women,https://image.hm.com/assets/hm/12/ea/12ea5ce07b7e610be0727497b3f13dc4250a429c.jpg,63.0
Asymmetric top,Long-sleeved top in heavy jersey featuring an asymmetric neckline with pleats on one shoulder to create a draped effect.,Black,Knitted,"[{'name': 'Elastane', 'percentage': '7.00'}, {'name': 'Polyester', 'percentage': '93.00'}]","{'value': 12.99, 'currency': 'GBP'}","['XL', 'L', 'XS', 'M', 'S']",Women,https://image.hm.com/assets/hm/62/ed/62edb07586fd017301d55311765ceb995b1f017a.jpg,63.0
Balconette bikini top,"Lined balconette bikini top with underwired cups that give the bust a natural shape and provide light support. Elasticated, ruched shoulder straps and narrow ties at the back.",Dark brown/Leopard print,Knitted,"[{'name': 'Elastane', 'percentage': '13.00'}, {'name': 'Polyamide', 'percentage': '87.00'}]","{'value': 14.99, 'currency': 'GBP'}","['36A', '36B', '34A', '34B', '32B', '38C', '36C', '34C', '38D', '36D', '34D', '38B']",Women,https://image.hm.com/assets/hm/21/3a/213a26a71ca71801a8432fe4ec48da9b367a6f1a.jpg,72.7
2-piece top and trousers set,"Set with a top and pair of trousers in heavy jersey. Top with a double-layered turtle neck, exposed seam down the front, dropped shoulders and long sleeves. Trousers with an elasticated waist and straight legs with sewn-in creases down the front.",Navy blue,Knitted,"[{'name': 'Elastane', 'percentage': '10.00'}, {'name': 'Viscose', 'percentage': '47.00'}, {'name': 'Polyester', 'percentage': '43.00'}]","{'value': 34.99, 'currency': 'GBP'}","['XS', 'XXS', 'M', 'S', 'XL', 'L']",Women,https://image.hm.com/assets/hm/a2/62/a26216aa1a0ac055e65cac71155ae74b62fea935.jpg,169.7
Denim drawstring trousers,"Loose-fit, wide-leg trousers in rigid denim made from a cotton and lyocell blend. Elasticated, drawstring waist, discreet side pockets and welt back pockets.",Dark denim blue,Woven,"[{'name': 'Cotton', 'percentage': '76.00'}, {'name': 'Lyocell', 'percentage': '24.00'}]","{'value': 24.99, 'currency': 'GBP'}","['S', 'M', 'XXS', 'XS', 'L', 'XL']",Women,https://image.hm.com/assets/hm/2c/1f/2c1f6ce2fc679885fe5c159d9a3f4fd35f93214e.jpg,121.2
Knitted jumper,"Jumper in a soft knit containing some wool with a round, rib-trimmed neckline, dropped shoulders, long sleeves and ribbing at the cuffs and hem.",Cream,Knitted,"[{'name': 'Wool', 'percentage': '5.00'}, {'name': 'Elastane', 'percentage': '3.00'}, {'name': 'Acrylic', 'percentage': '40.00'}, {'name': 'Polyester', 'percentage': '52.00'}]","{'value': 19.99, 'currency': 'GBP'}","['S', 'M', 'L', 'XL', 'XXL', 'XXS', 'XS']",Women,https://image.hm.com/assets/hm/fe/57/fe57765d9b185a19dc176ff510dd12f12101e9a3.jpg,96.95
2-pack T-shirts,"Short, fitted T-shirts in soft cotton jersey with a narrow trim around the neckline.",White/Black,Jersey,"[{'name': 'Elastane', 'percentage': '5.00'}, {'name': 'Cotton', 'percentage': '95.00'}]","{'value': 9.99, 'currency': 'GBP'}","['XS', 'XXS', 'XL', 'L', 'M', 'S']",Women,https://image.hm.com/assets/hm/33/79/3379204f4f1b0bbf3316bcb448216176ce3fab07.jpg,48.45
Ski socks,Ski socks in a warm wool blend with high shafts and elasticated tops.,Black,Knitted,"[{'name': 'Wool', 'percentage': '76.00'}, {'name': 'Elastane', 'percentage': '2.00'}, {'name': 'Polyamide', 'percentage': '5.00'}, {'name': 'Polyester', 'percentage': '17.00'}]","{'value': 22.99, 'currency': 'GBP'}","['9-10.5', '6.5-8', '4-6', '1-3']",Women,https://image.hm.com/assets/hm/e7/2b/e72beca33f6f93436bd3b374cdeaae3914b96ff9.jpg,111.5
Relaxed Fit Sweatpants,"Sweatpants in midweight sweatshirt fabric made from a cotton blend with a soft brushed inside. Covered elastication and a drawstring at the waist, pockets in the side seams and ribbed hems. Relaxed fit for a casual but not oversized silhouette.",White,Jersey,"[{'name': 'Cotton', 'percentage': '60.00'}, {'name': 'Polyester', 'percentage': '40.00'}]","{'value': 19.99, 'currency': 'GBP'}","['XXL', 'M', 'S', 'XL', 'L', 'XS']",Men,https://image.hm.com/assets/hm/42/05/420503dba93bdbda8ff3e36938326a0001056dec.jpg,96.95
3-pack mid trunks with Lycra®,"Trunks in stretch jersey with flatlock seams for added comfort. Elasticated waist, a lined front and slightly longer legs. Made using Lycra® Xtra Life™ technology for high comfort and long-lasting shape.",Green/Beige/Brown,Knitted,"[{'name': 'Elastane', 'percentage': '5.00'}, {'name': 'Cotton', 'percentage': '95.00'}]","{'value': 15.99, 'currency': 'GBP'}","['XS', 'S', 'M', 'L', 'XL', 'XXL']",Men,https://image.hm.com/assets/hm/a6/32/a632d63125c121fe9fc9b72cec3a9e2a2c047419.jpg,77.55
Loose Fit T-shirt,"T-shirt in soft, printed midweight cotton jersey with dropped shoulders and a round neckline with a narrow trim. Loose fit for a generous but not oversized silhouette.",White/Claude Monet,Knitted,"[{'name': 'Cotton', 'percentage': '100.00'}]","{'value': 12.99, 'currency': 'GBP'}","['M', 'S', 'XL', 'L']",Men,https://image.hm.com/assets/hm/29/a6/29a626adf1d30007ff6a19274ab9ad55205204ab.jpg,63.0
3-pack Regular Fit T-shirts,"T-shirts in lightweight cotton jersey with a round, rib-trimmed neckline and a straight-cut hem. Regular fit for comfortable wear and a classic silhouette.",Dark blue,Knitted,"[{'name': 'Cotton', 'percentage': '100.00'}]","{'value': 17.99, 'currency': 'GBP'}","['M', 'L', 'XL', 'XXL', 'XS', 'S']",Men,https://image.hm.com/assets/hm/26/7d/267de2dce0e90d90f9866a4164634ce5dafa6837.jpg,87.25
Single-breasted coat,"Single-breasted coat in felted fabric containing some wool featuring notch lapels, buttons down the front and diagonal welt side pockets. Regular fit for comfortable wear and a classic silhouette. Sleeve lining.",Dark brown,Woven,"[{'name': 'Wool', 'percentage': '11.00'}, {'name': 'Polyester', 'percentage': '89.00'}]","{'value': 64.99, 'currency': 'GBP'}","['XS', 'M', 'S', 'XL', 'L', 'XXL']",Men,https://image.hm.com/assets/hm/d2/42/d24211d9fab02a54992306c71460263449f6fa28.jpg,315.2
Relaxed Fit Cargo trousers,"Cargo trousers in cotton twill featuring covered elastication at the back of the waist, a zip fly and a button. Patch pockets with flaps and concealed press-studs on the legs and at the back. Relaxed fit for a casual but not oversized silhouette.",Washed black,Woven,"[{'name': 'Cotton', 'percentage': '100.00'}]","{'value': 37.99, 'currency': 'GBP'}","['XS', 'S', 'XL', 'XXL', 'M', 'L']",Men,https://image.hm.com/assets/hm/5b/07/5b0715a6048538fa2be7baf09f6a5a51e4f838eb.jpg,184.25
Relaxed Fit Printed T-shirt,"T-shirt in cotton jersey with print motifs, a round, rib-trimmed neckline, dropped shoulders and a straight-cut hem. Relaxed fit for a casual but not oversized silhouette.",White/Soho Creatives,Knitted,"[{'name': 'Cotton', 'percentage': '100.00'}]","{'value': 12.99, 'currency': 'GBP'}","['S', 'M', 'L', 'XL']",Men,https://image.hm.com/assets/hm/33/9d/339d51956e4a9f9f2b4040f966715feff6e9c447.jpg,63.0
Loose Fit Jersey trousers,"Trousers in soft midweight jersey with an elasticated, drawstring waist, a fake fly and discreet side pockets. Loose fit for a generous but not oversized silhouette.",Brown,Knitted,"[{'name': 'Elastane', 'percentage': '2.00'}, {'name': 'Cotton', 'percentage': '69.00'}, {'name': 'Polyester', 'percentage': '29.00'}]","{'value': 27.99, 'currency': 'GBP'}","['M', 'L', 'XS', 'S', 'XL', 'XXL']",Men,https://image.hm.com/assets/hm/e7/59/e759b628c2f28efc28b2a465c0a10f139a4f7208.jpg,135.75
Relaxed Fit Long-sleeved Polo shirt,"Long-sleeved polo shirt in a soft, fine knit with a collar, a button placket and a wide, ribbed trim at the cuffs and hem. Relaxed fit for a casual but not oversized silhouette.",Dark blue/Stripes,Knitted,"[{'name': 'Polyamide', 'percentage': '22.00'}, {'name': 'Viscose', 'percentage': '55.00'}, {'name': 'Polyester', 'percentage': '23.00'}]","{'value': 32.99, 'currency': 'GBP'}","['XS', 'S', 'M', 'L', 'XL', 'XXL']",Men,https://image.hm.com/assets/hm/18/81/18812b0957798e6173a63ef0d53d9492a9711148.jpg,160.0
Loose Fit T-shirt,"T-shirt in soft, printed midweight cotton jersey with dropped shoulders and a round neckline with a narrow trim. Loose fit for a generous but not oversized silhouette.",White/Snoopy,Knitted,"[{'name': 'Cotton', 'percentage': '100.00'}]","{'value': 12.99, 'currency': 'GBP'}","['S', 'XS', 'XXL', 'XL', 'L', 'M']",Men,https://image.hm.com/assets/hm/a8/a2/a8a23beac5454ff57c40a4844fa9f9564bff2c63.jpg,63.0
5-pack mid trunks with Lycra®,"Trunks in stretch jersey with flatlock seams for added comfort. Elasticated waist, a lined front and mid-length legs. Made using Lycra® Xtra Life™ technology for high comfort and long-lasting shape.",Navy blue,Knitted,"[{'name': 'Elastane', 'percentage': '5.00'}, {'name': 'Cotton', 'percentage': '95.00'}]","{'value': 27.99, 'currency': 'GBP'}","['XS', 'S', 'M', 'L', 'XL', 'XXL']",Men,https://image.hm.com/assets/hm/f2/9e/f29ea33ac84e49f3e4f49b4dd7a999d30a41b846.jpg,135.75
Baggy Jeans,5-pocket jeans in rigid cotton denim. Rounded leg and a baggy fit from the seat to the hem with plenty of room around the whole leg. Dropped crotch and stacked at the ankle. Regular waist and a zip fly. It's denim perfection.,Medium denim grey,Woven,"[{'name': 'Cotton', 'percentage': '100.00'}]","{'value': 34.99, 'currency': 'GBP'}","['30/30', '36/34', '32/34', '36/32', '32/32', '28/30', '33/34', '38/32', '33/32', '30/34', '30/32', '29/32', '32/30', '34/34', '40/32', '34/32', '31/34', '28/32', '34/30', '31/32']",Men,https://image.hm.com/assets/hm/a0/14/a014d7663dffdeba4e39ad787aeaf31eee940834.jpg,169.7
Regular Fit Sweatpants,"Sweatpants in interlock sweatshirt fabric with a soft brushed inside. Covered elastication and a concealed drawstring at the waist, fake fly, diagonal side pockets, a welt back pocket and tapered legs with ribbing at the hems. Regular fit for comfortable wear and a classic silhouette.",Dark brown,Knitted,"[{'name': 'Cotton', 'percentage': '42.00'}, {'name': 'Polyester', 'percentage': '58.00'}]","{'value': 22.99, 'currency': 'GBP'}","['XXL', 'S', 'M', 'L', 'XL', 'XS']",Men,https://image.hm.com/assets/hm/31/77/3177692c7a108229cfab3e81850345a4c7db2ef3.jpg,111.5
5-pack short trunks with Lycra®,"Trunks in stretch jersey with flatlock seams for added comfort. Elasticated waist, a lined front and short legs. Made using Lycra® Xtra Life™ technology for high comfort and long-lasting shape.",Black,Knitted,"[{'name': 'Cotton', 'percentage': '95.00'}, {'name': 'Elastane', 'percentage': '5.00'}]","{'value': 27.99, 'currency': 'GBP'}","['S', 'M', 'L', 'XL', 'XXL', 'XS']",Men,https://image.hm.com/assets/hm/e0/2a/e02af2d1ac878945fd4eb7b8d2344b8fd3db72e3.jpg,135.75
Loose Fit Printed T-shirt,"T-shirt in midweight cotton jersey with a print motif, round, rib-trimmed neckline, dropped shoulders and a straight-cut hem. Loose fit for a generous but not oversized silhouette.",Brown/Adapt,Knitted,"[{'name': 'Cotton', 'percentage': '100.00'}]","{'value': 9.99, 'currency': 'GBP'}","['XXL', 'M', 'S', 'XL', 'L', 'XS']",Men,https://image.hm.com/assets/hm/a0/bd/a0bd27a0b641b1f92ddc134f51588a9dcecdfc41.jpg,48.45
Slim Fit Tailored trousers,"Tailored trousers in a soft weave with a zip fly and button, side pockets and jetted back pockets with a button. Legs with creases. Slim fit that hugs the contours of your body, creating a fitted silhouette.",Black,Woven,"[{'name': 'Cotton', 'percentage': '35.00'}, {'name': 'Polyester', 'percentage': '65.00'}]","{'value': 27.99, 'currency': 'GBP'}","['30', '31', '32', '33', '28', '29', '34', '36', '38']",Men,https://image.hm.com/assets/hm/63/fc/63fc4c4940c671512294c809f17573956079ddc9.jpg,135.75
Loose Fit Printed hoodie,"Hoodie in printed midweight sweatshirt fabric made from a cotton blend with a soft brushed inside. Drawstring hood, dropped shoulders, long sleeves, a kangaroo pocket and wide ribbing at the cuffs and hem. Loose fit for a generous but not oversized silhouette.",Black/Nirvana,Knitted,"[{'name': 'Cotton', 'percentage': '60.00'}, {'name': 'Polyester', 'percentage': '40.00'}]","{'value': 32.99, 'currency': 'GBP'}","['L', 'XL', 'S', 'M', 'XXL']",Men,https://image.hm.com/assets/hm/01/d5/01d55915e8634094563aedfd06c0debd9b0a513e.jpg,160.0
Sports T-shirt with DryMove™,"Sports T-shirt in functional fabric with a washed look and soft handfeel. Made with DryMove™, which helps pull moisture away from your skin, keeping you comfortably dry while moving. Regular fit with a round neckline and forward-facing side seams.",Dusty rose,Knitted,"[{'name': 'Elastane', 'percentage': '7.00'}, {'name': 'Lyocell', 'percentage': '18.00'}, {'name': 'Polyester', 'percentage': '75.00'}]","{'value': 19.99, 'currency': 'GBP'}","['S', 'M', 'L', 'XL', 'XXL']",Men,https://image.hm.com/assets/hm/e1/f1/e1f14159d91e5de75ad5acf0aa671d3e742d3215.jpg,96.95
Slim Fit Jacquard-knit polo shirt,"Polo shirt in a jacquard-knit cotton blend with a collar, button placket and short sleeves. Slim fit that hugs the contours of your body, creating a fitted silhouette.",Cream ,Knitted,"[{'name': 'Cotton', 'percentage': '52.00'}, {'name': 'Polyester', 'percentage': '48.00'}]","{'value': 19.99, 'currency': 'GBP'}","['XXL', 'XL', 'L', 'M', 'S', 'XS']",Men,https://image.hm.com/assets/hm/ef/59/ef59c3bbbe8de1dfb0e4e8d8dec6e7c1f07f92b4.jpg,96.95
Loose Fit Printed hoodie,"Hoodie in printed sweatshirt fabric with a soft brushed inside. Lined hood with a wrapover front, dropped shoulders, a kangaroo pocket and ribbing at the cuffs and hem. Loose fit for a generous but not oversized silhouette.",Black/Kodak,Knitted,"[{'name': 'Cotton', 'percentage': '60.00'}, {'name': 'Polyester', 'percentage': '40.00'}]","{'value': 27.99, 'currency': 'GBP'}","['XXL', 'XL', 'S', 'L', 'M']",Men,https://image.hm.com/assets/hm/0b/64/0b64ac55664f841787934871083a83c20bef3b6a.jpg,135.75
Regular Fit Track jacket with DryMove™,"Track jacket in functional scuba fabric made with DryMove™, which helps pull moisture away from your skin, keeping you comfortably dry while moving. Regular fit with a stand collar and a two-way zip down the front. Long sleeves with side stripes in a contrasting colour, welt side pockets and ribbing at the cuffs and hem.",Black,Knitted,"[{'name': 'Cotton', 'percentage': '40.00'}, {'name': 'Polyester', 'percentage': '60.00'}]","{'value': 42.99, 'currency': 'GBP'}","['S', 'M', 'L', 'XL', 'XXL']",Men,https://image.hm.com/assets/hm/b1/eb/b1eb6296bc71300ae903f6b0571ee327e56474c8.jpg,208.5
Loose Fit Zip-top scuba sweatshirt,"Top in heavyweight scuba fabric featuring a stand-up collar, zip at the top, dropped shoulders, long sleeves and a wide trim at the cuffs and hem. Loose fit for a generous but not oversized silhouette.",Burgundy,Knitted,"[{'name': 'Elastane', 'percentage': '8.00'}, {'name': 'Viscose', 'percentage': '24.00'}, {'name': 'Polyester', 'percentage': '68.00'}]","{'value': 37.99, 'currency': 'GBP'}","['S', 'XS', 'L', 'M', 'XXL', 'XL']",Men,https://image.hm.com/assets/hm/1e/0c/1e0cbe224dad6d07b2331856e45ae3a79315a045.jpg,184.25
Single-breasted coat,"Single-breasted coat in felted fabric containing some wool featuring notch lapels, buttons down the front and diagonal welt side pockets. Regular fit for comfortable wear and a classic silhouette. Sleeve lining.",Grey,Woven,"[{'name': 'Wool', 'percentage': '10.00'}, {'name': 'Polyester', 'percentage': '90.00'}]","{'value': 64.99, 'currency': 'GBP'}","['XS', 'S', 'M', 'L', 'XL', 'XXL']",Men,https://image.hm.com/assets/hm/c4/84/c4841aa27e1fccb404512ce06ae7b4b6066ace80.jpg,315.2
Baseball jacket,"Lightly padded baseball jacket in woven fabric with a soft, napped finish and motif details. Ribbed stand collar, press-studs down the front, jetted side pockets and a welt inner pocket with a concealed press-stud. Ribbed trim with contrasting-colour stripes at the cuffs and hem. Quilted lining.",Light brown/NYC,Woven,"[{'name': 'Polyester', 'percentage': '100.00'}]","{'value': 84.99, 'currency': 'GBP'}","['XL', 'XXL', 'XS', 'S', 'M', 'L']",Men,https://image.hm.com/assets/hm/8a/c8/8ac867791969cbed5e0926aceddba44716fda7c2.jpg,412.2
Oversized Fit T-shirt,"T-shirt in heavyweight cotton jersey with a round, rib-trimmed neckline, dropped shoulders and a straight-cut hem. Oversized fit for a baggy, extra-loose silhouette.",Dark brown,Jersey,"[{'name': 'Cotton', 'percentage': '100.00'}]","{'value': 12.99, 'currency': 'GBP'}","['S', 'M', 'L', 'XL', 'XS', 'XXL']",Men,https://image.hm.com/assets/hm/12/cd/12cd8d090fddc6cbc487a5253b1c5c157a91ee23.jpg,63.0
5-pack socks,Fine-knit socks in a soft cotton blend with a ribbed shaft and elastication around the top.,Dark grey/Cream,Knitted,"[{'name': 'Elastane', 'percentage': '2.00'}, {'name': 'Cotton', 'percentage': '74.00'}, {'name': 'Polyamide', 'percentage': '24.00'}]","{'value': 12.99, 'currency': 'GBP'}","['6-8', '11-12.5', '8-11']",Men,https://image.hm.com/assets/hm/20/77/2077bb59642900fcca6727e87bc8d94cc6acee25.jpg,63.0
Boxy-style sports T-shirt with DryMove™,"Boxy-style sports T-shirt in functional fabric made with DryMove™, which helps pull moisture away from your skin, keeping you comfortably dry while moving. Loose fit with a round, rib-trimmed neckline and gently dropped shoulders.",Black/Midnight Run Club,Jersey,"[{'name': 'Cotton', 'percentage': '60.00'}, {'name': 'Polyester', 'percentage': '40.00'}]","{'value': 12.99, 'currency': 'GBP'}","['XL', 'L', '3XL', 'XXL', 'XS', 'M', 'S']",Men,https://image.hm.com/assets/hm/97/66/97663e9c6a8a5352285f80d4e55447f70e3658d3.jpg,63.0
Muscle Fit Sports top with DryMove™,"Sports top in functional fabric made with DryMove™, which helps pull moisture away from your skin, keeping you comfortably dry while moving. Round neckline, long raglan sleeves and anti-chafe flatlock seams. Muscle fit with narrow shoulders and tapered sleeves to create a flattering silhouette.",Dark brown,Knitted,"[{'name': 'Elastane', 'percentage': '21.00'}, {'name': 'Polyester', 'percentage': '79.00'}]","{'value': 22.99, 'currency': 'GBP'}","['XXL', 'L', 'XL', 'S', 'M']",Men,https://image.hm.com/assets/hm/2e/33/2e33c2040a88973cc46c9584bda5e37a9cc48516.jpg,111.5
Collared jacket,"Jacket featuring a collar, zip down the front, a zipped chest pocket and jetted side pockets. Long sleeves with adjustable press-studs at the cuffs, and a straight hem. Lined.",Black,Woven,"[{'name': 'Polyester', 'percentage': '100.00'}]","{'value': 54.99, 'currency': 'GBP'}","['XS', 'S', 'M', 'L', 'XL', 'XXL']",Men,https://image.hm.com/assets/hm/90/6c/906c126d43c047839c7cb40e3b4f301e8b5e4b8d.jpg,266.7
Loose Fit Hoodie,"Hoodie in midweight sweatshirt fabric made from a cotton blend with a soft brushed inside. Lined hood, kangaroo pocket, dropped shoulders, long sleeves and ribbing at the cuffs and hem. Loose fit for a generous but not oversized silhouette.",Black/Gremlins,Knitted,"[{'name': 'Cotton', 'percentage': '60.00'}, {'name': 'Polyester', 'percentage': '40.00'}]","{'value': 32.99, 'currency': 'GBP'}","['XL', 'XXL', 'XS', 'S', 'M', 'L']",Men,https://image.hm.com/assets/hm/5d/ac/5dac277dbf93be677336ac2155c449098d592f16.jpg,160.0
Padded nylon windbreaker,"Padded windbreaker in nylon featuring a drawstring hood, a zip down the front, welt side pockets, and an inner welt pocket with a hidden press-stud. Long sleeves and covered elastication at the cuffs and hem. Quilted lining.",Black/Team Meadows,Woven,"[{'name': 'Polyester', 'percentage': '100.00'}]","{'value': 54.99, 'currency': 'GBP'}","['S', 'M', 'XS', 'XXL', 'L', 'XL']",Men,https://image.hm.com/assets/hm/4e/b7/4eb7fb099357c76f9966aa79d07b338845169900.jpg,266.7
Sports shorts with DryMove™,"Sports shorts in functional fabric made with DryMove™, which helps pull moisture away from your skin, keeping you comfortably dry while moving. Regular fit with covered elastication and a drawstring at the waist. Diagonal side pockets and a zipped pocket in one side seam. Small slit at the hems.",Light grey marl,Knitted,"[{'name': 'Elastane', 'percentage': '12.00'}, {'name': 'Polyester', 'percentage': '88.00'}]","{'value': 19.99, 'currency': 'GBP'}","['XXL', 'L', 'XL', 'S', 'M', 'XS']",Men,https://image.hm.com/assets/hm/e7/5c/e75c9d5a5459f1c3c228575f7eda719f665ff63f.jpg,96.95
3-pack briefs with Lycra®,Briefs in stretch jersey with an elasticated waist and lined front. Flatlock seams for added comfort. Made using Lycra® Xtra Life™ technology for high comfort and long-lasting shape.,Black,Knitted,"[{'name': 'Elastane', 'percentage': '5.00'}, {'name': 'Cotton', 'percentage': '95.00'}]","{'value': 12.99, 'currency': 'GBP'}","['XXL', 'M', 'S', 'XL', 'L', 'XS']",Men,https://image.hm.com/assets/hm/20/d8/20d8492b347e120a529da9479e5acf574e615675.jpg,63.0
Baggy darted jeans,Baggy 5-pocket jeans in rigid cotton denim. Rounded leg and a baggy fit from the seat to the hem with plenty of room around the whole leg and darts at the knee for added volume. Dropped crotch and stacked at the ankle. Regular waist and a zip fly.,Black,Woven,"[{'name': 'Cotton', 'percentage': '100.00'}]","{'value': 42.99, 'currency': 'GBP'}","['34/34', '29/32', '32/32', '38/32', '28/32', '31/32', '34/32', '32/34', '36/32', '30/32', '30/34', '33/32']",Men,https://image.hm.com/assets/hm/47/39/473936d1fc81274f5cc2e002b6a797a16301febd.jpg,208.5
Loose Fit Zip-top scuba sweatshirt,"Top in heavyweight scuba fabric featuring a stand-up collar, zip at the top, dropped shoulders, long sleeves and a wide trim at the cuffs and hem. Loose fit for a generous but not oversized silhouette.",Black,Knitted,"[{'name': 'Elastane', 'percentage': '8.00'}, {'name': 'Viscose', 'percentage': '24.00'}, {'name': 'Polyester', 'percentage': '68.00'}]","{'value': 37.99, 'currency': 'GBP'}","['XS', 'M', 'S', 'XL', 'L', 'XXL']",Men,https://image.hm.com/assets/hm/2e/3d/2e3db8c6bbc86447f263963d2ebd41f53da12537.jpg,184.25
Fluffy coat,"Coat in fluffy fabric with a round neckline, concealed hook-and-eye fastening down the front and pockets in the side seams. Lined.",Dark brown,Woven,"[{'name': 'Polyester', 'percentage': '100.00'}]","{'value': 39.99, 'currency': 'GBP'}","['XL', 'M', 'L', 'XS', 'S', 'XXS']",Women,https://image.hm.com/assets/hm/57/1e/571eec1e6001a8a06bc21198e6ab0539ffe00381.jpg,193.95
Cotton T-shirt,"Straight-cut T-shirt in soft cotton jersey with a round, rib-trimmed neckline and gently dropped shoulders.",Black,Knitted,"[{'name': 'Cotton', 'percentage': '100.00'}]","{'value': 6.99, 'currency': 'GBP'}","['M', '4XL', 'S', 'XL', 'L', '3XL', 'XXL', 'XS', 'XXS']",Women,https://image.hm.com/assets/hm/4b/9e/4b9ec36b35d91c3ec05abb67089e83d5114cb9b1.jpg,33.9
Cotton top,"Fitted top in soft, ribbed cotton jersey with a scoop neckline and long sleeves.",Black,Knitted,"[{'name': 'Elastane', 'percentage': '3.00'}, {'name': 'Cotton', 'percentage': '97.00'}]","{'value': 12.99, 'currency': 'GBP'}","['L', 'M', 'XXL', 'XL', 'S', 'XS']",Women,https://image.hm.com/assets/hm/19/3e/193e40862a7354ebb66107356c247935cc3ae908.jpg,63.0
Bow-detail knitted cardigan,"Short cardigan in a soft knit with a round, rib-trimmed neckline, covered buttons down the front and a sheer organza bow at the top. Short sleeves and ribbing at the cuffs and hem.",Cream,Knitted,"[{'name': 'Polyamide', 'percentage': '44.00'}, {'name': 'Acrylic', 'percentage': '17.00'}, {'name': 'Alpaca', 'percentage': '5.00'}, {'name': 'Polyester', 'percentage': '34.00'}]","{'value': 27.99, 'currency': 'GBP'}","['XXL', 'L', 'XL', 'S', 'M', 'XXS', 'XS']",Women,https://image.hm.com/assets/hm/94/36/9436c10bf26df72591a990f27f6b8664537a972c.jpg,135.75
Zip-through hoodie,"Loose-fit hoodie in sweatshirt fabric with a soft brushed inside. Lined hood, zip down the front and patch front pockets. Dropped shoulders, long sleeves and ribbing at the cuffs and hem.",Black,Knitted,"[{'name': 'Cotton', 'percentage': '60.00'}, {'name': 'Polyester', 'percentage': '40.00'}]","{'value': 22.99, 'currency': 'GBP'}","['M', 'S', 'XL', 'L', 'XXL', 'XS']",Women,https://image.hm.com/assets/hm/d7/d0/d7d0e24dd35f4e056fa77b1ed506ea816cb18b45.jpg,111.5
Skinny High Jeans,5-pocket jeans in stretch denim with a skinny fit from the waist to the hem. High waist with a zip fly and button.,Denim black,Woven,"[{'name': 'Elastane', 'percentage': '1.00'}, {'name': 'Cotton', 'percentage': '75.00'}, {'name': 'Polyester', 'percentage': '24.00'}]","{'value': 19.99, 'currency': 'GBP'}","['8', '6', '12', '10', '22', '4', '26', '24', '16', '14', '20', '18']",Women,https://image.hm.com/assets/hm/a9/ee/a9eecfb8f1cc2469331f8eccc8aa872194423bd0.jpg,96.95
Asymmetric top,Long-sleeved top in heavy jersey featuring an asymmetric neckline with pleats on one shoulder to create a draped effect.,White,Knitted,"[{'name': 'Elastane', 'percentage': '7.00'}, {'name': 'Polyester', 'percentage': '93.00'}]","{'value': 12.99, 'currency': 'GBP'}","['XS', 'L', 'XL', 'S', 'M']",Women,https://image.hm.com/assets/hm/43/ea/43eafced379d1aa72d9ad06c6c3a1aa437fc51c1.jpg,63.0
Fine-knit top,"Loose-fit top in a soft, fine knit with a round, rib-trimmed neckline, dropped shoulders and short sleeves.",Burgundy,Knitted,"[{'name': 'Wool', 'percentage': '5.00'}, {'name': 'Polyamide', 'percentage': '35.00'}, {'name': 'Polyester', 'percentage': '60.00'}]","{'value': 22.99, 'currency': 'GBP'}","['XXS', 'S', 'XS', 'L', 'M', 'XL']",Women,https://image.hm.com/assets/hm/57/4b/574bc2b75ac4a6e68531db3be535cffeeb167138.jpg,111.5
V-neck blouse,"V-neck blouse in woven fabric with a sheen. Collar, buttons down the front, long sleeves with a sleeve placket and buttoned cuffs, and a rounded hem.",Dark blue,Woven,"[{'name': 'Elastane', 'percentage': '4.00'}, {'name': 'Polyester', 'percentage': '96.00'}]","{'value': 14.99, 'currency': 'GBP'}","['XXS', 'XS', 'XXL', 'L', 'XL', 'S', 'M']",Women,https://image.hm.com/assets/hm/8c/cd/8ccd8888b090aeed5ff1978da5c0194e4697e90a.jpg,72.7
Seamless padded soft bra,"Soft, non-wired bra designed with the minimum number of seams for a seamless, comfortable feel against the skin. Adjustable shoulder straps and lined cups with removable inserts that shape the bust and provide good support. No fasteners.",White,Knitted,"[{'name': 'Elastane', 'percentage': '12.00'}, {'name': 'Polyester', 'percentage': '88.00'}]","{'value': 9.99, 'currency': 'GBP'}","['XL', 'L', 'M', 'S', 'XS']",Women,https://image.hm.com/assets/hm/3f/34/3f34c033c22dc354a87d1af14bfd8b7fe1ec3893.jpg,48.45
Wide High Jeans,"5-pocket jeans in washed cotton denim with a high waist, zip fly and button and wide, straight legs.",White,Woven,"[{'name': 'Elastane', 'percentage': '1.00'}, {'name': 'Cotton', 'percentage': '97.00'}, {'name': 'Elastomultiester', 'percentage': '2.00'}]","{'value': 24.99, 'currency': 'GBP'}","['8', '6', '4', '26', '24', '16', '14', '12', '10', '20', '18', '22']",Women,https://image.hm.com/assets/hm/2d/0b/2d0b73767f3d64c08c3a6c868e351f2775245192.jpg,121.2
Lace-trimmed knitted top,"Loose-fit top in a soft knit with a lace-trimmed V-neckline, dropped shoulders and long sleeves.",White,Knitted,"[{'name': 'Elastane', 'percentage': '2.00'}, {'name': 'Viscose', 'percentage': '25.00'}, {'name': 'Polyester', 'percentage': '73.00'}]","{'value': 14.99, 'currency': 'GBP'}","['L', 'M', 'S', 'XS']",Women,https://image.hm.com/assets/hm/65/70/657059161170ec2d0d4831b21cc84d24bd8113ea.jpg,72.7
Viscose-blend pyjamas,"Pyjamas with a long-sleeved shirt and pair of bottoms in soft jersey made from a viscose blend. Shirt with notch lapels and buttons down the front. Bottoms with covered elastication at the waist and wide, straight legs.",Light pink,Knitted,"[{'name': 'Elastane', 'percentage': '4.00'}, {'name': 'Viscose', 'percentage': '34.00'}, {'name': 'Polyester', 'percentage': '62.00'}]","{'value': 29.99, 'currency': 'GBP'}","['XL', 'L', 'M', 'S', 'XS', 'XXS']",Women,https://image.hm.com/assets/hm/75/a0/75a0f37ba9404d441e52f32d62d4cbf02f424978.jpg,145.45
Seamless padded soft bra,"Soft, non-wired bra designed with the minimum number of seams for a seamless, comfortable feel against the skin. Adjustable shoulder straps and lined cups with removable inserts that shape the bust and provide good support. No fasteners.",Light beige,Knitted,"[{'name': 'Elastane', 'percentage': '10.00'}, {'name': 'Polyamide', 'percentage': '90.00'}]","{'value': 9.99, 'currency': 'GBP'}","['L', 'XL', 'S', 'M', 'XS']",Women,https://image.hm.com/assets/hm/e1/44/e144d7e6764672f9388897e71ff940701b2f2863.jpg,48.45
Waisted denim shirt,"Shirt in rigid cotton denim featuring a collar, placket with partially concealed buttons and an inverted box pleat at the front. Forward-facing shoulder seams and elbow-length sleeves. Nipped-in waist with shaping seams at the front and back, and a concealed zip at one side.",Denim blue,Woven,"[{'name': 'Cotton', 'percentage': '100.00'}]","{'value': 24.99, 'currency': 'GBP'}","['M', 'S', 'XL', 'L', 'XS', 'XXS']",Women,https://image.hm.com/assets/hm/d6/c9/d6c92ba3ac515704c187e8cb7c7ca5ddd6a4f91a.jpg,121.2
Cotton-blend sweatpants,"Sweatpants in soft sweatshirt fabric made from a cotton blend. High waist with covered elastication and a drawstring, side pockets, and covered elastication at the hems. Soft brushed inside.",Light grey marl,Jersey,"[{'name': 'Cotton', 'percentage': '77.00'}, {'name': 'Viscose', 'percentage': '3.00'}, {'name': 'Polyester', 'percentage': '20.00'}]","{'value': 14.99, 'currency': 'GBP'}","['S', 'XS', 'L', '4XL', 'M', '3XL', 'XXL', 'XL', 'XXS']",Women,https://image.hm.com/assets/hm/93/bb/93bbf2b911b3f75db70cb0ccf3b1e17ba483d366.jpg,72.7
2-piece knitted set,"Set with a top and a pair of trousers in a fine rib knit. Sleeveless, fitted top with a turtle neck and an opening with buttons at the back of the neck. Shaping seams down the front and back. Trousers with an elasticated waist and straight legs with sewn-in creases down the front.",Olive green,Knitted,"[{'name': 'Cotton', 'percentage': '30.00'}, {'name': 'Polyester', 'percentage': '70.00'}]","{'value': 29.99, 'currency': 'GBP'}","['L', 'XL', 'S', 'M', 'XXS', 'XS']",Women,https://image.hm.com/assets/hm/e1/98/e1986a934db23c4154e484c74203ae183dfd8883.jpg,145.45
Jumper,"Jumper in a soft knit with a round, rib-trimmed neckline, dropped shoulders and long sleeves. Ribbing at the cuffs and hem.",Dark blue,Knitted,"[{'name': 'Wool', 'percentage': '6.00'}, {'name': 'Acrylic', 'percentage': '10.00'}, {'name': 'Polyester', 'percentage': '84.00'}]","{'value': 19.99, 'currency': 'GBP'}","['XXS', 'L', 'M', 'S', 'XS', 'XL']",Women,https://image.hm.com/assets/hm/20/74/207461fbf3baf3b7f294a1284dcc513854603be5.jpg,96.95
Flared Low Jeans,"Jeans in denim with good stretch for excellent comfort. Flared leg with a slim fit from the waist to the thigh and a flared cut from the knee to the hem. Low waist with a zip fly and button, open front pockets and flap back pockets with a button. Regular length, designed to hit the top of the foot with little or no stacking. Style with everything from trainers to ankle boots.",Dark denim blue,Woven,"[{'name': 'Elastane', 'percentage': '1.00'}, {'name': 'Cotton', 'percentage': '72.00'}, {'name': 'Polyester', 'percentage': '27.00'}]","{'value': 24.99, 'currency': 'GBP'}","['12', '14', '16', '18', '20', '22', '4', '6', '8', '10']",Women,https://image.hm.com/assets/hm/d1/71/d171098d5814dd9bbb7239309afd074368f797fd.jpg,121.2
Seamless Light Shape Body,"Non-wired, push-up thong body with a light shaping effect on the waist. Adjustable shoulder straps and padded cups for a larger bust and fuller cleavage. Lined gusset with concealed press-studs. The body is designed with the minimum number of seams for a seamless, comfortable feel against the skin.",Black,Knitted,"[{'name': 'Elastane', 'percentage': '8.00'}, {'name': 'Polyamide', 'percentage': '92.00'}]","{'value': 22.99, 'currency': 'GBP'}","['M', 'L', 'XL', 'XS', 'S']",Women,https://image.hm.com/assets/hm/0a/09/0a0938e3d97bd44ee478a420b7780622da67caf3.jpg,111.5
Cheeky Bikini bottoms,"Fully lined bikini bottoms with a mid waist, covered elastication at the sides and cutaway coverage at the back.",Dark brown/Leopard print,Knitted,"[{'name': 'Elastane', 'percentage': '13.00'}, {'name': 'Polyamide', 'percentage': '87.00'}]","{'value': 12.99, 'currency': 'GBP'}","['S', 'XS', 'L', 'M', 'XL']",Women,https://image.hm.com/assets/hm/97/72/97725d0b527ab84d23d86d5c5db329bb1615c7de.jpg,63.0
Tie-belt coat,"Short coat in felted fabric with a wrapover front, a detachable tie belt at the waist and discreet side pockets. Dropped shoulders and long sleeves. Unlined.",Mole,Woven,"[{'name': 'Polyester', 'percentage': '100.00'}]","{'value': 44.99, 'currency': 'GBP'}","['XXL', 'XL', 'S', 'XS', 'L', 'M']",Women,https://image.hm.com/assets/hm/d0/55/d0552063c1784e3c3d641574f0143e7df06b977c.jpg,218.2
Long-sleeved jersey top,Fitted top in soft jersey with a square neckline and long sleeves.,Dark mole,Jersey,"[{'name': 'Elastane', 'percentage': '13.00'}, {'name': 'Polyester', 'percentage': '87.00'}]","{'value': 9.99, 'currency': 'GBP'}","['XXS', 'XS', 'S', 'M', 'L', 'XL', 'XXL']",Women,https://image.hm.com/assets/hm/5e/84/5e841d7446599ed10b4fc9fa0697ef29b2b94b2b.jpg,48.45
5-pack cotton hipster briefs,"Briefs in cotton jersey with a mid waist, lined gusset and medium coverage at the back.",Black,Jersey,"[{'name': 'Elastane', 'percentage': '5.00'}, {'name': 'Cotton', 'percentage': '95.00'}]","{'value': 12.99, 'currency': 'GBP'}","['S', 'XS', 'L', 'M', 'XL']",Women,https://image.hm.com/assets/hm/02/78/0278fa52e50b4ea15ac25ead834c92e31b8d3925.jpg,63.0
Padded-cup High Leg swimsuit,"Fully lined swimsuit with a straight neckline, narrow shoulder straps and removable inserts that shape the bust and provide good support. High-cut legs and cutaway coverage at the back.",Burgundy,Knitted,"[{'name': 'Elastane', 'percentage': '8.00'}, {'name': 'Polyamide', 'percentage': '92.00'}]","{'value': 22.99, 'currency': 'GBP'}","['S', 'XS', 'L', 'M', 'XL']",Women,https://image.hm.com/assets/hm/28/e9/28e91e39debaf3539c5382359b1264e07ace9067.jpg,111.5
Oversized jumper,"Oversized jumper in a soft, fine knit with a ribbed crew neck and long, gently flared sleeves.",Light beige marl,Knitted,"[{'name': 'Wool', 'percentage': '5.00'}, {'name': 'Polyamide', 'percentage': '35.00'}, {'name': 'Polyester', 'percentage': '60.00'}]","{'value': 32.99, 'currency': 'GBP'}","['M', 'L', 'XL', 'XXL', 'XXS', 'XS', 'S']",Women,https://image.hm.com/assets/hm/6f/83/6f837dac86e73d0a1caf66b8e4cf297153967687.jpg,160.0
Halterneck top,Fitted halterneck top in woven fabric with a cowl neckline and covered buttons at the back of the neck.,Black,Woven,"[{'name': 'Polyester', 'percentage': '100.00'}]","{'value': 19.99, 'currency': 'GBP'}","['XXS', 'XS', 'S', 'M', 'L', 'XL', 'XXL']",Women,https://image.hm.com/assets/hm/8c/5c/8c5c843a050624173777093dd99b9d792bb2584d.jpg,96.95
Jacquard-knit jumper,"Oversized jumper in a soft jacquard knit with a ribbed crew neck, dropped shoulders and ribbing at the cuffs and hem.",Black/Zebra print,Knitted,"[{'name': 'Wool', 'percentage': '5.00'}, {'name': 'Elastane', 'percentage': '3.00'}, {'name': 'Acrylic', 'percentage': '40.00'}, {'name': 'Polyester', 'percentage': '52.00'}]","{'value': 32.99, 'currency': 'GBP'}","['XS', 'XXS', 'M', 'S', 'XL', 'L', 'XXL']",Women,https://image.hm.com/assets/hm/39/bf/39bf0c3bba6c246a1ccf13a47a288c15eb046f41.jpg,160.0
Draped one-shoulder top,"Fitted, long-sleeved top in soft jersey featuring an asymmetric neckline with one bare shoulder. Gathered seams for a draped effect.",Black,Knitted,"[{'name': 'Elastane', 'percentage': '13.00'}, {'name': 'Polyester', 'percentage': '87.00'}]","{'value': 14.99, 'currency': 'GBP'}","['M', 'L', 'XL', 'XXS', 'XS', 'S']",Women,https://image.hm.com/assets/hm/0c/2e/0c2ed8d9de86d66eefc0eddfcb746487a793a69f.jpg,72.7
Short jacket,"Short jacket in woven fabric with a soft, napped finish. Collar, wind flap with concealed press-studs and a zip down the front, and open front pockets. Shoulder gussets for increased mobility, a press-stud at the cuffs and covered elastication at the hem. Lined.",Brown,Woven,"[{'name': 'Polyester', 'percentage': '100.00'}]","{'value': 49.99, 'currency': 'GBP'}","['L', 'M', 'S', 'XS']",Women,https://image.hm.com/assets/hm/ad/bb/adbbb0a4af8be389ea29e1b3ab6480337153cb1b.jpg,242.45
Flared tailored trousers,Tailored trousers in woven fabric featuring a high waist with a zip fly and a concealed hook-and-bar fastener. Slim fit with welt back pockets and flared legs.,Black,Woven,"[{'name': 'Elastane', 'percentage': '4.00'}, {'name': 'Viscose', 'percentage': '29.00'}, {'name': 'Polyester', 'percentage': '67.00'}]","{'value': 17.99, 'currency': 'GBP'}","['20', '18', '16', '14', '12', '10', '8', '6', '4', '22']",Women,https://image.hm.com/assets/hm/c5/1f/c51f2bf88d23806e45105f04ab4ee64571082950.jpg,87.25
2-pack T-shirts,"Short, fitted T-shirts in soft cotton jersey with a narrow trim around the neckline.",Light greige/Navy blue,Jersey,"[{'name': 'Elastane', 'percentage': '5.00'}, {'name': 'Cotton', 'percentage': '95.00'}]","{'value': 9.99, 'currency': 'GBP'}","['XXS', 'S', 'XS', 'L', 'M', 'XL']",Women,https://image.hm.com/assets/hm/3e/50/3e508f0bca892fb0b4e679fb8a123011660033a0.jpg,48.45
Flared Low Jeans,"Jeans in denim with a slight stretch for good comfort. Flared leg with a slim fit from the waist to the thigh and a flared cut from the knee to the hem. Low waist with a zip fly and button. Fake front pockets, a coin pocket and open back pockets. Regular length, designed to hit the top of the foot with little or no stacking. A fashion icon from the 70s to now.",Denim blue,Woven,"[{'name': 'Elastane', 'percentage': '1.00'}, {'name': 'Cotton', 'percentage': '72.00'}, {'name': 'Polyester', 'percentage': '27.00'}]","{'value': 19.99, 'currency': 'GBP'}","['18', '20', '14', '16', '10', '12', '6', '8', '4', '22']",Women,https://image.hm.com/assets/hm/28/76/287625e4db616651c37e4eda959457723d60b493.jpg,96.95
Pull-on trousers,"Loose-fit pull-on trousers in woven fabric with an elasticated, drawstring waist and straight legs with pleats at the front.",Black/Pinstriped,Woven,"[{'name': 'Elastane', 'percentage': '4.00'}, {'name': 'Viscose', 'percentage': '29.00'}, {'name': 'Polyester', 'percentage': '67.00'}]","{'value': 17.99, 'currency': 'GBP'}","['XXS', 'S', 'XS', 'L', 'M', 'XL']",Women,https://image.hm.com/assets/hm/e7/69/e7693bbc409f997871e627d059bce465357620ee.jpg,87.25
Oversized coated jacket,"Oversized jacket in coated fabric featuring a stand collar with a button, zip down the front and a wind flap with a button at the top and bottom. Side pockets with a decorative flap, dropped shoulders with buttoned epaulettes and an adjustable button tab at the cuffs. Covered elastication at the hem. Lined.",Black,Woven,"[{'name': 'Polyester', 'percentage': '100.00'}]","{'value': 49.99, 'currency': 'GBP'}","['L', 'M', 'S', 'XS', 'XXL', 'XL']",Women,https://image.hm.com/assets/hm/18/de/18deddcd1174efb64a04aee9d99ab58db03cb30e.jpg,242.45
Zip-top sweatshirt,"Top in sweatshirt fabric with a soft brushed inside. Stand collar, zip at the top, dropped shoulders and ribbing at the cuffs and hem.",Navy blue,Knitted,"[{'name': 'Cotton', 'percentage': '65.00'}, {'name': 'Polyester', 'percentage': '35.00'}]","{'value': 17.99, 'currency': 'GBP'}","['XS', 'S', 'XXS', 'XL', 'M', 'L']",Women,https://image.hm.com/assets/hm/a6/88/a688f6e6ba515677e82ec5b6885b3ecf6ff26086.jpg,87.25
Oversized Fit T-shirt,"T-shirt in heavyweight cotton jersey with a round, rib-trimmed neckline, dropped shoulders and a straight-cut hem. Oversized fit for a baggy, extra-loose silhouette.",Black,Jersey,"[{'name': 'Cotton', 'percentage': '100.00'}]","{'value': 12.99, 'currency': 'GBP'}","['S', 'M', 'XS', 'XXL', 'L', 'XL']",Men,https://image.hm.com/assets/hm/f4/1d/f41d98b80c8bccd081e2fe3cb43bbac25b004051.jpg,63.0
Relaxed Fit Cargo trousers,"Cargo trousers in cotton twill featuring covered elastication at the back of the waist, a zip fly and a button. Patch pockets with flaps and concealed press-studs on the legs and at the back. Relaxed fit for a casual but not oversized silhouette.",Dark khaki green,Woven,"[{'name': 'Cotton', 'percentage': '100.00'}]","{'value': 37.99, 'currency': 'GBP'}","['M', 'S', 'XS', 'XXL', 'XL', 'L']",Men,https://image.hm.com/assets/hm/bd/f5/bdf5f65c6b0efc1479f47f64676511aa92a2e78b.jpg,184.25
Single-breasted coat,"Single-breasted coat in felted fabric containing some wool featuring notch lapels, buttons down the front and diagonal welt side pockets. Regular fit for comfortable wear and a classic silhouette. Sleeve lining.",Beige,Woven,"[{'name': 'Wool', 'percentage': '10.00'}, {'name': 'Polyester', 'percentage': '90.00'}]","{'value': 64.99, 'currency': 'GBP'}","['XS', 'S', 'M', 'L', 'XL', 'XXL']",Men,https://image.hm.com/assets/hm/c7/d8/c7d84b0dc622e2d1a3d9973cc9865f586451cbf8.jpg,315.2
Baseball jacket,"Lightly padded baseball jacket in woven fabric with a soft, napped finish and motif details. Ribbed stand collar, press-studs down the front, jetted side pockets and a welt inner pocket with a concealed press-stud. Ribbed trim with contrasting-colour stripes at the cuffs and hem. Quilted lining.",Burgundy/NYC,Woven,"[{'name': 'Polyester', 'percentage': '100.00'}]","{'value': 84.99, 'currency': 'GBP'}","['XXL', 'S', 'M', 'L', 'XL', 'XS']",Men,https://image.hm.com/assets/hm/31/30/31305f0c4de90fb7c22d1f5abcceb12626f0d1e6.jpg,412.2
Slim Fit Rib-knit cardigan,"Cardigan in a soft rib knit made from a cotton and viscose blend featuring a stand collar, two-way zip down the front and long saddle sleeves. Slim fit that hugs the contours of your body, creating a fitted silhouette.",Navy blue,Knitted,"[{'name': 'Cotton', 'percentage': '50.00'}, {'name': 'Viscose', 'percentage': '50.00'}]","{'value': 37.99, 'currency': 'GBP'}","['XS', 'S', 'M', 'L', 'XL', 'XXL']",Men,https://image.hm.com/assets/hm/ec/14/ec1421ea49ac4799c9cc27162abf948146db48c8.jpg,184.25
Tapered Regular Jeans,"5-pocket jeans in cotton denim with a slight stretch for good comfort. Tapered leg and a regular fit from the waist to the hem with a comfortable, looser feel around the whole leg. Regular waist and a zip fly. The perfect match for your fave tee.",Denim blue,Woven,"[{'name': 'Elastane', 'percentage': '1.00'}, {'name': 'Cotton', 'percentage': '99.00'}]","{'value': 34.99, 'currency': 'GBP'}","['38/32', '28/30', '31/30', '28/32', '34/30', '31/32', '34/32', '29/30', '29/32', '32/30', '32/32', '36/32', '30/30', '33/30', '30/32', '33/32', '30/34']",Men,https://image.hm.com/assets/hm/f8/0c/f80c8ea7077ee41d3c26602b7eab649ea423ff77.jpg,169.7
Regular Fit Linen-blend shirt,"Regular-fit shirt in a cotton and linen weave with a resort collar, French front, open chest pocket and short sleeves. Yoke with darts at the back, and a straight-cut hem. Cotton and linen blends combine the softness of cotton with the sturdiness of linen, creating a beautiful, textured fabric that is breathable and drapes perfectly.",Light beige,Woven,"[{'name': 'Cotton', 'percentage': '48.00'}, {'name': 'Linen', 'percentage': '52.00'}]","{'value': 19.99, 'currency': 'GBP'}","['XS', 'XXL', 'L', 'XL', 'S', 'M']",Men,https://image.hm.com/assets/hm/d5/9a/d59a0a9ccd4cc6ddeff0ffec007ae718b82e70fe.jpg,96.95
Regular Fit Fine-knit jumper,"Jumper in a fine knit with a round, rib-trimmed neckline, long sleeves and ribbing at the cuffs and hem. Regular fit for comfortable wear and a classic silhouette.",Grey marl,Knitted,"[{'name': 'Polyamide', 'percentage': '35.00'}, {'name': 'Viscose', 'percentage': '65.00'}]","{'value': 19.99, 'currency': 'GBP'}","['XS', 'M', 'S', 'XL', 'L', 'XXL']",Men,https://image.hm.com/assets/hm/61/2b/612b4c381178cc94d4fc28c9ac777a6e3e2bbaf4.jpg,96.95
Muscle Fit Sports T-shirt with DryMove™,"Sports T-shirt in functional fabric made with DryMove™, which helps pull moisture away from your skin, keeping you comfortably dry while moving. Round neckline, raglan sleeves and anti-chafe flatlock seams for added comfort and increased mobility. Muscle fit with narrow shoulders and tapered sleeves to create a flattering silhouette.",Black,Knitted,"[{'name': 'Elastane', 'percentage': '21.00'}, {'name': 'Polyester', 'percentage': '79.00'}]","{'value': 19.99, 'currency': 'GBP'}","['S', 'M', 'L', 'XL', 'XS', 'XXL']",Men,https://image.hm.com/assets/hm/36/ee/36ee94bced399f7ad78584befbe10168d7884489.jpg,96.95
Loose Fit Sports joggers with DryMove™,"Sports joggers in functional scuba fabric made with DryMove™, which helps pull moisture away from your skin, keeping you comfortably dry while moving. Loose fit with covered elastication and a drawstring at the waist, open side pockets and side stripes in a contrasting colour.",Black,Knitted,"[{'name': 'Cotton', 'percentage': '40.00'}, {'name': 'Polyester', 'percentage': '60.00'}]","{'value': 37.99, 'currency': 'GBP'}","['M', 'L', 'XS', 'S', 'XL', 'XXL']",Men,https://image.hm.com/assets/hm/38/27/382732d4722590196ce36bd3b748aa744b02507e.jpg,184.25
Oversized Fit T-shirt,"T-shirt in heavyweight cotton jersey with a round, rib-trimmed neckline, dropped shoulders and a straight-cut hem. Oversized fit for a baggy, extra-loose silhouette.",Grey marl,Jersey,"[{'name': 'Cotton', 'percentage': '95.00'}, {'name': 'Viscose', 'percentage': '5.00'}]","{'value': 12.99, 'currency': 'GBP'}","['S', 'XS', 'XXL', 'XL', 'L', 'M']",Men,https://image.hm.com/assets/hm/df/95/df95aa0b3f9a23d850a43c9b82ca707d1d5a0bcb.jpg,63.0
Space Mid Rise Relaxed Straight Leg Jeans,A pair of mid-rise jeans with a relaxed fit and straight leg. These jeans are crafted from organic cotton rigid denim with recycled cotton. They feature a classic five-pocket design and a button fly.,Radio Blue - Medium Blue,Woven,"[{'name': 'Cotton', 'percentage': '100.00'}]","{'value': 49.99, 'currency': 'GBP'}","['28/30', '33/34', '30/34', '33/32', '31/32', '34/32', '28/32', '31/30', '29/30', '31/34', '34/34', '29/32', '32/30', '36/32', '32/34', '29/34', '32/32', '36/34', '27/32', '30/32', '27/30', '30/30']",Men,https://media.weekday.com/assets/003/df/7a/df7ad1bc7cf6665c4bb02c62a63c33011ddb13a5.jpg,242.45
Regular Fit Sports joggers,"Regular-fit sports joggers in heavy jersey with an elasticated, drawstring waist, welt side pockets and straight legs.",Light grey marl,Knitted,"[{'name': 'Cotton', 'percentage': '40.00'}, {'name': 'Polyester', 'percentage': '60.00'}]","{'value': 32.99, 'currency': 'GBP'}","['L', 'M', 'S', 'XS', '3XL', 'XXL', 'XL']",Men,https://image.hm.com/assets/hm/94/33/943374d07bbb141d841b4e4339f777785647cbdf.jpg,160.0
Loose Fit Zip Hoodie,"A zip-up hoodie crafted from soft cotton fleece with a plush feel. Designed for a loose fit, it features a clean silhouette with a folded hood, dropped shoulders, and a hidden zip closure. The kangaroo pocket and gathered hem details add a subtle shape to this laid-back essential.
",Black,Knitted,"[{'name': 'Polyester', 'percentage': '40.00'}, {'name': 'Cotton', 'percentage': '60.00'}]","{'value': 39.99, 'currency': 'GBP'}","['L', 'XL', 'XS', 'S', 'M']",Men,https://media.weekday.com/assets/003/d9/5c/d95c600d3e69cafa73289bf717719b745068f04f.jpg,193.95
Relaxed Fit Linen-blend trousers,"Trousers in a soft weave made from a viscose and linen blend with covered elastication and a drawstring at the waist, a fake fly, diagonal side pockets and a welt back pocket. Relaxed fit for a casual but not oversized silhouette.",Light beige,Woven,"[{'name': 'Cotton', 'percentage': '35.00'}, {'name': 'Polyester', 'percentage': '65.00'}]","{'value': 37.99, 'currency': 'GBP'}","['XXL', 'XL', 'L', 'M', 'S', 'XS']",Men,https://image.hm.com/assets/hm/94/06/9406a31a09176e6892822a04dec5fe72883d8bc1.jpg,184.25
Loose Fit Sports joggers with DryMove™,"Sports joggers in functional scuba fabric made with DryMove™, which helps pull moisture away from your skin, keeping you comfortably dry while moving. Loose fit with covered elastication and a drawstring at the waist, open side pockets and side stripes in a contrasting colour.",Beige,Knitted,"[{'name': 'Cotton', 'percentage': '40.00'}, {'name': 'Polyester', 'percentage': '60.00'}]","{'value': 37.99, 'currency': 'GBP'}","['XS', 'XL', 'L', 'M', 'S', 'XXL']",Men,https://image.hm.com/assets/hm/92/b2/92b2ef98c33f6bda4e6363f25e7c80139de76045.jpg,184.25
Sports shorts with DryMove™,"Sports shorts in functional fabric made with DryMove™, which helps pull moisture away from your skin, keeping you comfortably dry while moving. Regular fit with covered elastication and a drawstring at the waist. Diagonal side pockets and a zipped pocket in one side seam. Small slit at the hems.",Black,Knitted,"[{'name': 'Elastane', 'percentage': '12.00'}, {'name': 'Polyester', 'percentage': '88.00'}]","{'value': 19.99, 'currency': 'GBP'}","['M', 'L', 'XL', 'XXL', 'XS', 'S', '3XL']",Men,https://image.hm.com/assets/hm/f4/ad/f4ada42748d83d324a2f086947fa41f4fb612cf2.jpg,96.95
Simon Scuba Zip Hoodie,"A regular fit zip hoodie made from a chunky scuba fabric with a recycled polyester and viscose blend, enhanced with a touch of recycled elastane. It has slightly dropped shoulders, ribbed cuffs and hemline, and a sturdy two-way front zipper.
",Dark Blue,Knitted,"[{'name': 'Elastane', 'percentage': '6.00'}, {'name': 'Polyester', 'percentage': '70.00'}, {'name': 'Viscose', 'percentage': '24.00'}]","{'value': 49.99, 'currency': 'GBP'}","['XS', 'S', 'XL', 'M', 'L']",Men,https://media.weekday.com/assets/003/6d/b8/6db81df96086ac9ae9c39c8368fba2e6f870e54a.jpg,242.45
Hooded workwear jacket,"Workwear jacket in a cotton weave with a lined drawstring hood, front zip and a yoke at the back. Features open front pockets and covered elastication at the cuffs and hem.",Dark grey,Woven,"[{'name': 'Cotton', 'percentage': '100.00'}]","{'value': 54.99, 'currency': 'GBP'}","['M', 'S', 'XS', 'XXL', 'XL', 'L']",Men,https://image.hm.com/assets/hm/9d/09/9d098e247e72f2f6c4bf217ed8062fd359b61259.jpg,266.7
2-pack COOLMAX® Regular Fit T-shirts,"T-shirts in midweight jersey with a round, rib-trimmed neckline and a straight-cut hem. Regular fit for comfortable wear and a classic silhouette. Made with COOLMAX® fibre – an engineered channelled fibre that wicks moisture away from the body to the fabric surface.",Dark grey/Black,Jersey,"[{'name': 'Cotton', 'percentage': '60.00'}, {'name': 'Polyester', 'percentage': '40.00'}]","{'value': 22.99, 'currency': 'GBP'}","['XXL', 'XS', 'XL', 'L', 'M', 'S']",Men,https://image.hm.com/assets/hm/4f/86/4f863a363850cbf8a131a19d2bf49119111755b1.jpg,111.5
Loose Fit Printed T-shirt,"Boxy-style T-shirt in lightweight cotton jersey with print motifs, a ribbed crew neck, dropped shoulders and a straight-cut hem. Loose fit for a generous but not oversized silhouette.",Dark blue/New York City,Knitted,"[{'name': 'Cotton', 'percentage': '100.00'}]","{'value': 9.99, 'currency': 'GBP'}","['XXL', 'XL', 'L', 'M', 'S', 'XS']",Men,https://image.hm.com/assets/hm/82/a8/82a8c6850c5059b3ec4370ccd21985bfb8f9b9ee.jpg,48.45
7-pack trainer socks,Trainer socks in a fine-knit cotton blend with elastication around the opening.,Black,Knitted,"[{'name': 'Elastane', 'percentage': '2.00'}, {'name': 'Cotton', 'percentage': '74.00'}, {'name': 'Polyester', 'percentage': '24.00'}]","{'value': 8.99, 'currency': 'GBP'}","['11-12.5', '9-10.5', '4-6', '6.5-8']",Men,https://image.hm.com/assets/hm/fc/f2/fcf2e637cdb0a30317c4c5ae298dc60b4e95602f.jpg,43.6
Overshirt,"Overshirt with a soft, napped finish featuring a turn-down collar, buttons down the front, a patch chest pocket and a yoke at the back. Long sleeves with buttoned cuffs. Slightly rounded hem.",Dark blue,Woven,"[{'name': 'Polyester', 'percentage': '100.00'}]","{'value': 44.99, 'currency': 'GBP'}","['L', 'M', 'XXL', 'XL', 'S', 'XS']",Men,https://image.hm.com/assets/hm/b8/2c/b82cbc6e8c1d44a08f607f63e781cdb344ffe2af.jpg,218.2
Uno Loose Suit Trousers,"A pair of oversized tailored trousers made from a flexible recycled polyester enhanced with responsible viscose and a touch of recycled elastane. They have front pleats and back darts making them extra roomy, and front pressed creases for an extra tailored look.",Dark Navy Blue,Woven,"[{'name': 'Cotton', 'percentage': '100.00'}]","{'value': 49.99, 'currency': 'GBP'}","['32R', '30R', '34R', '33R', '38R', '36R', '40R']",Men,https://media.weekday.com/assets/003/9e/10/9e10f9779ee8aa22e496dc0217debcf00b2441b8.jpg,242.45
Regular Fit Track jacket with DryMove™,"Track jacket in functional scuba fabric made with DryMove™, which helps pull moisture away from your skin, keeping you comfortably dry while moving. Regular fit with a stand collar and a two-way zip down the front. Long sleeves with side stripes in a contrasting colour, welt side pockets and ribbing at the cuffs and hem.",Beige,Knitted,"[{'name': 'Polyester', 'percentage': '100.00'}]","{'value': 42.99, 'currency': 'GBP'}","['M', 'L', 'XL', 'XXL', 'S']",Men,https://image.hm.com/assets/hm/98/86/98861462cf692f6487a4a6071c66cc022f1d2205.jpg,208.5
Lightweight bomber jacket,Lightweight bomber jacket in woven fabric with a ribbed stand-up collar and zip down the front. Diagonal welt side pockets with a concealed press-stud and wide ribbing at the cuffs and hem. Lined.,Dark blue,Woven,"[{'name': 'Polyester', 'percentage': '100.00'}]","{'value': 32.99, 'currency': 'GBP'}","['S', 'XS', 'L', 'M', 'XXL', 'XL']",Men,https://image.hm.com/assets/hm/38/43/3843d6a182fa206f9ba53727678b73c974ec5c79.jpg,160.0
Relaxed Fit Trousers,"Trousers in a soft weave with covered elastication and a drawstring at the waist, a fake fly, discreet side pockets and a welt back pocket. Straight legs with creases down the front and back. Relaxed fit for a casual but not oversized silhouette.",Black,Woven,"[{'name': 'Elastane', 'percentage': '7.00'}, {'name': 'Viscose', 'percentage': '16.00'}, {'name': 'Polyester', 'percentage': '77.00'}]","{'value': 37.99, 'currency': 'GBP'}","['S', 'XS', 'L', 'M', 'XXL', 'XL']",Men,https://image.hm.com/assets/hm/69/41/694185368b9e9e987ae6b8d41d7468e80c5f5aab.jpg,184.25
Mid-length sports shorts with DryMove™,"Mid-length sports shorts in functional fabric made with DryMove™, which helps pull moisture away from your skin, keeping you comfortably dry while moving. Regular fit with covered elastication and a concealed drawstring at the waist. Diagonal side pockets, a small, reflective print on the back and a small slit at the side of the hems. Four-way stretch for added comfort and freedom of movement.",Black,Woven,"[{'name': 'Polyester', 'percentage': '100.00'}]","{'value': 22.99, 'currency': 'GBP'}","['L', 'XL', 'XXL', '3XL', 'XS', 'S', 'M']",Men,https://image.hm.com/assets/hm/a5/3b/a53b6a705f941868b4eccf3b4868b9e6547dd558.jpg,111.5
Zip-top midlayer sports top with ThermoMove™,"Sports top in functional fabric made with ThermoMove™ that keeps you warm when the temperature drops. Regular fit with a stand-up collar, zip at the top and extra-long raglan sleeves with a thumbhole at the cuffs. The top can be worn as it is or as an insulating mid layer.",Black,Knitted,"[{'name': 'Elastane', 'percentage': '40.00'}, {'name': 'Polyester', 'percentage': '60.00'}]","{'value': 27.99, 'currency': 'GBP'}","['XXL', 'L', 'XL', 'S', 'M', 'XS']",Men,https://image.hm.com/assets/hm/a5/f2/a5f2dbf1fb2f75d3a64038995b1adbd4b6f1c2c2.jpg,135.75
10-pack socks with Lycra®,"Socks in a soft, fine-knit cotton blend with elasticated tops. Made using Lycra® Xtra Life™ technology for high comfort and long-lasting shape.",Black,Knitted,"[{'name': 'Elastane', 'percentage': '2.00'}, {'name': 'Cotton', 'percentage': '74.00'}, {'name': 'Polyester', 'percentage': '24.00'}]","{'value': 19.99, 'currency': 'GBP'}","['9-11', '6-8']",Men,https://image.hm.com/assets/hm/f5/bc/f5bc1787703e7b10e6c3f777fc78f35af38becd7.jpg,96.95
Zip-top midlayer sports top with ThermoMove™,"Sports top in functional fabric made with ThermoMove™ that keeps you warm when the temperature drops. Regular fit with a stand-up collar, zip at the top and extra-long raglan sleeves with a thumbhole at the cuffs. The top can be worn as it is or as an insulating mid layer.",Dark brown,Knitted,"[{'name': 'Elastane', 'percentage': '18.00'}, {'name': 'Polyester', 'percentage': '82.00'}]","{'value': 27.99, 'currency': 'GBP'}","['XS', 'S', 'M', 'L', 'XL', 'XXL']",Men,https://image.hm.com/assets/hm/63/3e/633e8f076498e9796732ec02064a44c6b38759ac.jpg,135.75
Oversized Fit Printed sweatshirt,"Boxy-style top in heavyweight sweatshirt fabric made from a cotton blend with a soft brushed inside and print motifs on the chest and back. Round, rib-trimmed neckline and ribbing at the cuffs and hem. Oversized fit for a baggy, extra-loose silhouette.",Dark khaki green/Le Strade Di,Knitted,"[{'name': 'Cotton', 'percentage': '60.00'}, {'name': 'Polyester', 'percentage': '40.00'}]","{'value': 32.99, 'currency': 'GBP'}","['XXL', 'XL', 'L', 'M', 'S', 'XS']",Men,https://image.hm.com/assets/hm/31/0e/310e105b2dcc220155abd8bb3f00e1b30436e0d3.jpg,160.0
Oversized Fit Sweatshirt,"Top in lightweight sweatshirt fabric made from a cotton and viscose blend, featuring long raglan sleeves and ribbed trims at the neckline, cuffs and hem. Oversized fit for a baggy, extra-loose silhouette.",Grey marl,Knitted,"[{'name': 'Cotton', 'percentage': '60.00'}, {'name': 'Viscose', 'percentage': '3.00'}, {'name': 'Polyester', 'percentage': '37.00'}]","{'value': 22.99, 'currency': 'GBP'}","['XL', 'XXL', 'M', 'L', 'XS', 'S']",Men,https://image.hm.com/assets/hm/7c/42/7c42ae56b3d2f92e5aac6f537e27ad89657e9b0a.jpg,111.5
Slim Fit Stretch shirt,"Shirt in a stretch weave made from a cotton blend with a cut-away collar, French front and a yoke at the back. Long sleeves with adjustable buttoning at the cuffs and a sleeve placket with a link button. Gently rounded hem. Slim fit that hugs the contours of your body, creating a fitted silhouette.",Black,Woven,"[{'name': 'Elastane', 'percentage': '3.00'}, {'name': 'Cotton', 'percentage': '77.00'}, {'name': 'Polyamide', 'percentage': '20.00'}]","{'value': 22.99, 'currency': 'GBP'}","['S', 'M', 'L', 'XL', 'XS', 'XXL']",Men,https://image.hm.com/assets/hm/c4/19/c419bec1b8f32af51428d87ac7918a93a7efad28.jpg,111.5
2-pack socks,"Socks in a soft, fine-knit cotton blend. High, ribbed shaft with a motif.",Black/Metallica,Knitted,"[{'name': 'Elastane', 'percentage': '3.00'}, {'name': 'Cotton', 'percentage': '71.00'}, {'name': 'Polyamide', 'percentage': '26.00'}]","{'value': 11.99, 'currency': 'GBP'}","['9-10.5', '6.5-8', '4-6', '11-12.5']",Men,https://image.hm.com/assets/hm/73/2e/732e0a7a2800115b1c39a80f87b8ba4f0407b35a.jpg,58.15
Four-way Stretch Chinos,"Chinos in a moisture-wicking, wrinkle-resistant fabric with four-way stretch that offers complete flexibility, shape and fluid motion in every direction. Regular fit and a zip fly with a button. Diagonal front pockets, discreet side pockets with a concealed zip, and welt back pockets. Functional Essentials is a curated selection of pieces that incorporates comfort and performance into everyday wear.",Black,Knitted,"[{'name': 'Elastane', 'percentage': '4.00'}, {'name': 'Viscose', 'percentage': '29.00'}, {'name': 'Polyester', 'percentage': '67.00'}]","{'value': 42.99, 'currency': 'GBP'}","['34', '36', '30', '31', '32', '33']",Men,https://image.hm.com/assets/hm/74/00/74002020847c702aa62ff5b7fc3f8285d84988ca.jpg,208.5
Pull-on jersey trousers,"Fitted trousers in jersey made from a viscose blend with a gently brushed finish, featuring a high waist with concealed elastication.",Grey marl/Pinstriped,Knitted,"[{'name': 'Elastane', 'percentage': '3.00'}, {'name': 'Viscose', 'percentage': '50.00'}, {'name': 'Polyester', 'percentage': '47.00'}]","{'value': 17.99, 'currency': 'GBP'}","['XL', 'L', 'XS', 'XXS', 'M', 'S']",Women,https://image.hm.com/assets/hm/a4/bc/a4bc1a7146c23584fd80f2bcb970c233109dbcf7.jpg,87.25
Draped viscose top,"Fitted, long-sleeved top in stretch viscose jersey featuring a round neckline and an asymmetric, double-layered front with gathers for a draped effect.",Dark grey,Knitted,"[{'name': 'Elastane', 'percentage': '7.00'}, {'name': 'Viscose', 'percentage': '93.00'}]","{'value': 12.99, 'currency': 'GBP'}","['XL', 'XS', 'S', 'M', 'L', 'XXS']",Women,https://image.hm.com/assets/hm/eb/5d/eb5dc11947f5f206cf3b9ebbd4615d5caa5e94c7.jpg,63.0
Seamless padded soft bra,"Soft, non-wired bra designed with the minimum number of seams for a seamless, comfortable feel against the skin. Adjustable shoulder straps and lined cups with removable inserts that shape the bust and provide good support. No fasteners.",Black,Knitted,"[{'name': 'Elastane', 'percentage': '12.00'}, {'name': 'Polyester', 'percentage': '88.00'}]","{'value': 9.99, 'currency': 'GBP'}","['L', 'XL', 'XS', 'S', 'M']",Women,https://image.hm.com/assets/hm/8c/5d/8c5dd0529b2f046697a983644f7108a3fc5e2d88.jpg,48.45
High Rise Cheeky Bikini bottoms,"Fully lined bikini bottoms with a high, V-shaped waist, a diagonal seam at the front and back and cutaway coverage at the back.",Dark brown/Leopard print,Knitted,"[{'name': 'Elastane', 'percentage': '12.00'}, {'name': 'Polyester', 'percentage': '88.00'}]","{'value': 12.99, 'currency': 'GBP'}","['XS', 'S', 'M', 'L', 'XL']",Women,https://image.hm.com/assets/hm/ec/2f/ec2f1ec01c1e52f1b342615f23c3b3a46d95e6f6.jpg,63.0
Drawstring trousers,"Loose-fit trousers in a herringbone weave with an elasticated, drawstring waist. Discreet side pockets, fake welt pockets at the back and straight legs.",Dark grey/Herringbone pattern,Woven,"[{'name': 'Elastane', 'percentage': '2.00'}, {'name': 'Viscose', 'percentage': '29.00'}, {'name': 'Polyester', 'percentage': '69.00'}]","{'value': 19.99, 'currency': 'GBP'}","['L', 'XL', 'S', 'M', 'XXS', 'XS']",Women,https://image.hm.com/assets/hm/44/6a/446a5a63b625a823de54f4bcd8a807cc553335fc.jpg,96.95
Lace-trimmed jersey slip dress,"Short, fitted dress in soft interlock jersey with delicate lace trims at the top and hem. V-neckline, spaghetti shoulder straps, a diagonal lace inset under the bust and an asymmetric hem.",Black,Knitted,"[{'name': 'Elastane', 'percentage': '5.00'}, {'name': 'Polyester', 'percentage': '95.00'}]","{'value': 14.99, 'currency': 'GBP'}","['XS', 'S', 'M', 'L']",Women,https://image.hm.com/assets/hm/e4/be/e4be2c669f38a4507f4f863983975508260c0bca.jpg,72.7
Wide High Jeans,"5-pocket jeans in washed cotton denim with a high waist, zip fly and button and wide, straight legs.",Dark denim blue,Woven,"[{'name': 'Cotton', 'percentage': '100.00'}]","{'value': 24.99, 'currency': 'GBP'}","['22', '10', '8', '6', '4', '18', '16', '14', '12', '20']",Women,https://image.hm.com/assets/hm/13/0c/130c63dad69dd5f76d6ac8c7d2ed5f80c0aeebcd.jpg,121.2
V-neck jumper,"Oversized jumper in a soft knit with a ribbed V-neckline, dropped shoulders and long sleeves. Ribbing at the cuffs and hem.",Dark green,Knitted,"[{'name': 'Wool', 'percentage': '5.00'}, {'name': 'Polyamide', 'percentage': '14.00'}, {'name': 'Acrylic', 'percentage': '31.00'}, {'name': 'Polyester', 'percentage': '50.00'}]","{'value': 27.99, 'currency': 'GBP'}","['XXS', 'S', 'XS', 'L', 'M', 'XXL', 'XL']",Women,https://image.hm.com/assets/hm/f0/6c/f06c052f08110d4e2ebbc7214820c1824a2647ae.jpg,135.75
Fitted polo shirt,"Fitted top in cotton jersey with a collar and button placket in woven fabric. Yoke at the back, long sleeves and shaping seams at the front.",Light blue,Knitted,"[{'name': 'Cotton', 'percentage': '100.00'}]","{'value': 14.99, 'currency': 'GBP'}","['XL', 'L', 'M', 'S', 'XS']",Women,https://image.hm.com/assets/hm/0e/04/0e0401b47697c25801ce1241527049780ae3b600.jpg,72.7
Oversized sweatshirt,"Oversized top in sweatshirt fabric with a soft brushed inside. Round, rib-trimmed neckline, dropped shoulders and long sleeves. Ribbing at the cuffs and hem.",Light turquoise,Knitted,"[{'name': 'Cotton', 'percentage': '60.00'}, {'name': 'Polyester', 'percentage': '40.00'}]","{'value': 14.99, 'currency': 'GBP'}","['XL', 'L', 'XXL', 'XS', 'M', 'S']",Women,https://image.hm.com/assets/hm/11/32/1132fc660d6280da6c7661136ad47918156a55bb.jpg,72.7
Zip-through hoodie,"Loose-fit hoodie in sweatshirt fabric with a soft brushed inside. Lined hood, zip down the front and open front pockets. Dropped shoulders and long sleeves. Ribbing at the cuffs and hem.",Dark mole,Knitted,"[{'name': 'Cotton', 'percentage': '60.00'}, {'name': 'Polyester', 'percentage': '40.00'}]","{'value': 19.99, 'currency': 'GBP'}","['XS', 'XXL', 'L', 'XL', 'S', 'M']",Women,https://image.hm.com/assets/hm/f6/0f/f60fc670fb9cb1b7bb42b46b42c5f0484226d503.jpg,96.95
Cotton-blend trousers,"Wide, relaxed-fit trousers in ribbed jersey made from a cotton blend. The design features a low waist with covered elastication and a narrow drawstring.",Dark brown/Striped,Knitted,"[{'name': 'Elastane', 'percentage': '4.00'}, {'name': 'Cotton', 'percentage': '58.00'}, {'name': 'Polyester', 'percentage': '38.00'}]","{'value': 19.99, 'currency': 'GBP'}","['XL', 'L', 'M', 'S', 'XS', 'XXS']",Women,https://image.hm.com/assets/hm/4a/7d/4a7df1dd6fe060aaff961ce309585db9b4ef32f7.jpg,96.95
Lace-trimmed strappy top,"Top in interlock jersey featuring a sweetheart neckline with a scalloped lace trim that continues as a diagonal lace inset from the centre of the neckline to one side of the waist. Narrow, adjustable shoulder straps and an asymmetric hem.",Black,Knitted,"[{'name': 'Elastane', 'percentage': '4.00'}, {'name': 'Polyester', 'percentage': '96.00'}]","{'value': 12.99, 'currency': 'GBP'}","['L', 'M', 'S', 'XS']",Women,https://image.hm.com/assets/hm/cd/be/cdbef84c5a0d49982df5db2a4c7eb3eba5a85d50.jpg,63.0
Frill-collared viscose blouse,"Loose-fit blouse in a viscose crêpe weave with a frill collar, a frill-trimmed button placket and gathered shoulder seams. Long sleeves with gathers and buttoned cuffs. Rounded hem.",White,Woven,"[{'name': 'Viscose', 'percentage': '100.00'}]","{'value': 22.99, 'currency': 'GBP'}","['XS', 'XXS', 'XXL', 'XL', 'L', 'M', 'S']",Women,https://image.hm.com/assets/hm/f6/ab/f6ab962253eb4d3c2b3d9e560b166bf3a8642ed8.jpg,111.5
Lace push-up bra,"Push-up bra in lace with adjustable shoulder straps and underwired, padded cups for a larger bust and fuller cleavage. Hook-and-eye fastening at the back.",Burgundy,Knitted,"[{'name': 'Elastane', 'percentage': '7.00'}, {'name': 'Polyamide', 'percentage': '93.00'}]","{'value': 19.99, 'currency': 'GBP'}","['38C', '34C', '36C', '36B', '34A', '34B']",Women,https://image.hm.com/assets/hm/c4/34/c4344d4c11b34576868d772009a49ec4ad9d9d71.jpg,96.95
Flannel pyjama bottoms,"Pyjama bottoms in a cotton flannel with straight legs and a low, drawstring waist with covered elastication.",Blue/Checked,Woven,"[{'name': 'Cotton', 'percentage': '100.00'}]","{'value': 19.99, 'currency': 'GBP'}","['M', 'S', 'XL', 'L', 'XS', 'XXS']",Women,https://image.hm.com/assets/hm/69/3e/693e7c04e9f3dee30eda83e71184336fd24995ea.jpg,96.95
Off-the-shoulder wrap dress,"Short, fitted off-the-shoulder dress in woven fabric with a gently V-shaped neckline at the front, a foldover top edge and long sleeves. Sewn-in wrapover front with pleats at one side and a concealed zip at the other. Unlined.",Black,Woven,"[{'name': 'Elastane', 'percentage': '10.00'}, {'name': 'Polyester', 'percentage': '90.00'}]","{'value': 32.99, 'currency': 'GBP'}","['S', 'XS', 'L', 'M', 'XXL', 'XL', 'XXS']",Women,https://image.hm.com/assets/hm/71/dc/71dc7bbbbce0d5e37994df24cb63c942cd63084d.jpg,160.0
Lace-detail jersey strappy top,"Sleeveless top in soft jersey with delicate lace trims at the top and hem. V-neckline, narrow shoulder straps, a diagonal lace inset under the bust at one side and an asymmetric hem.",Black,Knitted,"[{'name': 'Elastane', 'percentage': '20.00'}, {'name': 'Polyester', 'percentage': '80.00'}]","{'value': 12.99, 'currency': 'GBP'}","['XS', 'S', 'M', 'L', 'XL']",Women,https://image.hm.com/assets/hm/72/79/7279dfe9332db2d3e9267292acbe50ca204f3906.jpg,63.0
Flared High Jeans,"Jeans in slightly stretchy denim with a high waist, zip fly and button and legs with wide, flared hems. Fake front pockets and real pockets at the back.",Dark denim blue,Woven,"[{'name': 'Cotton', 'percentage': '35.00'}, {'name': 'Polyester', 'percentage': '65.00'}]","{'value': 19.99, 'currency': 'GBP'}","['22', '24', '20', '4', '26', '6', '28', '8', '30', '10', '12', '14', '16', '18']",Women,https://image.hm.com/assets/hm/2c/ea/2ceab5a12ffb85257993ecfb387336d3d0020d63.jpg,96.95
Oversized T-shirt,"Oversized T-shirt in cotton jersey with a rib-trimmed neckline, dropped shoulders and a straight-cut hem.",Black,Knitted,"[{'name': 'Cotton', 'percentage': '100.00'}]","{'value': 9.99, 'currency': 'GBP'}","['XXS', 'XS', 'S', 'M', 'L', 'XL', 'XXL']",Women,https://image.hm.com/assets/hm/c8/e5/c8e5b6c615b67d83ab546d59dcd5d68483b0c594.jpg,48.45
Long-sleeved jersey top,Long-sleeved top in soft cotton jersey with a round neckline.,White,Jersey,"[{'name': 'Elastane', 'percentage': '5.00'}, {'name': 'Cotton', 'percentage': '95.00'}]","{'value': 9.99, 'currency': 'GBP'}","['XS', 'S', 'M', 'L', 'XL', 'XXL']",Women,https://image.hm.com/assets/hm/83/22/832281a76c7975e2df1861492dc1c7c7035fdf43.jpg,48.45
Cotton muslin pyjamas,"Pyjamas with a shirt and pair of bottoms in soft cotton muslin. Shirt with a collar, buttons down the front, a patch chest pocket, dropped shoulders and long sleeves. Bottoms with an elasticated, drawstring waist and straight legs.",Black,Woven,"[{'name': 'Cotton', 'percentage': '100.00'}]","{'value': 37.99, 'currency': 'GBP'}","['M', 'L', 'XL', 'XXS', 'XS', 'S']",Women,https://image.hm.com/assets/hm/fb/3a/fb3aaa63346999b0fbfb22ec9d1a19d04d033e6d.jpg,184.25
Oversized sweatshirt,"Oversized top in sweatshirt fabric with a soft brushed inside. Round, rib-trimmed neckline, dropped shoulders and long sleeves. Ribbing at the cuffs and hem.",Pink,Knitted,"[{'name': 'Cotton', 'percentage': '60.00'}, {'name': 'Polyester', 'percentage': '40.00'}]","{'value': 19.99, 'currency': 'GBP'}","['XS', 'S', 'M', 'L', 'XL', 'XXL']",Women,https://image.hm.com/assets/hm/10/64/10645dcd9c4bedd03df7ac20624a4a7cb301cc82.jpg,96.95
Ponte di Roma tube top,"Tube top in Ponte di Roma jersey featuring a straight neckline with concealed elastication at the top and a concealed zip at the back. Shaping seams at the front and back, and a straight-cut hem with a slit at each side.",Black,Knitted,"[{'name': 'Elastane', 'percentage': '4.00'}, {'name': 'Polyamide', 'percentage': '26.00'}, {'name': 'Polyester', 'percentage': '70.00'}]","{'value': 19.99, 'currency': 'GBP'}","['L', 'XL', 'S', 'M', 'XXS', 'XS', 'XXL']",Women,https://image.hm.com/assets/hm/08/ae/08ae56c67f3c0cdff2502eedc7079aef1ad5a4fe.jpg,96.95
Lace-trimmed strappy top,"Long strappy top in jersey with a V-shaped neckline at the front and an asymmetric hem, both with a wide lace trim.",Dark brown,Knitted,"[{'name': 'Elastane', 'percentage': '3.00'}, {'name': 'Polyester', 'percentage': '97.00'}]","{'value': 12.99, 'currency': 'GBP'}","['M', 'L', 'XS', 'S']",Women,https://image.hm.com/assets/hm/90/43/9043a9992c5ae1b7d13cb3506c53b3efc48c8003.jpg,63.0
3-pack ribbed socks,"Socks in a soft, rib-knit cotton blend.",Cream/Light beige/Dark brown,Knitted,"[{'name': 'Elastane', 'percentage': '2.00'}, {'name': 'Cotton', 'percentage': '63.00'}, {'name': 'Polyamide', 'percentage': '35.00'}]","{'value': 6.99, 'currency': 'GBP'}","['6-8', '3-5']",Women,https://image.hm.com/assets/hm/51/79/5179b73f67b2b63d329ffa52423fed6e7abda610.jpg,33.9
Cotton T-shirt,"Straight-cut T-shirt in soft cotton jersey with a round, rib-trimmed neckline and gently dropped shoulders.",Black/White striped,Knitted,"[{'name': 'Cotton', 'percentage': '100.00'}]","{'value': 6.99, 'currency': 'GBP'}","['XS', 'S', 'XL', 'XXL', 'M', 'L']",Women,https://image.hm.com/assets/hm/6d/44/6d4445a36d20e726b859f7b123eab1249c88ede0.jpg,33.9
Jacquard jersey blouse,"Long-sleeved blouse in jacquard jersey featuring a frill collar with a V-shaped opening and narrow ties at the front. Frill trims over the shoulders and at the front of the waist, and a flared peplum.",Cream,Knitted,"[{'name': 'Elastane', 'percentage': '2.00'}, {'name': 'Cotton', 'percentage': '48.00'}, {'name': 'Polyester', 'percentage': '50.00'}]","{'value': 17.99, 'currency': 'GBP'}","['XXS', 'XL', 'XS', 'S', 'M', 'L']",Women,https://image.hm.com/assets/hm/a9/c7/a9c73102fd64d2f3bbe60c9458446025eb02bd7e.jpg,87.25
Draped halterneck dress,"Fitted, sleeveless mini dress in Ponte di Roma jersey with a deep cowl neckline, wide halterneck ties and gathers at the sides to create a draped effect.",Dark brown,Knitted,"[{'name': 'Elastane', 'percentage': '5.00'}, {'name': 'Polyester', 'percentage': '95.00'}]","{'value': 12.99, 'currency': 'GBP'}","['L', 'XL', 'S', 'M', 'XXS', 'XS']",Women,https://image.hm.com/assets/hm/a8/bf/a8bfa122457f0f7d4f986a9a412feb7f81dc78d0.jpg,63.0
Waisted blouse,Blouse in woven fabric with a round neckline and concealed buttons down the front. Elbow-length balloon sleeves with elasticated cuffs and pleats at the waist for a nipped-in silhouette.,Black,Woven,"[{'name': 'Polyamide', 'percentage': '9.00'}, {'name': 'Viscose', 'percentage': '77.00'}, {'name': 'Polyester', 'percentage': '14.00'}]","{'value': 22.99, 'currency': 'GBP'}","['XXL', 'XL', 'S', 'XS', 'L', '3XL', 'M', '4XL', 'XXS']",Women,https://image.hm.com/assets/hm/50/48/5048f27d1464d8f9c82f16571d9ec33b44a8a105.jpg,111.5
Wide Ultra High Jeans,"5-pocket jeans in rigid cotton denim that feels firm at first but then softens and loosens with wear. Wide leg with a regular fit from the waist to the hip and a wide cut from the thigh to the hem. Extra-high waist with a zip fly and button. Regular length, designed to hit the top of the foot with little or no stacking. Featuring a wide silhouette that's always flattering.",Denim blue,Woven,"[{'name': 'Cotton', 'percentage': '100.00'}]","{'value': 24.99, 'currency': 'GBP'}","['4', '6', '22', '12', '14', '8', '10', '20', '16', '18']",Women,https://image.hm.com/assets/hm/57/db/57db5b99043f64d697dc5844dd5e9c63c72197e0.jpg,121.2
Flared jersey trousers,Flared trousers in heavy interlock jersey featuring a high waist with concealed elastication.,Black,Knitted,"[{'name': 'Elastane', 'percentage': '5.00'}, {'name': 'Viscose', 'percentage': '12.00'}, {'name': 'Polyester', 'percentage': '83.00'}]","{'value': 14.99, 'currency': 'GBP'}","['XS', 'S', 'M', 'L']",Women,https://image.hm.com/assets/hm/5f/c2/5fc2ad01a35bf398ffcb61d61931e13c77644c07.jpg,72.7
Cable-knit jumper,"Oversized jumper in a soft cable knit with an open collar, dropped shoulders and long sleeves. Ribbing around the neckline and at the cuffs and hem.",Light beige marl,Knitted,"[{'name': 'Elastane', 'percentage': '2.00'}, {'name': 'Polyamide', 'percentage': '10.00'}, {'name': 'Acrylic', 'percentage': '38.00'}, {'name': 'Polyester', 'percentage': '50.00'}]","{'value': 32.99, 'currency': 'GBP'}","['XXS', 'XS', 'L', 'XL', 'S', 'M']",Women,https://image.hm.com/assets/hm/98/b9/98b9e6843decdfd86d0c1243ba1479e9fd33e601.jpg,160.0
Knitted jumper,"Jumper in a soft knit containing some wool with a round, rib-trimmed neckline, dropped shoulders, long sleeves and ribbing at the cuffs and hem.",Light pink,Knitted,"[{'name': 'Wool', 'percentage': '5.00'}, {'name': 'Elastane', 'percentage': '3.00'}, {'name': 'Acrylic', 'percentage': '40.00'}, {'name': 'Polyester', 'percentage': '52.00'}]","{'value': 19.99, 'currency': 'GBP'}","['M', 'L', 'XL', 'XXL', 'XXS', 'XS', 'S']",Women,https://image.hm.com/assets/hm/27/cb/27cbcab0b895ae1f4ddf4892eb8ee27623aa10da.jpg,96.95
Drawstring trousers,"Loose-fit trousers in a herringbone weave with an elasticated, drawstring waist. Discreet side pockets, fake welt pockets at the back and straight legs.",Dark blue/Pinstriped,Woven,"[{'name': 'Elastane', 'percentage': '2.00'}, {'name': 'Viscose', 'percentage': '33.00'}, {'name': 'Polyester', 'percentage': '65.00'}]","{'value': 19.99, 'currency': 'GBP'}","['XL', 'M', 'L', 'XS', 'S', 'XXS']",Women,https://image.hm.com/assets/hm/08/67/08673f3ae696029d224e063ad36e02b2d106e2e5.jpg,96.95
Seam-detail turtleneck jumper,"Oversized jumper in a soft knit detailed with decorative linking seams. Features a ribbed turtle neck with a small, V-shaped opening at the back. Dropped shoulders, long sleeves and ribbing at the cuffs and hem.",Golden olive,Knitted,"[{'name': 'Wool', 'percentage': '6.00'}, {'name': 'Acrylic', 'percentage': '30.00'}, {'name': 'Polyester', 'percentage': '64.00'}]","{'value': 27.99, 'currency': 'GBP'}","['XXS', 'XS', 'L', 'XL', 'S', 'M', 'XXL']",Women,https://image.hm.com/assets/hm/37/54/37549cb3cd7df7b760de6074ad8767e49274a31c.jpg,135.75
Loose Fit Sweatshirt,"Top in midweight sweatshirt fabric made from a cotton blend with a soft brushed inside. Round, rib-trimmed neckline, dropped shoulders, long sleeves and wide ribbing at the cuffs and hem. Loose fit for a generous but not oversized silhouette.",Green,Knitted,"[{'name': 'Elastane', 'percentage': '5.00'}, {'name': 'Cotton', 'percentage': '57.00'}, {'name': 'Polyester', 'percentage': '38.00'}]","{'value': 19.99, 'currency': 'GBP'}","['S', 'M', 'XS', 'XXL', 'L', 'XL']",Men,https://image.hm.com/assets/hm/cc/40/cc403f5419094002e35fa89cdd58da40499344f3.jpg,96.95
Slim Fit Sports trousers with DryMove™,"Sports trousers in functional fabric made with DryMove™, which helps pull moisture away from your skin, keeping you comfortably dry while moving. Slim fit with an elasticated waist that has a concealed drawstring. Diagonal side pockets and gently tapered legs. Four-way stretch for maximum comfort and added mobility.",Black,Jersey,"[{'name': 'Elastane', 'percentage': '16.00'}, {'name': 'Polyester', 'percentage': '84.00'}]","{'value': 27.99, 'currency': 'GBP'}","['XS', 'L', 'XL', 'S', 'M', 'XXL', '3XL']",Men,https://image.hm.com/assets/hm/5a/c4/5ac41a0b9d3d7e987068d9a622f3a0144c11ece1.jpg,135.75
Regular Fit Tailored trousers,"Tailored trousers in a soft weave with a zip fly, concealed button and hook-and-bar fastening, side pockets, jetted back pockets with a button and straight legs with creases. Regular fit for comfortable wear and a classic silhouette. The tailored design includes added seam allowance on the waistband for convenient alterations.",Black,Woven,"[{'name': 'Cotton', 'percentage': '9.00'}, {'name': 'Polyester', 'percentage': '91.00'}]","{'value': 37.99, 'currency': 'GBP'}","['44R', '38R', '36R', '42R', '40R', '32R', '30R', '34R', '33R']",Men,https://image.hm.com/assets/hm/e1/8f/e18f811c714de51b97487e081f0c9587c779af0c.jpg,184.25
Loose Fit Hoodie,"Hoodie in heavyweight sweatshirt fabric made from a cotton blend with a soft brushed inside and a printed motif. Double-layered hood, dropped shoulders and long sleeves. Kangaroo pocket and ribbing at the cuffs and hem. Loose fit for a generous but not oversized silhouette.",Grey marl/Euphoria,Knitted,"[{'name': 'Cotton', 'percentage': '60.00'}, {'name': 'Polyester', 'percentage': '40.00'}]","{'value': 27.99, 'currency': 'GBP'}","['S', 'XS', 'L', 'M', 'XXL', 'XL']",Men,https://image.hm.com/assets/hm/49/53/495352f497f4627248777552fbf4333578b77f09.jpg,135.75
Long-Sleeved Henley T-shirt,"A slim-fit long-sleeved T-shirt crafted from ribbed stretchy cotton. It features a round neckline with a buttoned Henley placket, narrow bindings at the cuffs, and a straight hem.
",Black,Knitted,"[{'name': 'Cotton', 'percentage': '100.00'}]","{'value': 23.99, 'currency': 'GBP'}","['M', 'S', 'XL', 'L', 'XS']",Men,https://media.weekday.com/assets/003/bd/f0/bdf0545fddca0c0c4def8a95f7ef4e92de36c0d9.jpg,116.35
Loose Fit Hoodie,"Hoodie in heavyweight sweatshirt fabric made from a cotton blend with a soft brushed inside and a printed motif. Double-layered hood, dropped shoulders and long sleeves. Kangaroo pocket and ribbing at the cuffs and hem. Loose fit for a generous but not oversized silhouette.",Black/Euphoria,Knitted,"[{'name': 'Cotton', 'percentage': '60.00'}, {'name': 'Polyester', 'percentage': '40.00'}]","{'value': 27.99, 'currency': 'GBP'}","['M', 'L', 'XS', 'S', 'XL', 'XXL']",Men,https://image.hm.com/assets/hm/b7/6b/b76b14dd13c0e01cf6bd2d0dcc1f25741b691fa4.jpg,135.75
Swim shorts,"Swim shorts in woven fabric with covered elastication and a drawstring at the waist, side pockets, back pocket with a hook and loop fastener, and a small slit in the sides. Mesh inner shorts.",Forest green,Woven,"[{'name': 'Polyester', 'percentage': '100.00'}]","{'value': 12.99, 'currency': 'GBP'}","['XL', 'L', 'XXL', 'XS', 'M', 'S']",Men,https://image.hm.com/assets/hm/93/05/93057079a6a86e5ceca5520fb1c973f74e25a3da.jpg,63.0
Regular Fit Long-sleeve sports top with DryMove™,"Long-sleeved sports top in functional fabric with a washed look and soft handfeel. Made with DryMove™, which helps pull moisture away from your skin, keeping you comfortably dry while moving.",Dark grey,Knitted,"[{'name': 'Elastane', 'percentage': '7.00'}, {'name': 'Lyocell', 'percentage': '18.00'}, {'name': 'Polyester', 'percentage': '75.00'}]","{'value': 22.99, 'currency': 'GBP'}","['S', 'XS', 'XXL', 'XL', 'L', 'M']",Men,https://image.hm.com/assets/hm/de/b6/deb667e42a9896a1c748eda9f75618dd32067adb.jpg,111.5
Regular Fit Polo shirt,"Long-sleeved polo shirt in a soft, textured knit made from a cotton blend with a collar, a button placket and a wide, ribbed trim at the cuffs and hem. Regular fit for comfortable wear and a classic silhouette.",Dark blue,Knitted,"[{'name': 'Cotton', 'percentage': '41.00'}, {'name': 'Acrylic', 'percentage': '20.00'}, {'name': 'Polyester', 'percentage': '39.00'}]","{'value': 32.99, 'currency': 'GBP'}","['L', 'XL', 'XXL', 'XS', 'S', 'M']",Men,https://image.hm.com/assets/hm/1f/da/1fdaf87875283d933b7da60352dc9cbbf8d69a5e.jpg,160.0
Mid-length sports shorts with DryMove™,"Mid-length sports shorts in functional fabric made with DryMove™, which helps pull moisture away from your skin, keeping you comfortably dry while moving. Regular fit with covered elastication and a concealed drawstring at the waist. Diagonal side pockets, a small, reflective print on the back and a small slit at the side of the hems. Four-way stretch for added comfort and freedom of movement.",Light beige,Woven,"[{'name': 'Elastane', 'percentage': '10.00'}, {'name': 'Polyester', 'percentage': '90.00'}]","{'value': 22.99, 'currency': 'GBP'}","['L', 'XL', 'S', 'M', 'XS', 'XXL']",Men,https://image.hm.com/assets/hm/b2/0f/b20fe0a9ebb1ab09cf9fae7dfdadda4a22904868.jpg,111.5
Zip-top midlayer sports top with ThermoMove™,"Sports top in functional fabric made with ThermoMove™ that keeps you warm when the temperature drops. Regular fit with a stand-up collar, zip at the top and extra-long raglan sleeves with a thumbhole at the cuffs. The top can be worn as it is or as an insulating mid layer.",Dusty beige,Knitted,"[{'name': 'Elastane', 'percentage': '18.00'}, {'name': 'Polyester', 'percentage': '82.00'}]","{'value': 27.99, 'currency': 'GBP'}","['XS', 'S', 'M', 'L', 'XL', 'XXL']",Men,https://image.hm.com/assets/hm/5c/85/5c852656892a75b443ac5ec9d3f7349fc3e889ea.jpg,135.75
Slim Fit Rib-knit cardigan,"Cardigan in a soft rib knit made from a cotton and viscose blend featuring a stand collar, two-way zip down the front and long saddle sleeves. Slim fit that hugs the contours of your body, creating a fitted silhouette.",White,Knitted,"[{'name': 'Cotton', 'percentage': '50.00'}, {'name': 'Viscose', 'percentage': '50.00'}]","{'value': 37.99, 'currency': 'GBP'}","['XXL', 'XL', 'L', 'M', 'S', 'XS']",Men,https://image.hm.com/assets/hm/2d/b7/2db722918bf59be5aff7dc2fb980a14ac6c1bd2e.jpg,184.25
Simon Scuba Zip Hoodie,"A regular fit zip hoodie made from a chunky scuba fabric with a recycled polyester and viscose blend, enhanced with a touch of recycled elastane. It has slightly dropped shoulders, ribbed cuffs and hemline, and a sturdy two-way front zipper.
",Bright Blue,Knitted,"[{'name': 'Elastane', 'percentage': '6.00'}, {'name': 'Polyester', 'percentage': '70.00'}, {'name': 'Viscose', 'percentage': '24.00'}]","{'value': 49.99, 'currency': 'GBP'}","['XS', 'M', 'S', 'XL', 'L']",Men,https://media.weekday.com/assets/003/8f/70/8f70fc383d7d3f2471b9b1addddbb4091cdbe8e6.jpg,242.45
Galaxy Mid Rise Loose Straight Leg Jeans,"A pair of mid-rise jeans with a loose fit and straight leg. These jeans are crafted from organic cotton rigid denim with recycled cotton. They feature a classic five-pocket design, and a zip fly.",Gloria Blue - Medium Blue,Woven,"[{'name': 'Cotton', 'percentage': '100.00'}]","{'value': 49.99, 'currency': 'GBP'}","['31/34', '29/30', '28/32', '31/30', '31/32', '34/32', '30/34', '33/32', '28/30', '33/34', '27/30', '30/30', '27/32', '30/32', '29/34', '32/32', '32/34', '29/32', '32/30', '36/32', '34/34']",Men,https://media.weekday.com/assets/003/54/ee/54ee445535b0cf05924593b21a22e9a809887fa3.jpg,242.45
Loose Fit Scuba hoodie,"Hoodie in scuba fabric featuring a double-layered hood, dropped shoulders, long sleeves, a kangaroo pocket and a wide trim at the cuffs and hem. Loose fit for a generous but not oversized silhouette.",Dark brown,Knitted,"[{'name': 'Elastane', 'percentage': '8.00'}, {'name': 'Viscose', 'percentage': '24.00'}, {'name': 'Polyester', 'percentage': '68.00'}]","{'value': 37.99, 'currency': 'GBP'}","['XXL', 'L', 'XL', 'S', 'M', 'XS']",Men,https://image.hm.com/assets/hm/1d/ab/1dab562eaa9d68e8ca22b77aef8deeac9927bd9f.jpg,184.25
Relaxed Fit Shirt,"Shirt in a soft cotton blend with a turn-down collar, French front, back yoke, and an open chest pocket. Long sleeves with adjustable buttoned cuffs and a sleeve placket with a link button, finished with a gently rounded hem. Relaxed fit for a casual but not oversized silhouette.",Light blue/Checked,Woven,"[{'name': 'Cotton', 'percentage': '35.00'}, {'name': 'Polyester', 'percentage': '65.00'}]","{'value': 22.99, 'currency': 'GBP'}","['L', 'XL', 'XXL', 'XS', 'S', 'M']",Men,https://image.hm.com/assets/hm/89/91/8991bc939aaeb6856dd5d4dfd429a0766c467cf6.jpg,111.5
Oversized Fit Zip-through hoodie,"Zip-through hoodie in heavyweight sweatshirt fabric made from a cotton blend with a soft brushed inside. Jersey-lined, drawstring hood, a zip down the front, dropped shoulders and long sleeves. Front pockets and ribbing at the cuffs and hem. Oversized fit for a baggy, extra-loose silhouette.",Dark beige,Knitted,"[{'name': 'Cotton', 'percentage': '60.00'}, {'name': 'Polyester', 'percentage': '40.00'}]","{'value': 27.99, 'currency': 'GBP'}","['XS', 'XL', 'L', 'M', 'S', 'XXL']",Men,https://image.hm.com/assets/hm/80/74/8074385240cab4d9d09c65048fed4c6c0b046c28.jpg,135.75
3-pack Regular Fit sports tops with DryMove™,"Sports tops in functional fabric made with DryMove™, which helps pull moisture away from your skin, keeping you comfortably dry while moving. Regular fit with a narrow trim around the neckline and short sleeves.",Black,Jersey,"[{'name': 'Polyester', 'percentage': '100.00'}]","{'value': 27.99, 'currency': 'GBP'}","['3XL', 'XS', 'S', 'M', 'L', 'XL', 'XXL']",Men,https://image.hm.com/assets/hm/d3/78/d378c5d053c2545faa85192b231d9d76c1e600dc.jpg,135.75
Loose Fit Scuba Track jacket,"Track jacket in a soft scuba fabric with a stand collar and a concealed two-way zip down the front. Dropped shoulders, welt side pockets and wide trims at the cuffs and hem. Loose fit for a generous but not oversized silhouette.",Grey marl,Knitted,"[{'name': 'Viscose', 'percentage': '30.00'}, {'name': 'Polyester', 'percentage': '70.00'}]","{'value': 37.99, 'currency': 'GBP'}","['XL', 'XXL', 'M', 'L', 'XS', 'S']",Men,https://image.hm.com/assets/hm/5e/a4/5ea4f001922e1fb7f19d378e6d17efccd5867409.jpg,184.25
Sports zip-through hoodie with DryMove™,"Zip-through hoodie in functional scuba fabric made with DryMove™, which helps pull moisture away from your skin, keeping you comfortably dry while moving. Hood, a zip down the front and zipped front pockets with taped seams. Long raglan sleeves and narrow elastication at the cuffs and hem.",Black,Knitted,"[{'name': 'Polyester', 'percentage': '100.00'}]","{'value': 37.99, 'currency': 'GBP'}","['L', 'M', 'S', 'XS', '3XL', 'XXL', 'XL']",Men,https://image.hm.com/assets/hm/4a/be/4abe6b937f43de2d96a587eee3aeb0bf45e9619d.jpg,184.25
2-pack bamboo viscose-blend socks,"Ribbed socks in a soft, fine-knit bamboo viscose blend, featuring wide elasticated tops for a secure fit.",Plum red,Knitted,"[{'name': 'Elastane', 'percentage': '2.00'}, {'name': 'Polyamide', 'percentage': '22.00'}, {'name': 'Viscose', 'percentage': '76.00'}]","{'value': 6.99, 'currency': 'GBP'}","['4-6', '11-12.5', '6.5-8', '9-10.5']",Men,https://image.hm.com/assets/hm/e0/76/e0764336f68628cd95001bc2e4ad394ac9d944e9.jpg,33.9
Astro Mid Rise Loose Baggy Leg Jeans,"A pair of mid-rise jeans with a loose fit and baggy leg. These jeans are crafted from organic cotton rigid denim with recycled cotton. They feature a classic five-pocket design, large back pockets, and a button fly.",Arizona Blue - Medium Blue,Woven,"[{'name': 'Cotton', 'percentage': '100.00'}]","{'value': 49.99, 'currency': 'GBP'}","['29/30', '32/30', '28/32', '28/34', '34/32', '33/32', '28/30', '33/34', '27/30', '27/32', '26/32', '32/32', '32/34', '26/30', '25/32', '31/34', '29/32', '36/32', '34/34', '31/30', '25/30', '31/32', '30/34', '24/32', '30/30', '30/32', '29/34']",Men,https://media.weekday.com/assets/003/d9/a0/d9a08638d195af452d119f098321c06b6a74332a.jpg,242.45
5-pack mid trunks with Lycra®,"Trunks in stretch jersey with flatlock seams for added comfort. Elasticated waist, a lined front and mid-length legs. Made using Lycra® Xtra Life™ technology for high comfort and long-lasting shape.",Beige/Dark brown,Knitted,"[{'name': 'Elastane', 'percentage': '5.00'}, {'name': 'Cotton', 'percentage': '95.00'}]","{'value': 27.99, 'currency': 'GBP'}","['M', 'S', 'XL', 'L']",Men,https://image.hm.com/assets/hm/8d/f7/8df78edbc3f51074a99feced4d6f4d7ffa5d771d.jpg,135.75
Loose Fit Scuba hoodie,"Hoodie in scuba fabric featuring a double-layered hood, dropped shoulders, long sleeves, a kangaroo pocket and a wide trim at the cuffs and hem. Loose fit for a generous but not oversized silhouette.",Grey marl,Knitted,"[{'name': 'Elastane', 'percentage': '6.00'}, {'name': 'Viscose', 'percentage': '24.00'}, {'name': 'Polyester', 'percentage': '70.00'}]","{'value': 37.99, 'currency': 'GBP'}","['XL', 'XXL', 'M', 'L', 'XS', 'S']",Men,https://image.hm.com/assets/hm/ff/fb/fffb51ff8346afedda58d570148a0f1cff495018.jpg,184.25
Pocket-detail running tights with DryMove™,"Running tights in functional fabric made with DryMove™, which helps pull moisture away from your skin, keeping you comfortably dry while moving. Elasticated waist with an internal drawstring and a phone pocket on one leg.",Black,Knitted,"[{'name': 'Elastane', 'percentage': '21.00'}, {'name': 'Polyester', 'percentage': '79.00'}]","{'value': 19.99, 'currency': 'GBP'}","['L', 'XL', 'S', 'M']",Men,https://image.hm.com/assets/hm/18/4d/184d4a8313d0caae904400bf15c3304ae2f5bf0d.jpg,96.95
Loose Fit Printed T-shirt,"T-shirt in midweight cotton jersey with a print motif, round, rib-trimmed neckline, dropped shoulders and a straight-cut hem. Loose fit for a generous but not oversized silhouette.",Brown/Street hoops,Knitted,"[{'name': 'Cotton', 'percentage': '100.00'}]","{'value': 9.99, 'currency': 'GBP'}","['L', 'XL', 'S', 'M']",Men,https://image.hm.com/assets/hm/3a/9c/3a9c80ba945186ab89215be3894e3b1adad23133.jpg,48.45
5-pack sports socks with DryMove™,"Sports socks in soft, fine-knit functional fabric made with DryMove™, which helps pull moisture away from your skin, keeping you comfortably dry while moving. Ribbed shafts and elasticated tops.",White,Knitted,"[{'name': 'Elastane', 'percentage': '4.00'}, {'name': 'Polyester', 'percentage': '96.00'}]","{'value': 11.99, 'currency': 'GBP'}","['11-12.5', '6.5-8', '9-10.5']",Men,https://image.hm.com/assets/hm/d8/c5/d8c562c0276f687183148ee7eceb5cc243a420e7.jpg,58.15
2-pack Loose Fit T-shirts,"T-shirts in heavyweight cotton jersey with a round, rib-trimmed neckline, dropped shoulders and a straight-cut hem. Loose fit for a generous but not oversized silhouette.",Black/White,Jersey,"[{'name': 'Cotton', 'percentage': '100.00'}]","{'value': 17.99, 'currency': 'GBP'}","['L', 'M', 'S', 'XS', 'XXL', 'XL']",Men,https://image.hm.com/assets/hm/15/03/15032bc97db2285b8d99358ecef60fa3ac1c6953.jpg,87.25
Regular Fit Sports top with DryMove™,"Sports top in functional fabric made with DryMove™, which helps pull moisture away from your skin, keeping you comfortably dry while moving. Regular fit with a round neckline, short sleeves and a straight-cut hem.",Dark grey/Patterned,Knitted,"[{'name': 'Elastane', 'percentage': '10.00'}, {'name': 'Polyester', 'percentage': '90.00'}]","{'value': 12.99, 'currency': 'GBP'}","['XS', '3XL', 'XXL', 'XL', 'L', 'M', 'S']",Men,https://image.hm.com/assets/hm/61/3d/613d9c84b20c56305b9c8d40dd4d04f86ac1c86b.jpg,63.0
Regular Fit Polo shirt,"Long-sleeved polo shirt in a soft, textured knit made from a cotton blend with a collar, a button placket and a wide, ribbed trim at the cuffs and hem. Regular fit for comfortable wear and a classic silhouette.",Beige,Knitted,"[{'name': 'Cotton', 'percentage': '41.00'}, {'name': 'Acrylic', 'percentage': '20.00'}, {'name': 'Polyester', 'percentage': '39.00'}]","{'value': 32.99, 'currency': 'GBP'}","['XL', 'XXL', 'XS', 'S', 'M', 'L']",Men,https://image.hm.com/assets/hm/ba/d3/bad3cb5ede1350e646c63f577774b452c53f912b.jpg,160.0
Slim Fit Sports joggers with DryMove™,"Tapered sports joggers in functional fabric made with DryMove™, which helps pull moisture away from your skin, keeping you comfortably dry while moving. Slim fit with an elasticated, drawstring waist and side pockets with a taped zip.",Light grey marl,Knitted,"[{'name': 'Elastane', 'percentage': '5.00'}, {'name': 'Viscose', 'percentage': '14.00'}, {'name': 'Polyester', 'percentage': '81.00'}]","{'value': 32.99, 'currency': 'GBP'}","['3XL', 'XXL', 'XL', 'L', 'M', 'S', 'XS']",Men,https://image.hm.com/assets/hm/fb/2b/fb2b8dee0a281e38e5266d23baebb95daea3bebb.jpg,160.0
Regular Fit Sports vest top with DryMove™,"Sports vest top in functional fabric made with DryMove™, which helps pull moisture away from your skin, keeping you comfortably dry while moving. Regular fit with a round neckline, deep armholes and a straight-cut hem with a slit at each side.",Light grey,Knitted,"[{'name': 'Elastane', 'percentage': '8.00'}, {'name': 'Polyester', 'percentage': '92.00'}]","{'value': 9.99, 'currency': 'GBP'}","['XS', 'S', 'M', 'L', 'XL', 'XXL']",Men,https://image.hm.com/assets/hm/ab/d2/abd2406c0a3b63e9217d7b22cd9ea175c5873d27.jpg,48.45
Loose Fit Printed hoodie,"Hoodie in midweight sweatshirt fabric made from a cotton blend with a soft brushed inside and a printed motif. Double-layered, drawstring hood, dropped shoulders and long sleeves. Kangaroo pocket and ribbing at the cuffs and hem. Loose fit for a generous but not oversized silhouette.",Dark green/Endless Peaks,Knitted,"[{'name': 'Cotton', 'percentage': '60.00'}, {'name': 'Polyester', 'percentage': '40.00'}]","{'value': 27.99, 'currency': 'GBP'}","['L', 'M', 'XXL', 'XL', 'S']",Men,https://image.hm.com/assets/hm/3c/26/3c26785056930f4a7c7629d9dc34eb6633a1cdca.jpg,135.75
Loose Sweatpants,"A pair of sweatpants with a loose fit and laid-back silhouette. Crafted from soft cotton fleece, they feature an elasticated waistband with an inside drawstring, discreet welt pockets, and a stitched fake fly. Designed with subtle topstitched details and clean folded hems for a relaxed yet structured look.
",Light Grey,Knitted,"[{'name': 'Elastane', 'percentage': '30.00'}, {'name': 'Rubber', 'percentage': '70.00'}]","{'value': 35.99, 'currency': 'GBP'}","['XL', 'L', 'M', 'S', 'XS']",Men,https://media.weekday.com/assets/003/0d/f0/0df02a39efed14e053c673c6de936fa36715c5e9.jpg,174.55
Slim Fit Stretch shirt,"Shirt in a stretch weave made from a cotton blend with a cut-away collar, French front and a yoke at the back. Long sleeves with adjustable buttoning at the cuffs and a sleeve placket with a link button. Gently rounded hem. Slim fit that hugs the contours of your body, creating a fitted silhouette.",White,Woven,"[{'name': 'Elastane', 'percentage': '3.00'}, {'name': 'Cotton', 'percentage': '77.00'}, {'name': 'Polyamide', 'percentage': '20.00'}]","{'value': 22.99, 'currency': 'GBP'}","['L', 'M', 'S', 'XS', 'XXL', 'XL']",Men,https://image.hm.com/assets/hm/87/c6/87c617bcfe5f622de4468f094c67e0955d5f889b.jpg,111.5
2-pack Regular Fit Sweatpants,"Sweatpants in cotton jersey with an elasticated, drawstring waist, a fake fly, side pockets and ribbed hems. Regular fit for comfortable wear and a classic silhouette.",Navy blue/Grey marl,Knitted,"[{'name': 'Elastane', 'percentage': '37.00'}, {'name': 'Polyester', 'percentage': '63.00'}]","{'value': 27.99, 'currency': 'GBP'}","['XS', 'XL', 'L', 'M', 'S', 'XXL']",Men,https://image.hm.com/assets/hm/77/32/773288c56fede7c021430c8339cb33f4a7ed6c01.jpg,135.75
2-pack wool-blend socks,"Thicker-style, mid calf-length socks in a soft, rib-knit, warming wool blend.",Dark brown/Light beige marl,Knitted,"[{'name': 'Wool', 'percentage': '17.00'}, {'name': 'Elastane', 'percentage': '1.00'}, {'name': 'Acrylic', 'percentage': '53.00'}, {'name': 'Polyester', 'percentage': '29.00'}]","{'value': 12.99, 'currency': 'GBP'}","['6-8', '3-5']",Women,https://image.hm.com/assets/hm/58/9f/589ff4144c2d15e034f65d38403e08520179e6f2.jpg,63.0
Rib-knit peplum cardigan,"Long-sleeved cardigan in a soft rib knit with a round neckline, buttons down the front and a flared peplum.",Cream,Knitted,"[{'name': 'Wool', 'percentage': '5.00'}, {'name': 'Elastane', 'percentage': '3.00'}, {'name': 'Acrylic', 'percentage': '40.00'}, {'name': 'Polyester', 'percentage': '52.00'}]","{'value': 27.99, 'currency': 'GBP'}","['XXL', 'XL', 'XXS', 'S', 'XS', 'L', 'M']",Women,https://image.hm.com/assets/hm/1e/53/1e53725406a38091b7448910cc0489054b47ff13.jpg,135.75
Draped one-shoulder top,"Fitted, long-sleeved top in soft jersey featuring an asymmetric neckline with one bare shoulder. Gathered seams for a draped effect.",Plum red,Knitted,"[{'name': 'Elastane', 'percentage': '13.00'}, {'name': 'Polyester', 'percentage': '87.00'}]","{'value': 14.99, 'currency': 'GBP'}","['L', 'XL', 'XXS', 'XS', 'S', 'M']",Women,https://image.hm.com/assets/hm/cc/04/cc04aeccbe443ec425e4c3a00e28a78c5d7404d7.jpg,72.7
Brushed jersey pyjamas,"Pyjamas with a top and pair of bottoms in soft, brushed jersey. Long-sleeved top featuring a round neckline and dropped shoulders. Bottoms with an elasticated waist and a fake fly with decorative buttons.",White/Floral,Knitted,"[{'name': 'Elastane', 'percentage': '4.00'}, {'name': 'Viscose', 'percentage': '48.00'}, {'name': 'Polyester', 'percentage': '48.00'}]","{'value': 32.99, 'currency': 'GBP'}","['XS', 'S', 'XXS', 'XL', 'M', 'L']",Women,https://image.hm.com/assets/hm/34/83/3483394d4a0ed62a3e0284b1999bd29cc38369e9.jpg,160.0
Padded bandeau bikini top,"Lined bandeau bikini top with a decorative knot at the front and padded cups that shape the bust and provide good support. Narrow, detachable shoulder straps and adjustable hook fastening at the back. Concealed silicone trim at the top, and side support.",Dark brown/Leopard print,Knitted,"[{'name': 'Elastane', 'percentage': '13.00'}, {'name': 'Polyamide', 'percentage': '87.00'}]","{'value': 14.99, 'currency': 'GBP'}","['20', '22', '8', '10', '4', '6', '16', '18', '12', '14']",Women,https://image.hm.com/assets/hm/e7/c0/e7c04827aa689aeaed5da1ea79317ab6cb104f04.jpg,72.7
Wide trousers,"Wide-leg trousers in woven fabric. Regular waist with a zip fly and button, diagonal side pockets and fake welt pockets with a decorative button at the back.",Black,Woven,"[{'name': 'Cotton', 'percentage': '20.00'}, {'name': 'Polyester', 'percentage': '80.00'}]","{'value': 19.99, 'currency': 'GBP'}","['12', '10', '8', '6', '20', '18', '16', '14', '4', '22']",Women,https://image.hm.com/assets/hm/56/48/5648c06d8a81b931c4afe183505bd81fb80f0d29.jpg,96.95
Gathered top,Fitted top in stretch jersey with a boat neckline and long sleeves. Gathers at one side of the waist and a gathered panel draping over the bust to the opposite shoulder and flowing into a wide tie down the back.,Navy blue,Knitted,"[{'name': 'Elastane', 'percentage': '7.00'}, {'name': 'Polyester', 'percentage': '93.00'}]","{'value': 14.99, 'currency': 'GBP'}","['XS', 'S', 'M', 'L']",Women,https://image.hm.com/assets/hm/37/25/372507c50cb16784523bddbf8eedea9b581fb129.jpg,72.7
Cotton-blend trousers,"Wide, relaxed-fit trousers in ribbed jersey made from a cotton blend. The design features a low waist with covered elastication and a narrow drawstring.",Black/Striped,Knitted,"[{'name': 'Elastane', 'percentage': '5.00'}, {'name': 'Cotton', 'percentage': '57.00'}, {'name': 'Polyester', 'percentage': '38.00'}]","{'value': 19.99, 'currency': 'GBP'}","['XXS', 'S', 'XS', 'L', 'M', 'XL']",Women,https://image.hm.com/assets/hm/6c/e9/6ce933333906608f2d89ecb106643524bf8ba1b5.jpg,96.95
Fine-knit collared jumper,"Slightly longer, loose-fit jumper in a soft, fine knit with a ribbed collar and V-shaped opening at the top. Dropped shoulders and long sleeves with ribbed cuffs. Straight, ribbed hem with a slit at each side. Longer at the back.",Dark brown,Knitted,"[{'name': 'Wool', 'percentage': '5.00'}, {'name': 'Elastane', 'percentage': '3.00'}, {'name': 'Polyamide', 'percentage': '29.00'}, {'name': 'Acrylic', 'percentage': '13.00'}, {'name': 'Polyester', 'percentage': '50.00'}]","{'value': 32.99, 'currency': 'GBP'}","['XXS', 'S', 'XS', 'L', 'M', 'XL']",Women,https://image.hm.com/assets/hm/10/73/1073552d8a1f6792bfc9ae85094ef67a828134d9.jpg,160.0
Foldover-waist cotton trousers,"Trousers in soft cotton jersey featuring a wide, foldover waistband and straight legs that flare to the hems.",Dark mole,Knitted,"[{'name': 'Elastane', 'percentage': '10.00'}, {'name': 'Cotton', 'percentage': '90.00'}]","{'value': 12.99, 'currency': 'GBP'}","['M', 'S', 'XL', 'L', 'XXL', 'XS']",Women,https://image.hm.com/assets/hm/68/bd/68bd8dab7afea82792aa1ceaa66e2746b4264615.jpg,63.0
Frill-trimmed blouse,Blouse in a cotton and viscose weave featuring a frill collar with an additional frill trim below and ties at the front. Buttons down the front and long sleeves featuring frill-trimmed cuffs with a button.,Dark blue/Striped,Woven,"[{'name': 'Cotton', 'percentage': '50.00'}, {'name': 'Viscose', 'percentage': '50.00'}]","{'value': 22.99, 'currency': 'GBP'}","['M', 'S', 'L', 'XS']",Women,https://image.hm.com/assets/hm/bd/ec/bdec449115b15c6b0217959f972b3cec3a0ed23b.jpg,111.5
Knitted peplum top,"Fitted top in a fine rib knit with a boat neckline, long sleeves and a flared peplum.",Plum red,Knitted,"[{'name': 'Polyamide', 'percentage': '28.00'}, {'name': 'Viscose', 'percentage': '22.00'}, {'name': 'Polyester', 'percentage': '50.00'}]","{'value': 19.99, 'currency': 'GBP'}","['XXS', 'S', 'XS', 'L', 'M', 'XL']",Women,https://image.hm.com/assets/hm/16/99/169908980e41f8bfb2491d44d77c48a056ce9843.jpg,96.95
Sequined halterneck top,Short halterneck top in sequined velour with a cowl neckline and an adjustable button fastening at the back of the neck. Jersey lining.,Silver-coloured,Knitted,"[{'name': 'Elastane', 'percentage': '5.00'}, {'name': 'Polyester', 'percentage': '95.00'}]","{'value': 17.99, 'currency': 'GBP'}","['XL', 'S', 'XS', 'L', 'M', 'XXS']",Women,https://image.hm.com/assets/hm/8d/e6/8de61c37ef0c1bed337dd1d121f3b2fc79d2c966.jpg,87.25
Padded soft lace bra,"Soft, non-wired bra in lace with adjustable shoulder straps and mesh-lined cups with removable inserts that shape the bust and provide good support. Hook-and-eye fastening at the back.",Plum purple,Knitted,"[{'name': 'Elastane', 'percentage': '16.00'}, {'name': 'Polyamide', 'percentage': '84.00'}]","{'value': 14.99, 'currency': 'GBP'}","['S', 'XS', 'L', 'M']",Women,https://image.hm.com/assets/hm/31/9f/319f58d5ecc454ae48d8301afd09d8514f7b0fe3.jpg,72.7
Fine-knit cardigan,"Fitted cardigan in a soft, fine knit with a round neckline and buttons down the front. Ribbing around the neckline and at the cuffs and hem.",Navy blue,Knitted,"[{'name': 'Polyamide', 'percentage': '20.00'}, {'name': 'Polyester', 'percentage': '80.00'}]","{'value': 17.99, 'currency': 'GBP'}","['S', 'XS', 'L', 'M', 'XL', 'XXS']",Women,https://image.hm.com/assets/hm/0b/a3/0ba33be9ce828c231a4b13a783bb6d822eb1c8d2.jpg,87.25
Barrel Leg Low Waist Ankle Jeans,"5-pocket jeans in rigid cotton denim that feels firm at first but then softens and loosens with wear. Curved, voluminous leg with a regular fit from the hip to the thigh, that tapers to the hem. Low waist with a zip fly and button. Ankle length, designed to hit at the ankle bone.",Dark denim blue,Woven,"[{'name': 'Cotton', 'percentage': '100.00'}]","{'value': 44.99, 'currency': 'GBP'}","['12', '14', '16', '18', '6', '8', '10']",Women,https://image.hm.com/assets/hm/f2/59/f259f28c5210796c818c1b6f8872836c11fbe817.jpg,218.2
Pointelle-knit cardigan,"Cardigan in a soft, fine knit with pointelle-knit sections. Round neckline, buttons down the front and a frill trim at the hem.",Navy blue,Knitted,"[{'name': 'Wool', 'percentage': '5.00'}, {'name': 'Elastane', 'percentage': '3.00'}, {'name': 'Acrylic', 'percentage': '41.00'}, {'name': 'Polyester', 'percentage': '51.00'}]","{'value': 24.99, 'currency': 'GBP'}","['L', 'XL', 'XXS', 'XS', 'S', 'M']",Women,https://image.hm.com/assets/hm/4f/1c/4f1ccbcd5f84cdc8828dab23bb07817cc099aadc.jpg,121.2
Batwing-sleeved jumper,Loose-fit jumper in a soft knit with a boat neckline and 3/4-length batwing sleeves.,Dark green,Knitted,"[{'name': 'Acrylic', 'percentage': '80.00'}, {'name': 'Polyester', 'percentage': '20.00'}]","{'value': 19.99, 'currency': 'GBP'}","['XS/S', 'M/L']",Women,https://image.hm.com/assets/hm/eb/d0/ebd04b4886d94b9f2e9fd913ed62fe10b2987ece.jpg,96.95
Pointelle-knit peplum top,"Top in a soft pointelle knit containing some wool. Features a round neckline with a narrow trim, long raglan sleeves and a drawstring at the waist that ties at each side, creating a flared peplum.",Beige,Knitted,"[{'name': 'Wool', 'percentage': '5.00'}, {'name': 'Elastane', 'percentage': '3.00'}, {'name': 'Acrylic', 'percentage': '41.00'}, {'name': 'Polyester', 'percentage': '51.00'}]","{'value': 19.99, 'currency': 'GBP'}","['XL', 'XXS', 'S', 'XS', 'L', 'M']",Women,https://image.hm.com/assets/hm/fd/29/fd29fe4fbf8f09eba3354b910ca9fb4c003373ec.jpg,96.95
Oversized boat-neck jumper,"Oversized jumper in a soft rib knit with a rib-trimmed boat neckline, dropped shoulders and long sleeves. Ribbing at the cuffs and hem.",Light beige marl,Knitted,"[{'name': 'Wool', 'percentage': '5.00'}, {'name': 'Elastane', 'percentage': '3.00'}, {'name': 'Acrylic', 'percentage': '40.00'}, {'name': 'Polyester', 'percentage': '52.00'}]","{'value': 19.99, 'currency': 'GBP'}","['S', 'XS', 'L', 'M', 'XXS', 'XXL', 'XL']",Women,https://image.hm.com/assets/hm/be/24/be2417b4c86153b3495654136071d70f66cbb3c3.jpg,96.95
Batwing-sleeved jersey top,"Top in stretch cotton jersey featuring a round neckline and long, wide batwing sleeves.",Dark brown/Striped,Knitted,"[{'name': 'Elastane', 'percentage': '7.00'}, {'name': 'Cotton', 'percentage': '93.00'}]","{'value': 12.99, 'currency': 'GBP'}","['L', 'XS', 'S', 'M']",Women,https://image.hm.com/assets/hm/66/1c/661ca9a112fa99f359429b1527463303cc3f7b73.jpg,63.0
Cable-knit cardigan,"Cardigan in a soft cable knit with a round, ribbed neckline, buttons down the front and long raglan sleeves. Ribbing at the cuffs and hem.",Light beige marl,Knitted,"[{'name': 'Wool', 'percentage': '5.00'}, {'name': 'Elastane', 'percentage': '3.00'}, {'name': 'Acrylic', 'percentage': '40.00'}, {'name': 'Polyester', 'percentage': '52.00'}]","{'value': 24.99, 'currency': 'GBP'}","['XS', 'S', 'M', 'L', 'XL', 'XXL', 'XXS']",Women,https://image.hm.com/assets/hm/e7/90/e7903bf74d25b3fcb1e7c47204d411f8c0a8b9b5.jpg,121.2
Cotton T-shirt,"T-shirt in dense cotton jersey with a round, rib-trimmed neckline.",Burgundy,Knitted,"[{'name': 'Polyester', 'percentage': '100.00'}]","{'value': 12.99, 'currency': 'GBP'}","['S', 'XS', 'XXS', 'XXL', 'XL', 'L', 'M']",Women,https://image.hm.com/assets/hm/89/35/893510cf78c3aff0d956f5d449639ac7732ed657.jpg,63.0
5-pack socks,"Socks in a soft, fine-knit cotton blend with scallop-edged, elasticated tops.",Black,Knitted,"[{'name': 'Elastane', 'percentage': '1.00'}, {'name': 'Cotton', 'percentage': '80.00'}, {'name': 'Polyester', 'percentage': '19.00'}]","{'value': 9.99, 'currency': 'GBP'}","['6-8', '3-5']",Women,https://image.hm.com/assets/hm/ec/86/ec8651e13adbc9e86cfffd9fc79d0f91fb166c82.jpg,48.45
Padded triangle bikini top,Lined triangle bikini top with adjustable shoulder straps and cups with removable inserts that shape the bust and provide good support. Ties at the front.,Black/Gingham check,Knitted,"[{'name': 'Elastane', 'percentage': '12.00'}, {'name': 'Polyester', 'percentage': '88.00'}]","{'value': 12.99, 'currency': 'GBP'}","['XL', 'L', 'M', 'S', 'XS']",Women,https://image.hm.com/assets/hm/28/1f/281f1cebeed1d5f999ba311396600dbd056742cf.jpg,63.0
Oversized boat-neck jumper,"Oversized jumper in a soft rib knit with a rib-trimmed boat neckline, dropped shoulders and long sleeves. Ribbing at the cuffs and hem.",Dark brown,Knitted,"[{'name': 'Wool', 'percentage': '5.00'}, {'name': 'Elastane', 'percentage': '3.00'}, {'name': 'Acrylic', 'percentage': '40.00'}, {'name': 'Polyester', 'percentage': '52.00'}]","{'value': 19.99, 'currency': 'GBP'}","['XS', 'XXS', 'M', 'S', 'XL', 'L', 'XXL']",Women,https://image.hm.com/assets/hm/af/ff/afff3715e3943c6b302eb9c8b3651436d8c8574c.jpg,96.95
Collared bomber jacket,"Bomber jacket in woven fabric with a collar, zip down the front, wind flap with concealed press-studs and welt side pockets. Yoke at the front and back, and an inverted box pleat at the back for added volume, and narrow elastication at the hem. Lined.",Light beige/Checked,Woven,"[{'name': 'Viscose', 'percentage': '1.00'}, {'name': 'Acrylic', 'percentage': '5.00'}, {'name': 'Polyester', 'percentage': '94.00'}]","{'value': 39.99, 'currency': 'GBP'}","['M', 'L', 'XS', 'S', 'XXS', 'XL']",Women,https://image.hm.com/assets/hm/01/18/0118b98f9500574bd626800b5f9af29bcf388653.jpg,193.95
Ribbed cotton-blend top,"Fitted top in soft, ribbed jersey made from a cotton and viscose blend with a round neckline and long sleeves.",Old rose,Knitted,"[{'name': 'Elastane', 'percentage': '5.00'}, {'name': 'Cotton', 'percentage': '48.00'}, {'name': 'Viscose', 'percentage': '47.00'}]","{'value': 12.99, 'currency': 'GBP'}","['S', 'M', 'XS', 'XXL', 'L', 'XL']",Women,https://image.hm.com/assets/hm/98/fc/98fc7b7800a2675fc6b841b6dafaae03b5c47530.jpg,63.0
2-piece sweatshirt set,"Set with a top and pair of joggers in sweatshirt fabric with a soft brushed inside. Long-sleeved top with a round, ribbed neckline, dropped shoulders and ribbing at the cuffs and hem. Joggers with an elasticated waist and elasticated hems.",Black,Knitted,"[{'name': 'Cotton', 'percentage': '62.00'}, {'name': 'Polyester', 'percentage': '38.00'}]","{'value': 24.99, 'currency': 'GBP'}","['XL', 'M', 'L', 'XS', 'S', 'XXS']",Women,https://image.hm.com/assets/hm/1a/af/1aafacb2d13c7ff42f56b101a86a3e17a8c9a84f.jpg,121.2
Teddy cardigan,"Short cardigan in soft teddy with bindings in woven fabric with a soft, napped finish around the neckline and down the front. Round neckline, buttons down the front and long sleeves.",Dark brown,Knitted,"[{'name': 'Polyester', 'percentage': '100.00'}]","{'value': 19.99, 'currency': 'GBP'}","['L', 'M', 'S', 'XS', 'XL', 'XXS']",Women,https://image.hm.com/assets/hm/83/ff/83ff8fd78385b45f0ed0e2cb03fc0e2a9f7dbad9.jpg,96.95
Scarf-detail coat,"Knee-length coat in woven fabric with a brushed surface. Features a large, detachable scarf, round neckline and a double-breasted front with concealed and visible buttons. Dropped shoulders, long sleeves and discreet pockets in the side seams. Single back vent. Lined.",Beige marl,Woven,"[{'name': 'Polyester', 'percentage': '100.00'}]","{'value': 64.99, 'currency': 'GBP'}","['L', 'M', 'XXL', 'XL', 'XXS', 'S', 'XS']",Women,https://image.hm.com/assets/hm/f0/55/f0558f0650dc10fc333b78561d8884b4f63d67b0.jpg,315.2
7-pack socks,Fine-knit socks in a soft cotton blend.,White/Beige,Knitted,"[{'name': 'Cotton', 'percentage': '74.00'}, {'name': 'Elastane', 'percentage': '2.00'}, {'name': 'Polyamide', 'percentage': '24.00'}]","{'value': 12.99, 'currency': 'GBP'}","['6-8', '3-5']",Women,https://image.hm.com/assets/hm/75/39/75390029d97d253abacd14a3aae701ceee20f150.jpg,63.0
Cable-knit cardigan,"Cardigan in a soft cable knit with a round, ribbed neckline, buttons down the front and long raglan sleeves. Ribbing at the cuffs and hem.",Light coral pink,Knitted,"[{'name': 'Wool', 'percentage': '5.00'}, {'name': 'Elastane', 'percentage': '3.00'}, {'name': 'Acrylic', 'percentage': '40.00'}, {'name': 'Polyester', 'percentage': '52.00'}]","{'value': 24.99, 'currency': 'GBP'}","['XL', 'XXS', 'S', 'XS', 'L', 'M']",Women,https://image.hm.com/assets/hm/ed/73/ed73b14d972091aea1f3c9d15842681a75a42307.jpg,121.2
Asymmetric top,Long-sleeved top in heavy jersey featuring an asymmetric neckline with pleats on one shoulder to create a draped effect.,Dark mole,Knitted,"[{'name': 'Elastane', 'percentage': '5.00'}, {'name': 'Polyester', 'percentage': '95.00'}]","{'value': 12.99, 'currency': 'GBP'}","['XL', 'M', 'L', 'XS', 'S']",Women,https://image.hm.com/assets/hm/7f/be/7fbe8bab1adfa9bbfadd7fb8e53f1c27588492eb.jpg,63.0
Sheer jersey top,"Fitted top in sheer jersey with overlocked trims. Features a turtle neck, long sleeves and gathers at one side of the waist to create a draped effect.",Black,Knitted,"[{'name': 'Polyester', 'percentage': '100.00'}]","{'value': 12.99, 'currency': 'GBP'}","['XS', 'M', 'S', 'L']",Women,https://image.hm.com/assets/hm/1f/ef/1fef53630b158ab9701ba1f7c8d52239f9566451.jpg,63.0
Lace-trimmed halterneck top,"Fitted, sleeveless top in interlock jersey featuring a cowl neckline, a wide halterneck strap with concealed buttons at the back of the neck and an open back. Asymmetric, lace trimmed hem.",Black,Knitted,"[{'name': 'Elastane', 'percentage': '12.00'}, {'name': 'Polyester', 'percentage': '88.00'}]","{'value': 17.99, 'currency': 'GBP'}","['XS', 'S', 'M', 'L', 'XL']",Women,https://image.hm.com/assets/hm/bf/7d/bf7da80f474d6591d74d06a51fdd0e8830cae54c.jpg,87.25
Regular Fit Corduroy trousers,"Trousers in soft corduroy made from a cotton and modal blend with a regular waist, zip fly and button. Featuring diagonal side pockets and welt back pockets. Regular fit for comfortable wear and a classic silhouette.",Dark blue,Woven,"[{'name': 'Elastane', 'percentage': '2.00'}, {'name': 'Cotton', 'percentage': '78.00'}, {'name': 'Modal', 'percentage': '20.00'}]","{'value': 32.99, 'currency': 'GBP'}","['34', '36', '38', '28', '29', '30', '31', '32', '33']",Men,https://image.hm.com/assets/hm/f1/c0/f1c06dd8f29b9c7212a2437e098d6c26b5345976.jpg,160.0
5-pack mid trunks with Lycra®,"Trunks in stretch jersey with flatlock seams for added comfort. Elasticated waist, a lined front and mid-length legs. Made using Lycra® Xtra Life™ technology for high comfort and long-lasting shape.",White,Knitted,"[{'name': 'Elastane', 'percentage': '5.00'}, {'name': 'Cotton', 'percentage': '95.00'}]","{'value': 27.99, 'currency': 'GBP'}","['XXL', 'XS', 'S', 'M', 'L', 'XL']",Men,https://image.hm.com/assets/hm/2e/52/2e52e8ff50a75fe8364587541f07261b5d1a7b5e.jpg,135.75
3-pack mid trunks,"Trunks in stretch cotton jersey with flatlock seams for extra comfort. Featuring an elasticated waist, a lined front and mid-length legs.",Dark purple/Striped,Knitted,"[{'name': 'Elastane', 'percentage': '5.00'}, {'name': 'Cotton', 'percentage': '95.00'}]","{'value': 15.99, 'currency': 'GBP'}","['XXL', 'XL', 'S', 'XS', 'L', 'M']",Men,https://image.hm.com/assets/hm/99/7f/997f12a9768445aac2f383db4d48b90148c6ee9d.jpg,77.55
Regular Fit Suit trousers,"Suit trousers in woven fabric featuring a zip fly with a concealed button and hook-and-bar fastener. Side pockets, jetted back pockets and legs with creases. Regular fit for comfortable wear and a classic silhouette. The tailored design includes added seam allowance on the waistband for convenient alterations.",Black,Woven,"[{'name': 'Elastane', 'percentage': '2.00'}, {'name': 'Viscose', 'percentage': '28.00'}, {'name': 'Polyester', 'percentage': '70.00'}]","{'value': 37.99, 'currency': 'GBP'}","['42R', '44R', '32R', '33R', '30R', '38R', '40R', '34R', '36R']",Men,https://image.hm.com/assets/hm/e8/4d/e84d1f78706a3c296cce167124d22b6f9f6eab87.jpg,184.25
10-pack mid trunks with Lycra®,"Trunks in stretch jersey with flatlock seams for added comfort. Elasticated waist, a lined front and mid-length legs. Made using Lycra® Xtra Life™ technology for high comfort and long-lasting shape.",Blue/Burgundy/Grey/Black,Knitted,"[{'name': 'Elastane', 'percentage': '5.00'}, {'name': 'Cotton', 'percentage': '95.00'}]","{'value': 44.99, 'currency': 'GBP'}","['M', 'L', 'XL', 'XXL', 'XS', 'S']",Men,https://image.hm.com/assets/hm/b5/61/b561f117ace191a1b335f68eb010fdb85f39ae74.jpg,218.2
Oversized Fit Zip-through hoodie,"Zip-through hoodie in heavyweight cotton sweatshirt fabric with a jersey-lined hood, a zip down the front, dropped shoulders and long sleeves. Front pockets and a wide, ribbed trim at the cuffs and hem. Oversized fit for a baggy, extra-loose silhouette.",Dark blue,Knitted,"[{'name': 'Cotton', 'percentage': '100.00'}]","{'value': 37.99, 'currency': 'GBP'}","['XXL', 'XL', 'L', 'M', 'S', 'XS']",Men,https://image.hm.com/assets/hm/24/9e/249eb558fc7d6ce1be3b6f9c87974d77066554f4.jpg,184.25
Slim Fit Suit trousers,"Suit trousers in woven fabric featuring a zip fly with a concealed hook-and-bar fastening, side pockets, jetted back pockets and legs with creases. Slim fit that hugs the contours of your body, creating a fitted silhouette. The tailored design includes added seam allowance on the waistband for convenient alterations.",Dark blue,Woven,"[{'name': 'Cotton', 'percentage': '9.00'}, {'name': 'Polyester', 'percentage': '91.00'}]","{'value': 32.99, 'currency': 'GBP'}","['33R', '32R', '30R', '44R', '42R', '40R', '38R', '36R', '34R']",Men,https://image.hm.com/assets/hm/e3/9e/e39e9d0a18c6f1d97336c7e33faf85ad4b97e921.jpg,160.0
Loose Fit Printed hoodie,"Hoodie in midweight sweatshirt fabric made from a cotton blend with a soft brushed inside and a printed motif. Double-layered, drawstring hood, dropped shoulders and long sleeves. Kangaroo pocket and ribbing at the cuffs and hem. Loose fit for a generous but not oversized silhouette.",Dusty pink/Herbarium Archives,Knitted,"[{'name': 'Cotton', 'percentage': '63.00'}, {'name': 'Polyester', 'percentage': '37.00'}]","{'value': 27.99, 'currency': 'GBP'}","['M', 'L', 'XS', 'S', 'XL', 'XXL']",Men,https://image.hm.com/assets/hm/1d/96/1d9693d8e27849690c07b20101f3261eba04a909.jpg,135.75
Padded nylon bomber jacket,"Lightly padded bomber jacket in nylon with a ribbed stand collar and a zip down the front. Diagonal welt side pockets with a press-stud, a zipped sleeve pocket, and two inner pockets with a press-stud. Finished with a wide, ribbed trim at the cuffs and hem. Lined.",Light brown,Woven,"[{'name': 'Polyamide', 'percentage': '100.00'}]","{'value': 44.99, 'currency': 'GBP'}","['XXL', 'M', 'S', 'XL', 'L', 'XS']",Men,https://image.hm.com/assets/hm/96/d7/96d7fa4abdf2f94f3af9f7cfc4bb43c314cb41bf.jpg,218.2
5-pack short trunks with Lycra®,"Trunks in stretch jersey with flatlock seams for added comfort. Elasticated waist, a lined front and short legs. Made using Lycra® Xtra Life™ technology for high comfort and long-lasting shape.",Dark grey marl/Black,Knitted,"[{'name': 'Cotton', 'percentage': '57.00'}, {'name': 'Elastane', 'percentage': '5.00'}, {'name': 'Polyester', 'percentage': '38.00'}]","{'value': 27.99, 'currency': 'GBP'}","['XL', 'L', 'M', 'S']",Men,https://image.hm.com/assets/hm/fd/4b/fd4b40ed74a8e5e6683a7f46fb47cb7412abd4ec.jpg,135.75
Oversized Fit Printed jersey top,"Boxy-style top in heavyweight cotton jersey with print motifs and hard-worn details. Ribbed crew neck, gently dropped shoulders, long sleeves and a straight-cut hem. Oversized fit for a baggy, extra-loose silhouette.",Dark grey/Ludlow St.,Knitted,"[{'name': 'Cotton', 'percentage': '100.00'}]","{'value': 27.99, 'currency': 'GBP'}","['XS', 'S', 'M', 'L', 'XL', 'XXL']",Men,https://image.hm.com/assets/hm/ef/68/ef683c13faa880ac4f16c645d1070f06b6a04984.jpg,135.75
Loose Fit Zip Hoodie,"A zip-up hoodie crafted from soft cotton fleece with a plush feel. Designed for a loose fit, it features a clean silhouette with a folded hood, dropped shoulders, and a hidden zip closure. The kangaroo pocket and gathered hem details add a subtle shape to this laid-back essential.
",Grey Melange,Knitted,"[{'name': 'Polyester', 'percentage': '38.00'}, {'name': 'Viscose', 'percentage': '5.00'}, {'name': 'Cotton', 'percentage': '57.00'}]","{'value': 39.99, 'currency': 'GBP'}","['XL', 'XS', 'S', 'M', 'L']",Men,https://media.weekday.com/assets/003/7e/29/7e29057a1912940544a76765dfbdba033c1040b6.jpg,193.95
Relaxed Fit Cotton cargo trousers,"Cargo trousers in soft cotton canvas featuring a concealed drawstring at the waist and a zip fly with a press-stud. Diagonal side pockets, flap back pockets with concealed press-studs and flap leg pockets with concealed press-studs. Sewn-in pleats at the knees. Relaxed fit for a casual but not oversized silhouette.",Light beige,Woven,"[{'name': 'Cotton', 'percentage': '100.00'}]","{'value': 32.99, 'currency': 'GBP'}","['XS', 'S', 'M', 'L', 'XL', 'XXL']",Men,https://image.hm.com/assets/hm/65/f7/65f76a16eb527e934a1f1f20da3fbad90cef6f8b.jpg,160.0
Loose Fit Printed T-shirt,"T-shirt in printed midweight cotton jersey with a round, rib-trimmed neckline and dropped shoulders. Loose fit for a generous but not oversized silhouette.",White/Cafe Aloha,Knitted,"[{'name': 'Cotton', 'percentage': '100.00'}]","{'value': 12.99, 'currency': 'GBP'}","['XS', 'L', 'XL', 'S', 'M', 'XXL']",Men,https://image.hm.com/assets/hm/15/c1/15c15620447e970ec50e831ab1b43c57b293afa0.jpg,63.0
Boxy-style sports top with DryMove™,"Boxy-style sports top in functional fabric made with DryMove™, which helps pull moisture away from your skin, keeping you comfortably dry while moving. Loose fit with a round, rib-trimmed neckline, gently dropped shoulders and a washed look.",Black,Jersey,"[{'name': 'Cotton', 'percentage': '60.00'}, {'name': 'Polyester', 'percentage': '40.00'}]","{'value': 12.99, 'currency': 'GBP'}","['XXL', 'XL', 'L', 'M', 'S']",Men,https://image.hm.com/assets/hm/c3/db/c3dbea0ae0977ebf96874a7cd77ea863061956c4.jpg,63.0
Loose Fit Zip-through hoodie,"Zip-through hoodie in lightweight sweatshirt fabric made from a cotton blend with a soft brushed inside. Jersey-lined, drawstring hood, a zip down the front, diagonal, welt side pockets and wide ribbing at the cuffs and hem. Loose fit for a generous but not oversized silhouette.",Light beige,Jersey,"[{'name': 'Cotton', 'percentage': '60.00'}, {'name': 'Polyester', 'percentage': '40.00'}]","{'value': 22.99, 'currency': 'GBP'}","['M', 'S', 'XS', 'XXL', 'XL', 'L']",Men,https://image.hm.com/assets/hm/a3/e9/a3e9d6f0de59e7ed763e3a054a1d07a698d4d5ed.jpg,111.5
Stand collar jacket,"Jacket in cotton canvas featuring a stand collar, a concealed zip and a wind flap with press-studs down the front. Long sleeves, patch front pockets with a flap and concealed press-studs, and a drawstring at the hem. Poplin lining.",Dark khaki green,Woven,"[{'name': 'Cotton', 'percentage': '100.00'}]","{'value': 64.99, 'currency': 'GBP'}","['L', 'XL', 'S', 'M', 'XS', 'XXL']",Men,https://image.hm.com/assets/hm/c0/ee/c0ee69dec595162b9cec05355be3c4bc4efdd76c.jpg,315.2
Regular Fit Zip-top jumper,"Jumper in a soft rib knit with a stand-up collar, zip at the top, long sleeves and a straight hem. Fine ribbing around the collar and at the cuffs and hem. Regular fit for comfortable wear and a classic silhouette.",White,Knitted,"[{'name': 'Wool', 'percentage': '5.00'}, {'name': 'Acrylic', 'percentage': '41.00'}, {'name': 'Polyester', 'percentage': '54.00'}]","{'value': 37.99, 'currency': 'GBP'}","['S', 'XS', 'L', 'M', 'XXL', 'XL']",Men,https://image.hm.com/assets/hm/97/02/970266cad34471a422b40e203750d6f180f48543.jpg,184.25
Regular Fit Zip cardigan,"Cardigan in a soft knit with a stand-up collar and a two-way zip down the front. Finished with long sleeves and fine ribbing at the collar, cuffs and hem. Regular fit for comfortable wear and a classic silhouette.",White,Knitted,"[{'name': 'Wool', 'percentage': '5.00'}, {'name': 'Acrylic', 'percentage': '41.00'}, {'name': 'Polyester', 'percentage': '54.00'}]","{'value': 37.99, 'currency': 'GBP'}","['XL', 'L', 'M', 'S', 'XS', 'XXL']",Men,https://image.hm.com/assets/hm/ea/8f/ea8fbb12afa3dc2ca58af066fcc004a3ba4e1b2f.jpg,184.25
Loose Fit Tailored trousers,"Tailored trousers in twill made from a cotton and lyocell blend. Features a zip fly and a button, diagonal side pockets, welt back pockets and wide legs with pleats at the top. Loose fit for a generous but not oversized silhouette.",Black,Woven,"[{'name': 'Cotton', 'percentage': '59.00'}, {'name': 'Lyocell', 'percentage': '41.00'}]","{'value': 37.99, 'currency': 'GBP'}","['29', '30', '28', '33', '31', '32', '38', '34', '36']",Men,https://image.hm.com/assets/hm/4b/1b/4b1b1f7b3c3084fb81ff9bfb8675c2e0fbed6e12.jpg,184.25
Oversized Fit Cotton T-shirt,"Boxy-style T-shirt in cotton jersey with a round, rib-trimmed neckline, dropped shoulders and a straight-cut hem. Oversized fit for a baggy, extra-loose silhouette.",Black,Knitted,"[{'name': 'Cotton', 'percentage': '100.00'}]","{'value': 12.99, 'currency': 'GBP'}","['S', 'XS', 'L', 'M', 'XXL', 'XL']",Men,https://image.hm.com/assets/hm/44/05/440560b008f510c1aa44abb970bb93e24d09507a.jpg,63.0
Loose Fit Denim shirt,"Shirt in rigid cotton denim with a turn-down collar, classic front, patch chest pocket and a yoke at the back. Long sleeves with buttoned cuffs and a sleeve placket. Gently rounded hem. Loose fit for a generous but not oversized silhouette.",Black,Woven,"[{'name': 'Cotton', 'percentage': '100.00'}]","{'value': 32.99, 'currency': 'GBP'}","['S', 'M', 'XS', 'XXL', 'L', 'XL']",Men,https://image.hm.com/assets/hm/5a/10/5a108b2a958e0e37286d584ea3988a5639fa9d9f.jpg,160.0
Regular Fit Linen trousers,"Trousers in airy linen with covered elastication and a concealed drawstring at the waist, a fake fly, discreet side pockets and a welt back pocket. Regular fit for comfortable wear and a classic silhouette. Fabric made from linen is breathable, beautiful both ironed and wrinkled, and softens over time.",Navy blue,Woven,"[{'name': 'Linen', 'percentage': '100.00'}]","{'value': 44.99, 'currency': 'GBP'}","['S', 'XS', 'L', 'M', 'XXL', 'XL']",Men,https://image.hm.com/assets/hm/81/ab/81abc4ed5c42bcd27646589a49386e8e2b4cf8c7.jpg,218.2
Regular Fit Shirt,"Shirt in a soft weave with a turn-down collar, classic front, yoke at the back with a box pleat, and an open chest pocket. Long sleeves with buttoned cuffs, and a gently rounded hem. Regular fit for comfortable wear and a classic silhouette.",Black,Woven,"[{'name': 'Elastane', 'percentage': '5.00'}, {'name': 'Viscose', 'percentage': '10.00'}, {'name': 'Polyester', 'percentage': '85.00'}]","{'value': 27.99, 'currency': 'GBP'}","['XXL', 'XL', 'S', 'XS', 'L', 'M']",Men,https://image.hm.com/assets/hm/f1/4e/f14e36c95e92d06a48642084a2b51b6e9d3eefd7.jpg,135.75
5-pack cotton short trunks,"Trunks in stretch cotton jersey with flatlock seams for added comfort. Covered elastication at the waist, a lined front and short legs.",Blue/Beige,Jersey,"[{'name': 'Elastane', 'percentage': '5.00'}, {'name': 'Cotton', 'percentage': '95.00'}]","{'value': 19.99, 'currency': 'GBP'}","['XXL', 'XL', 'S', 'XS', 'L', 'M']",Men,https://image.hm.com/assets/hm/37/22/37222adfbb117a9eaa9bf93165211133a89f61bc.jpg,96.95
Loose Fit Football shirt,"Football shirt in printed mesh with an open collar, short sleeves and a straight-cut hem. Loose fit for a generous but not oversized silhouette.",Dark blue/Run Wild,Knitted,"[{'name': 'Polyester', 'percentage': '100.00'}]","{'value': 27.99, 'currency': 'GBP'}","['S', 'XS', 'L', 'M', 'XXL', 'XL']",Men,https://image.hm.com/assets/hm/b3/32/b332b8eac8707d1d3c62e3ce5a63e59055252b80.jpg,135.75
5-pack Regular Fit T-shirts,"T-shirts in lightweight cotton jersey with a round, rib-trimmed neckline and a straight-cut hem. Regular fit for comfortable wear and a classic silhouette.",Dark grey/Forest green/Pink,Knitted,"[{'name': 'Cotton', 'percentage': '100.00'}]","{'value': 29.99, 'currency': 'GBP'}","['XL', 'XXL', 'M', 'L', 'XS', 'S']",Men,https://image.hm.com/assets/hm/6f/dc/6fdcd3653958cc7a415265bfa799d499cc49d4a8.jpg,145.45
Colour-blocked track jacket,"Colour-blocked track jacket in crisp nylon with contrasting colour piping. Stand collar, zip down the front, discreet side pockets and covered elastication at the cuffs and hem. Mesh lining.",Black/Colour block,Woven,"[{'name': 'Polyamide', 'percentage': '100.00'}]","{'value': 44.99, 'currency': 'GBP'}","['XXL', 'XL', 'L', 'M', 'S', 'XS']",Men,https://image.hm.com/assets/hm/58/87/58872cf9378d92f2944ef8debeaf6579ed542b27.jpg,218.2
2-pack socks,"Socks in a soft, fine-knit cotton blend. High, ribbed shaft with a motif.",Black/Ford,Knitted,"[{'name': 'Elastane', 'percentage': '2.00'}, {'name': 'Cotton', 'percentage': '67.00'}, {'name': 'Polyamide', 'percentage': '31.00'}]","{'value': 11.99, 'currency': 'GBP'}","['6.5-8', '9-10.5', '11-12.5', '4-6']",Men,https://image.hm.com/assets/hm/63/04/6304d2b76e14a161f2ba93a7ad9bde3035aa2b4a.jpg,58.15
Long-Sleeved Henley T-shirt,"A slim-fit long-sleeved T-shirt crafted from ribbed stretchy cotton. It features a round neckline with a buttoned Henley placket, narrow bindings at the cuffs, and a straight hem.
",Dusty White,Knitted,"[{'name': 'Elastane', 'percentage': '4.00'}, {'name': 'Cotton', 'percentage': '96.00'}]","{'value': 23.99, 'currency': 'GBP'}","['S', 'XS', 'L', 'M', 'XL']",Men,https://media.weekday.com/assets/003/db/5b/db5b3bde911538ca781cb17d68db56638a4f3757.jpg,116.35
Regular Fit Short-sleeved linen-blend shirt,"Short-sleeved shirt in an airy cotton and linen blend with a resort collar, French front and a yoke at the back. Open chest pocket and a straight-cut hem with a slit on each side. Regular fit for comfortable wear and a classic silhouette. Cotton and linen blends combine the softness of cotton with the sturdiness of linen, creating a beautiful, textured fabric that is breathable and drapes perfectly.",Green/White striped,Woven,"[{'name': 'Cotton', 'percentage': '48.00'}, {'name': 'Linen', 'percentage': '52.00'}]","{'value': 19.99, 'currency': 'GBP'}","['XL', 'L', 'XXL', 'XS', 'M', 'S']",Men,https://image.hm.com/assets/hm/cb/0c/cb0c7643e1e3fc11f12bec54d760559d8601a5c1.jpg,96.95
7-pack trainer socks,Trainer socks in a fine-knit cotton blend with elastication around the opening.,White,Knitted,"[{'name': 'Elastane', 'percentage': '2.00'}, {'name': 'Cotton', 'percentage': '74.00'}, {'name': 'Polyester', 'percentage': '24.00'}]","{'value': 8.99, 'currency': 'GBP'}","['11-12.5', '9-10.5', '6.5-8', '4-6']",Men,https://image.hm.com/assets/hm/4d/ec/4decb5919dcb0bad161195def91ae9b2a2ae2276.jpg,43.6
Single-breasted coat,"Single-breasted coat in felted fabric containing some wool featuring notch lapels, buttons down the front and diagonal welt side pockets. Regular fit for comfortable wear and a classic silhouette. Sleeve lining.",Beige,Woven,"[{'name': 'Wool', 'percentage': '10.00'}, {'name': 'Polyester', 'percentage': '90.00'}]","{'value': 64.99, 'currency': 'GBP'}","['S', 'XS', 'L', 'M', 'XXL', 'XL']",Men,https://image.hm.com/assets/hm/f9/9f/f99f2bd82e4edb1588b20a85333805257c5f542c.jpg,315.2
Oversized Fit Zip-through hoodie,"Zip-through hoodie in heavyweight cotton sweatshirt fabric with a jersey-lined hood, a zip down the front, dropped shoulders and long sleeves. Front pockets and a wide, ribbed trim at the cuffs and hem. Oversized fit for a baggy, extra-loose silhouette.",Dark grey,Knitted,"[{'name': 'Cotton', 'percentage': '100.00'}]","{'value': 37.99, 'currency': 'GBP'}","['XXL', 'L', 'XL', 'S', 'M', 'XS']",Men,https://image.hm.com/assets/hm/a7/32/a7326974947dfaf94eab704f13aa88c1e063b6bb.jpg,184.25
Loose Fit Printed T-shirt,"Boxy-style T-shirt in lightweight cotton jersey with print motifs, a ribbed crew neck, dropped shoulders and a straight-cut hem. Loose fit for a generous but not oversized silhouette.",Beige/Run Wild,Knitted,"[{'name': 'Cotton', 'percentage': '100.00'}]","{'value': 9.99, 'currency': 'GBP'}","['S', 'M', 'L', 'XL', 'XXL', 'XS']",Men,https://image.hm.com/assets/hm/46/78/4678374bbe765ecbfd39c19f8f02493ef46e3cae.jpg,48.45
Regular Fit Linen shirt,"Shirt in airy linen with a turn-down collar, classic front and a yoke at the back. Long sleeves with adjustable buttoning at the cuffs and a sleeve placket with a link button. Rounded hem. Regular fit for comfortable wear and a classic silhouette. Fabric made from linen is breathable, beautiful both ironed and wrinkled, and softens over time.",Navy blue,Woven,"[{'name': 'Linen', 'percentage': '100.00'}]","{'value': 37.99, 'currency': 'GBP'}","['L', 'M', 'S', 'XS', 'XXL', 'XL']",Men,https://image.hm.com/assets/hm/1a/61/1a61158332ec354eba696bdf800b6de65c786b8e.jpg,184.25
Underwired lace bra,"Bra in lace with adjustable shoulder straps and underwired, unlined cups that give the bust a natural shape and provide light support. Hook-and-eye fastening at the back.",Black,Woven,"[{'name': 'Elastane', 'percentage': '10.00'}, {'name': 'Polyamide', 'percentage': '90.00'}]","{'value': 14.99, 'currency': 'GBP'}","['36D', '34D', '38B', '36A', '36B', '34A', '34B', '32B', '38C', '36C', '34C', '38D']",Women,https://image.hm.com/assets/hm/97/ef/97ef708d602212662ca914e7d9e1545830cbb60d.jpg,72.7
Short-sleeved jumper,Loose-fit jumper in a soft knit with a ribbed crew neck and elbow-length raglan sleeves. Finished with narrow ribbing at the cuffs and hem.,Dark brown,Knitted,"[{'name': 'Wool', 'percentage': '5.00'}, {'name': 'Elastane', 'percentage': '3.00'}, {'name': 'Polyamide', 'percentage': '29.00'}, {'name': 'Acrylic', 'percentage': '13.00'}, {'name': 'Polyester', 'percentage': '50.00'}]","{'value': 19.99, 'currency': 'GBP'}","['XS', 'S', 'M', 'L', 'XXS', 'XL', 'XXL']",Women,https://image.hm.com/assets/hm/2f/d6/2fd69627adde775c127fe09aba06c8ade7291988.jpg,96.95
Cotton top,"Fitted top in soft, ribbed cotton jersey with a scoop neckline and long sleeves.",Light mole,Knitted,"[{'name': 'Elastane', 'percentage': '3.00'}, {'name': 'Cotton', 'percentage': '97.00'}]","{'value': 12.99, 'currency': 'GBP'}","['M', 'S', 'XL', 'L', 'XS', 'XXL']",Women,https://image.hm.com/assets/hm/78/3d/783dfb42b2310c60e942358f1a38bff3474aa8f2.jpg,63.0
Lace push-up bra,"Push-up bra in lace with adjustable shoulder straps and underwired, padded cups for a larger bust and fuller cleavage. Hook-and-eye fastening at the back.",Pigeon blue,Knitted,"[{'name': 'Elastane', 'percentage': '12.00'}, {'name': 'Polyamide', 'percentage': '88.00'}]","{'value': 12.99, 'currency': 'GBP'}","['38C', '36C', '34C', '36D', '34D', '38B', '36A', '36B', '34A', '34B', '32B']",Women,https://image.hm.com/assets/hm/47/41/474184294bbbe9d750f73e6db3e0bc01c24e79fe.jpg,63.0
Rib-knit top,"Fitted top in a fine rib knit with a round neckline, button placket and long sleeves. Frill trim at the cuffs and hem.",Navy blue,Knitted,"[{'name': 'Polyamide', 'percentage': '20.00'}, {'name': 'Viscose', 'percentage': '80.00'}]","{'value': 17.99, 'currency': 'GBP'}","['XS', 'S', 'M', 'L', 'XL', 'XXS']",Women,https://image.hm.com/assets/hm/21/1a/211a3f43b5eb3c2345a45cf3bea36b5e0fc5500f.jpg,87.25
Tie tanga bikini bottoms,"Fully lined bikini bottoms with a mid waist, ties at the sides and cutaway coverage at the back.",Black/Gingham check,Knitted,"[{'name': 'Elastane', 'percentage': '10.00'}, {'name': 'Polyamide', 'percentage': '42.00'}, {'name': 'Polyester', 'percentage': '48.00'}]","{'value': 12.99, 'currency': 'GBP'}","['XS', 'M', 'S', 'XL', 'L']",Women,https://image.hm.com/assets/hm/a7/1e/a71e7f5ff5d07ea8964ee595f11fc77d163e675e.jpg,63.0
Jumper,"Jumper in a soft knit with a round, rib-trimmed neckline, low dropped shoulders and long sleeves. Narrow ribbing at the cuffs and hem.",Light beige,Knitted,"[{'name': 'Wool', 'percentage': '5.00'}, {'name': 'Elastane', 'percentage': '3.00'}, {'name': 'Polyamide', 'percentage': '29.00'}, {'name': 'Acrylic', 'percentage': '13.00'}, {'name': 'Polyester', 'percentage': '50.00'}]","{'value': 22.99, 'currency': 'GBP'}","['XL', 'L', 'M', 'S', 'XS', 'XXS']",Women,https://image.hm.com/assets/hm/bd/58/bd584cf9e66aceb2d2b44710a656b5b1e977788e.jpg,111.5
Shaping tights 20 denier,"Tights with a regular waist and a shaping effect on the tummy, waist and thighs. 20 denier.",Black,Knitted,"[{'name': 'Elastane', 'percentage': '20.00'}, {'name': 'Polyamide', 'percentage': '80.00'}]","{'value': 12.99, 'currency': 'GBP'}","['L', 'M', 'S', 'XS', 'XL']",Women,https://image.hm.com/assets/hm/c2/52/c25276a92c4bfc2f4b78279ef8dfeeef8ed4222d.jpg,63.0
Cable-knit trousers,Fitted trousers in a soft cable knit. High waist with concealed elastication and straight legs with ribbing at the hems.,Light beige,Knitted,"[{'name': 'Elastane', 'percentage': '2.00'}, {'name': 'Polyamide', 'percentage': '10.00'}, {'name': 'Acrylic', 'percentage': '38.00'}, {'name': 'Polyester', 'percentage': '50.00'}]","{'value': 32.99, 'currency': 'GBP'}","['XL', 'L', 'M', 'S', 'XS', 'XXS']",Women,https://image.hm.com/assets/hm/b1/0e/b10e8778f254e777046ec2125960ab7ee69f93e8.jpg,160.0
Satin pyjamas,"Pyjamas with a shirt and pair of bottoms in softly draping satin with accent-colour piping. Shirt with a resort collar, buttons down the front, an open chest pocket and long sleeves. Bottoms with an elasticated, drawstring waist and wide legs.",Dark brown,Woven,"[{'name': 'Polyester', 'percentage': '100.00'}]","{'value': 37.99, 'currency': 'GBP'}","['XXS', 'S', 'XS', 'L', 'M', 'XL']",Women,https://image.hm.com/assets/hm/9c/0e/9c0e8e711dc5bb514d34a239313aa7dff88f972d.jpg,184.25
Fitted polo shirt,"Fitted top in cotton jersey with a collar and button placket in woven fabric. Yoke at the back, long sleeves and shaping seams at the front.",White,Knitted,"[{'name': 'Cotton', 'percentage': '100.00'}]","{'value': 14.99, 'currency': 'GBP'}","['L', 'XL', 'S', 'M', 'XS']",Women,https://image.hm.com/assets/hm/34/e2/34e233539dea7fcaa204cdd1cc3b999a02ae85d1.jpg,72.7
Firm shape Sculpting Thong body,"Thong body with a firm sculpting effect on the tummy. Lined, non-wired cups with a fully-fashioned section to enhance the bust and provide light support. Adjustable shoulder straps and a lined gusset with concealed press-studs. The body is designed with the minimum number of seams for a seamless, comfortable feel against the skin.",Black,Knitted,"[{'name': 'Elastane', 'percentage': '20.00'}, {'name': 'Polyamide', 'percentage': '80.00'}]","{'value': 19.99, 'currency': 'GBP'}","['L', 'M', 'XL', 'S', 'XS']",Women,https://image.hm.com/assets/hm/e3/fb/e3fbaf2c7b12f8e98d9eb50f54fdfbdb244262cf.jpg,96.95
3-pack invisible hipster briefs,"Briefs in microfibre with a mid waist, lined gusset and medium coverage at the back. Laser-cut edges for a seamless, comfortable feel against the skin and minimal visibility under clothes.",Black,Knitted,"[{'name': 'Elastane', 'percentage': '26.00'}, {'name': 'Polyamide', 'percentage': '74.00'}]","{'value': 12.99, 'currency': 'GBP'}","['XS', 'XL', 'L', 'M', 'S']",Women,https://image.hm.com/assets/hm/a4/8e/a48e91a4ce315556916746088b1fb5b87b31dd09.jpg,63.0
Wool-blend leg warmers,"Leg warmers in a soft, rib-knit wool blend.",Cream,Knitted,"[{'name': 'Wool', 'percentage': '14.00'}, {'name': 'Elastane', 'percentage': '3.00'}, {'name': 'Polyamide', 'percentage': '23.00'}, {'name': 'Polyester', 'percentage': '60.00'}]","{'value': 9.99, 'currency': 'GBP'}",['ONESIZE'],Women,https://image.hm.com/assets/hm/fb/5f/fb5f7fd89dcb896550ee1ffd4f18d725ead1cfa0.jpg,48.45
Batwing-sleeved jumper,Loose-fit jumper in a soft knit with a boat neckline and 3/4-length batwing sleeves.,Pink,Knitted,"[{'name': 'Acrylic', 'percentage': '80.00'}, {'name': 'Polyester', 'percentage': '20.00'}]","{'value': 19.99, 'currency': 'GBP'}","['XS/S', 'M/L']",Women,https://image.hm.com/assets/hm/26/29/2629f57c0f1963c94e53a5f1618f7c3e25f21e1c.jpg,96.95
Tie-belt coat,"Coat in woven fabric with notch lapels, an open front and a narrow tie belt at the waist. Long raglan sleeves and patch front pockets. Lined.",Black,Woven,"[{'name': 'Polyamide', 'percentage': '2.00'}, {'name': 'Viscose', 'percentage': '3.00'}, {'name': 'Acrylic', 'percentage': '4.00'}, {'name': 'Polyester', 'percentage': '91.00'}]","{'value': 54.99, 'currency': 'GBP'}","['XS', 'XXS', 'M', 'S', 'XL', 'L']",Women,https://image.hm.com/assets/hm/18/e6/18e693117d018f6719ebf5563b7ef20765c6b6f4.jpg,266.7
Wide Ultra High Jeans,"5-pocket jeans in rigid cotton denim that feels firm at first but then softens and loosens with wear. Wide leg with a regular fit from the waist to the hip and a wide cut from the thigh to the hem. Extra-high waist with a zip fly and button. Regular length, designed to hit the top of the foot with little or no stacking. Featuring a wide silhouette that's always flattering.",Dark denim blue,Woven,"[{'name': 'Cotton', 'percentage': '100.00'}]","{'value': 24.99, 'currency': 'GBP'}","['22', '4', '6', '8', '10', '12', '14', '16', '18', '20']",Women,https://image.hm.com/assets/hm/18/db/18db3c18bb1264225e906caed0a662db9006aad6.jpg,121.2
Frill-trimmed blouse,"Blouse in a viscose weave detailed with broderie anglaise. Features a frill collar and a V-shaped opening with narrow ties at the front. Long balloon sleeves, and frill trims at the cuffs and hem.",Light beige,Woven,"[{'name': 'Viscose', 'percentage': '100.00'}]","{'value': 17.99, 'currency': 'GBP'}","['XXS', 'XS', 'S', 'M', 'L', 'XL']",Women,https://image.hm.com/assets/hm/6c/5f/6c5f847068267cebd0ea3e188522e0d1b4a07c20.jpg,87.25
5-pack Brazilian briefs,"Brazilian briefs with lace trims. Low waist, lined gusset and a high cut at the back.",Black,Knitted,"[{'name': 'Elastane', 'percentage': '5.00'}, {'name': 'Cotton', 'percentage': '95.00'}]","{'value': 14.99, 'currency': 'GBP'}","['M', 'S', 'XS', 'XL', 'L']",Women,https://image.hm.com/assets/hm/80/cf/80cf2056842a72d2bee131e17844fc29985b69e0.jpg,72.7
Cigarette trousers,"Ankle-length cigarette trousers in a stretch weave. Regular waist with concealed elastication, zip fly with a concealed hook-and-eye fastening, side pockets, fake back pockets and tapered legs.",Black,Woven,"[{'name': 'Polyester', 'percentage': '100.00'}]","{'value': 19.99, 'currency': 'GBP'}","['6', '28', '4', '26', '24', '22', '14', '12', '10', '8', '20', '18', '16']",Women,https://image.hm.com/assets/hm/11/6a/116ac53e987fabd97d8f528ded50956b978feb19.jpg,96.95
Loose-fit cardigan,"Loose-fit cardigan in a soft knit containing some wool. Round neckline, buttons down the front, gently dropped shoulders and long sleeves. Narrow ribbing around the neckline and at the cuffs and hem.",Dark grey marl,Knitted,"[{'name': 'Wool', 'percentage': '5.00'}, {'name': 'Elastane', 'percentage': '3.00'}, {'name': 'Acrylic', 'percentage': '40.00'}, {'name': 'Polyester', 'percentage': '52.00'}]","{'value': 19.99, 'currency': 'GBP'}","['XXS', 'S', 'XS', 'L', 'M', 'XXL', 'XL']",Women,https://image.hm.com/assets/hm/f0/9b/f09b1abab3ebf6143eccb0490e3802c2f57d148e.jpg,96.95
One-shoulder jumper,"One-shoulder jumper in a soft knit with an asymmetric, rib-trimmed neckline and long sleeves. Wide ribbing at the cuffs and hem.",Dark brown,Knitted,"[{'name': 'Polyamide', 'percentage': '9.00'}, {'name': 'Acrylic', 'percentage': '85.00'}, {'name': 'Polyester', 'percentage': '6.00'}]","{'value': 27.99, 'currency': 'GBP'}","['XS', 'S', 'M', 'L']",Women,https://image.hm.com/assets/hm/fe/35/fe35fea71014143189d410afba0b395c7744d155.jpg,135.75
Satin shirt,"Shirt in softly draping satin with a velvet look. Featuring a collar and a concealed button placket down the front, long sleeves with buttoned cuffs and a gently rounded hem.",Gold-coloured,Woven,"[{'name': 'Polyester', 'percentage': '100.00'}]","{'value': 19.99, 'currency': 'GBP'}","['XXL', 'XS', 'XXS', 'XL', 'L', 'M', 'S']",Women,https://image.hm.com/assets/hm/11/a7/11a71239207473575e164da650cb46952459a65c.jpg,96.95
Pointelle pyjama bottoms,Pyjama bottoms in soft pointelle jersey featuring a frill-trimmed waist with covered elastication and a narrow drawstring. Gently flared legs.,Light grey marl,Knitted,"[{'name': 'Elastane', 'percentage': '4.00'}, {'name': 'Viscose', 'percentage': '31.00'}, {'name': 'Polyester', 'percentage': '65.00'}]","{'value': 12.99, 'currency': 'GBP'}","['M', 'S', 'XS', 'XXS', 'XL', 'L']",Women,https://image.hm.com/assets/hm/da/ec/daec2fe0c5a2a53834e2257894a54e237eadf99a.jpg,63.0
Oversized jumper,"Oversized jumper in a soft, gently brushed knit containing some wool. Round, rib-trimmed neckline, dropped shoulders and long sleeves. Ribbing at the cuffs and hem.",Cream,Knitted,"[{'name': 'Wool', 'percentage': '8.00'}, {'name': 'Elastane', 'percentage': '2.00'}, {'name': 'Acrylic', 'percentage': '38.00'}, {'name': 'Polyester', 'percentage': '52.00'}]","{'value': 27.99, 'currency': 'GBP'}","['XXL', 'XL', 'L', 'M', 'S', 'XS', 'XXS']",Women,https://image.hm.com/assets/hm/70/f5/70f5ccbc1238759f3237fe0252e70944e950d305.jpg,135.75
Embroidered-detail viscose top,"Fitted top in a viscose weave with embroidered details at the front. Features a V-neckline, narrow, adjustable shoulder straps and covered buttons down the front.",Light beige,Woven,"[{'name': 'Viscose', 'percentage': '100.00'}]","{'value': 22.99, 'currency': 'GBP'}","['XS', 'M', 'S', 'L']",Women,https://image.hm.com/assets/hm/37/fa/37fa45d2f99be8a8b69812f7d69c986452b8f972.jpg,111.5
Knitted zip-through hoodie,"Loose-fit hoodie in a soft knit with a drawstring hood, zip down the front, dropped shoulders and long sleeves with ribbing at the cuffs. Ribbed hem with a slit at each side.",Dark brown,Knitted,"[{'name': 'Wool', 'percentage': '5.00'}, {'name': 'Elastane', 'percentage': '3.00'}, {'name': 'Polyamide', 'percentage': '29.00'}, {'name': 'Acrylic', 'percentage': '13.00'}, {'name': 'Polyester', 'percentage': '50.00'}]","{'value': 32.99, 'currency': 'GBP'}","['XS', 'XXS', 'M', 'S', 'XL', 'L']",Women,https://image.hm.com/assets/hm/3f/20/3f200cfe946bd2c0e1b1bd37e909a0910d712680.jpg,160.0
Viscose-blend pyjamas,"Pyjamas with a long-sleeved shirt and pair of bottoms in soft jersey made from a viscose blend. Shirt with notch lapels and buttons down the front. Bottoms with covered elastication at the waist and wide, straight legs.",Black,Knitted,"[{'name': 'Elastane', 'percentage': '4.00'}, {'name': 'Viscose', 'percentage': '33.00'}, {'name': 'Polyester', 'percentage': '63.00'}]","{'value': 29.99, 'currency': 'GBP'}","['XL', 'L', '3XL', 'M', '4XL', 'S', 'XS', 'XXS']",Women,https://image.hm.com/assets/hm/ae/41/ae41ee2369cf8c11665ff7d43f14ed8d524e33b1.jpg,145.45
Cable-knit cardigan,"Cardigan in a soft cable knit with a round, ribbed neckline, buttons down the front and long raglan sleeves. Ribbing at the cuffs and hem.",Pale blue,Knitted,"[{'name': 'Wool', 'percentage': '5.00'}, {'name': 'Elastane', 'percentage': '3.00'}, {'name': 'Acrylic', 'percentage': '40.00'}, {'name': 'Polyester', 'percentage': '52.00'}]","{'value': 24.99, 'currency': 'GBP'}","['XL', 'L', 'XXL', 'XS', 'XXS', 'M', 'S']",Women,https://image.hm.com/assets/hm/7b/81/7b810803468aa06539fc78dc16be82df72f8411c.jpg,121.2
Seam-detail turtleneck jumper,"Oversized jumper in a soft knit detailed with decorative linking seams. Features a ribbed turtle neck with a small, V-shaped opening at the back. Dropped shoulders, long sleeves and ribbing at the cuffs and hem.",Dark grey marl,Knitted,"[{'name': 'Wool', 'percentage': '6.00'}, {'name': 'Acrylic', 'percentage': '30.00'}, {'name': 'Polyester', 'percentage': '64.00'}]","{'value': 27.99, 'currency': 'GBP'}","['M', 'S', 'XS', 'XXS', 'XXL', 'XL', 'L']",Women,https://image.hm.com/assets/hm/e6/fc/e6fc3565b70c84e6f5518a5f999c734ca2122819.jpg,135.75
Hoodie,"Hoodie in sweatshirt fabric with a soft brushed inside. Double-layered hood, low dropped shoulders and a kangaroo pocket. Ribbing at the cuffs and hem.",Grey,Knitted,"[{'name': 'Cotton', 'percentage': '60.00'}, {'name': 'Polyester', 'percentage': '40.00'}]","{'value': 19.99, 'currency': 'GBP'}","['M', 'S', 'XS', 'XXL', 'XL', 'L']",Women,https://image.hm.com/assets/hm/17/1a/171affec97a2bfe0cd7ffdaec28d48da0f45f946.jpg,96.95
7-pack trainer socks,Fine-knit trainer socks in a soft cotton blend with elasticated tops.,White/Ribbed,Knitted,"[{'name': 'Elastane', 'percentage': '2.00'}, {'name': 'Cotton', 'percentage': '76.00'}, {'name': 'Polyamide', 'percentage': '22.00'}]","{'value': 9.99, 'currency': 'GBP'}","['3-5', '6-8']",Women,https://image.hm.com/assets/hm/a4/57/a457f694eec8fd06c7f7fadcabdd89680e097cba.jpg,48.45
Ribbed top,"Fitted top in soft, ribbed jersey made from a cotton blend with a round neckline and long sleeves.",Light dusty blue,Knitted,"[{'name': 'Elastane', 'percentage': '5.00'}, {'name': 'Cotton', 'percentage': '48.00'}, {'name': 'Modal', 'percentage': '47.00'}]","{'value': 9.99, 'currency': 'GBP'}","['XXS', 'XS', 'L', 'XL', 'S', 'M', 'XXL']",Women,https://image.hm.com/assets/hm/71/35/71350b8279e605f3dc205e3fd92e1e2a55a3072b.jpg,48.45
Flared leggings,Leggings in soft jersey with a wide waist panel and legs with flared hems.,Black/Matte,Knitted,"[{'name': 'Elastane', 'percentage': '13.00'}, {'name': 'Polyester', 'percentage': '87.00'}]","{'value': 12.99, 'currency': 'GBP'}","['XL', 'L', '4XL', 'XXL', 'XS', 'XXS', 'M', '3XL', 'S']",Women,https://image.hm.com/assets/hm/73/58/7358ca16985c64895454effd0a4b76ab78590601.jpg,63.0
Teddy gilet,Gilet in soft teddy with jersey binding. Press-studs down the front and discreet front pockets with a concealed press-stud. Lined.,Light beige,Woven,"[{'name': 'Polyester', 'percentage': '100.00'}]","{'value': 19.99, 'currency': 'GBP'}","['L', 'M', 'XL', 'XXS', 'S', 'XS']",Women,https://image.hm.com/assets/hm/4f/b7/4fb7f79c6f23a741410d5c9413d112715d510d97.jpg,96.95
Balconette bikini top,"Lined balconette bikini top featuring underwired cups with concealed elastication at the top that give the bust a natural shape and provide light support. Wide, elasticated shoulder straps and adjustable hook fastening at the back.",Cream/Spotted,Knitted,"[{'name': 'Elastane', 'percentage': '20.00'}, {'name': 'Polyester', 'percentage': '80.00'}]","{'value': 19.99, 'currency': 'GBP'}","['36A', '38B', '34D', '36D', '38D', '34C', '36C', '38C', '32B', '34A', '34B', '36B']",Women,https://image.hm.com/assets/hm/da/65/da65354da9bab5f3713bf88fed5299ac97322c41.jpg,96.95
Mesh sports T-shirt with DryMove™,"Sports T-shirt in functional mesh made with DryMove™, which helps pull moisture away from your skin, keeping you comfortably dry while moving. Stretch mesh fabric is breathable and offers optimal comfort and freedom of movement during workouts. Regular fit for comfortable wear and a classic silhouette.",Dark green/Patterned,Knitted,"[{'name': 'Elastane', 'percentage': '9.00'}, {'name': 'Polyester', 'percentage': '91.00'}]","{'value': 12.99, 'currency': 'GBP'}","['XXL', 'XL', '3XL', 'S', 'XS', 'L', 'M']",Men,https://image.hm.com/assets/hm/ef/6e/ef6eb7b3ba0d366e3b7a81bd2345815b90a626e7.jpg,63.0
Great Boxy Graphic Long Sleeve T-shirt,"A boxy long sleeved T-shirt, made from a soft cotton jersey. This layering go-to features a round neck, a boxy regular fit, a round ribbed neck and twin-stitched hemlines.	
",White - Skeleton Angel,Knitted,"[{'name': 'Cotton', 'percentage': '100.00'}]","{'value': 26.99, 'currency': 'GBP'}","['XL', 'L', 'M', 'S', 'XS']",Men,https://media.weekday.com/assets/003/0e/fe/0efe1979a88b7e7e8387d5c90ce0d1e615e5c8f7.jpg,130.9
Oversized Fit T-shirt,"Boxy-style T-shirt in heavyweight cotton jersey with a round, rib-trimmed neckline, a yoke at the back, dropped shoulders and a rolled, raw-edge hem. Oversized fit for a baggy, extra-loose silhouette.",White,Jersey,"[{'name': 'Cotton', 'percentage': '100.00'}]","{'value': 22.99, 'currency': 'GBP'}","['S', 'XS', 'XXL', 'XL', 'L', 'M']",Men,https://image.hm.com/assets/hm/3c/79/3c795b891fa00beeee2298c6e8c211113fbbd706.jpg,111.5
Double-layered sports shorts with DryMove™,"Mid-length sports shorts in functional fabric made with DryMove™, which helps pull moisture away from your skin, keeping you comfortably dry while moving. Regular fit with covered elastication and a concealed drawstring at the waist, side pockets and a slit at the side of the hems. The shorts are layered over jersey cycling shorts with an open pocket on one leg.",Black,Woven,"[{'name': 'Elastane', 'percentage': '21.00'}, {'name': 'Polyester', 'percentage': '79.00'}]","{'value': 22.99, 'currency': 'GBP'}","['3XL', 'XS', 'S', 'XL', 'XXL', 'M', 'L']",Men,https://image.hm.com/assets/hm/cc/7c/cc7c7faaaccda162df794a6ca51027f4712fcf15.jpg,111.5
Loose Fit Sweatpants,"Sweatpants in heavyweight sweatshirt fabric made from a cotton blend, with a soft brushed inside. Designed with covered elastication and a drawstring at the waist, and side pockets. Loose fit for a generous but not oversized silhouette.",Khaki green,Knitted,"[{'name': 'Cotton', 'percentage': '60.00'}, {'name': 'Polyester', 'percentage': '40.00'}]","{'value': 22.99, 'currency': 'GBP'}","['S', 'XS', 'L', 'M', 'XXL', 'XL']",Men,https://image.hm.com/assets/hm/83/09/8309a10077b5f896c9393d6a4eb6d90d69aa0818.jpg,111.5
Loose Fit T-shirt,"T-shirt in soft, printed midweight cotton jersey with dropped shoulders and a round neckline with a narrow trim. Loose fit for a generous but not oversized silhouette.",White/Honda,Knitted,"[{'name': 'Cotton', 'percentage': '100.00'}]","{'value': 12.99, 'currency': 'GBP'}","['XL', 'L', 'M', 'S']",Men,https://image.hm.com/assets/hm/63/10/6310a7ed1ad723b5663088f26c7deabc45720524.jpg,63.0
Loose Fit Denim shirt,"Shirt in rigid cotton denim with a turn-down collar, classic front, patch chest pocket and a yoke at the back. Long sleeves with buttoned cuffs and a sleeve placket. Gently rounded hem. Loose fit for a generous but not oversized silhouette.",Medium blue,Woven,"[{'name': 'Cotton', 'percentage': '100.00'}]","{'value': 32.99, 'currency': 'GBP'}","['S', 'XS', 'L', 'M', 'XXL', 'XL']",Men,https://image.hm.com/assets/hm/8e/8a/8e8a86ba85de7829aab262f7fc229ae75d835118.jpg,160.0
5-pack socks with Lycra®,Socks in a fine-knit cotton blend with ribbed shafts and elasticated tops. Made using Lycra® Xtra Life™ technology for high comfort and long-lasting shape.,White/Striped,Knitted,"[{'name': 'Elastane', 'percentage': '3.00'}, {'name': 'Cotton', 'percentage': '75.00'}, {'name': 'Polyamide', 'percentage': '22.00'}]","{'value': 12.99, 'currency': 'GBP'}","['6-8', '9-11']",Men,https://image.hm.com/assets/hm/f0/fd/f0fd9384a36a3bcb12aa30cd64f2747bc6074f07.jpg,63.0
Slim Fit Cotton chinos,"Chinos in stretch cotton twill with a zip fly and button, diagonal side pockets and welt back pockets with a button. Slim fit that hugs the contours of your body, creating a fitted silhouette.",Beige,Woven,"[{'name': 'Elastane', 'percentage': '2.00'}, {'name': 'Cotton', 'percentage': '98.00'}]","{'value': 19.99, 'currency': 'GBP'}","['38', '28', '34', '36', '33', '29', '30', '31', '32']",Men,https://image.hm.com/assets/hm/2a/d8/2ad8f169f423a2e844cc903795bd760a12446c6c.jpg,96.95
Loose Fit Printed sweatshirt,"Top in heavyweight sweatshirt fabric made from a cotton blend with a soft brushed inside. Round, rib-trimmed neckline, dropped shoulders, long sleeves and wide ribbing at the cuffs and hem. Loose fit for a generous but not oversized silhouette.",Navy blue/NYC,Knitted,"[{'name': 'Cotton', 'percentage': '60.00'}, {'name': 'Polyester', 'percentage': '40.00'}]","{'value': 27.99, 'currency': 'GBP'}","['M', 'L', 'XL', 'XXL', 'XS', 'S']",Men,https://image.hm.com/assets/hm/20/2f/202faf9958fb419d74689ee232ec05c6ac2d2a02.jpg,135.75
Regular Fit Suit trousers,"Suit trousers in woven fabric featuring a zip fly with a concealed button and hook-and-bar fastener. Side pockets, jetted back pockets and legs with creases. Regular fit for comfortable wear and a classic silhouette. The tailored design includes added seam allowance on the waistband for convenient alterations.",Dark beige,Woven,"[{'name': 'Cotton', 'percentage': '9.00'}, {'name': 'Polyester', 'percentage': '91.00'}]","{'value': 37.99, 'currency': 'GBP'}","['30R', '32R', '33R', '34R', '44R', '36R', '38R', '40R', '42R']",Men,https://image.hm.com/assets/hm/f3/9b/f39bea929a3568ea57b849502aa91af0fa244fc2.jpg,184.25
3-pack Regular Fit T-shirts,"T-shirts in lightweight cotton jersey with a round, rib-trimmed neckline and a straight-cut hem. Regular fit for comfortable wear and a classic silhouette.",Pink/Brown,Knitted,"[{'name': 'Cotton', 'percentage': '100.00'}]","{'value': 17.99, 'currency': 'GBP'}","['XXL', 'L', 'XL', 'S', 'M', 'XS']",Men,https://image.hm.com/assets/hm/74/0f/740f4e99c8d51bf012d91bb7a1ccd5b7f0b3820a.jpg,87.25
3-pack mid trunks,"Trunks in stretch cotton jersey with flatlock seams for extra comfort. Featuring an elasticated waist, a lined front and mid-length legs.",Khaki green/Striped,Knitted,"[{'name': 'Elastane', 'percentage': '5.00'}, {'name': 'Cotton', 'percentage': '95.00'}]","{'value': 15.99, 'currency': 'GBP'}","['L', 'XL', 'XXL', 'XS', 'S', 'M']",Men,https://image.hm.com/assets/hm/79/9d/799d0c6903f84a23fad6061a30266af13e6edf8c.jpg,77.55
Heavy Knit Wool Jumper,Chunky wool jumper knitted in a plain stitch. A crew-neck style in a relaxed fit. Rib-knitted trimmings.,Light Grey Melange,Knitted,"[{'name': 'Wool', 'percentage': '100.00'}]","{'value': 75.0, 'currency': 'GBP'}","['M', 'L', 'XS', 'S', 'XL']",Men,https://media.arket.com/assets/006/78/cb/78cbc78ed7ccfa3d1bf431621175562f1f100ee5.jpg,363.75
Heavy Knit Wool Jumper,Chunky wool jumper knitted in a plain stitch. A crew-neck style in a relaxed fit. Rib-knitted trimmings.,Off White,Knitted,"[{'name': 'Wool', 'percentage': '100.00'}]","{'value': 75.0, 'currency': 'GBP'}","['S', 'XS', 'XL', 'L', 'M']",Men,https://media.arket.com/assets/006/f9/d8/f9d88174e1e32f96207247cab21e2ecb78521c01.jpg,363.75
Loose Boxy T-shirt,"A classic oversized T-shirt crafted from soft cotton jersey. Designed with a loose fit, dropped shoulders, and wide sleeves.
",White,Knitted,"[{'name': 'Cotton', 'percentage': '100.00'}]","{'value': 19.99, 'currency': 'GBP'}","['XS', 'S', 'M', 'L', 'XL']",Men,https://media.weekday.com/assets/003/92/7e/927ea86e11a621f10c47ac30c397371760636e79.jpg,96.95
3-pack short trunks with Lycra®,"Trunks in stretch cotton jersey with flatlock seams for added comfort. Elasticated waist, a lined front, and short legs. Made using Lycra® Xtra Life™ technology for high comfort and long-lasting shape.",Burgundy/White,Knitted,"[{'name': 'Elastane', 'percentage': '5.00'}, {'name': 'Cotton', 'percentage': '95.00'}]","{'value': 15.99, 'currency': 'GBP'}","['XS', 'S', 'M', 'L', 'XL', 'XXL']",Men,https://image.hm.com/assets/hm/1f/69/1f693b1f28236aad7c0c6b077a39f323a1d46bfc.jpg,77.55
3-pack Regular Fit T-shirts,"T-shirts in lightweight cotton jersey with a round, rib-trimmed neckline and a straight-cut hem. Regular fit for comfortable wear and a classic silhouette.",White/Yellow/Green,Knitted,"[{'name': 'Cotton', 'percentage': '100.00'}]","{'value': 17.99, 'currency': 'GBP'}","['L', 'M', 'XXL', 'XL', 'S', 'XS']",Men,https://image.hm.com/assets/hm/60/8b/608b068dbff10762265855fb0ada676c47bcc428.jpg,87.25
Loose Fit Printed sweatshirt,"Top in heavyweight sweatshirt fabric made from a cotton blend with a soft brushed inside. Round, rib-trimmed neckline, dropped shoulders, long sleeves and wide ribbing at the cuffs and hem. Loose fit for a generous but not oversized silhouette.",Grey marl/New York City,Knitted,"[{'name': 'Cotton', 'percentage': '60.00'}, {'name': 'Polyester', 'percentage': '40.00'}]","{'value': 27.99, 'currency': 'GBP'}","['XXL', 'XS', 'XL', 'L', 'M', 'S']",Men,https://image.hm.com/assets/hm/47/ba/47bad5b16a3ead4f84a220f37a85f620993fcaf4.jpg,135.75
2-pack socks,"Socks in a soft, fine-knit cotton blend. High, ribbed shaft with a motif.",White/Blue,Knitted,"[{'name': 'Elastane', 'percentage': '2.00'}, {'name': 'Cotton', 'percentage': '67.00'}, {'name': 'Polyamide', 'percentage': '31.00'}]","{'value': 11.99, 'currency': 'GBP'}","['11-12.5', '9-10.5', '6.5-8', '4-6']",Men,https://image.hm.com/assets/hm/6d/58/6d58af27bb4f479a52c01ed3afab9353b6509e62.jpg,58.15
Loose Fit Polo shirt,"Short-sleeved polo shirt in a soft knit made from a cotton blend featuring a resort collar, a button placket with one button and a straight-cut hem with a small slit at each side. Loose fit for a generous but not oversized silhouette.",White,Jersey,"[{'name': 'Elastane', 'percentage': '6.00'}, {'name': 'Cotton', 'percentage': '53.00'}, {'name': 'Polyester', 'percentage': '41.00'}]","{'value': 27.99, 'currency': 'GBP'}","['L', 'M', 'S', 'XS', 'XXL', 'XL']",Men,https://image.hm.com/assets/hm/90/df/90df3f6357459cb1fe61c3087f62a22b4e5ed01d.jpg,135.75
Original Straight Jeans,"5-pocket jeans in rigid cotton denim with a straight leg and a regular fit from the waist to the hem with a comfortable, looser feel around the whole leg. Regular waist and a button fly.",Washed dark denim blue,Woven,"[{'name': 'Cotton', 'percentage': '100.00'}]","{'value': 34.99, 'currency': 'GBP'}","['32/32', '34/32', '31/34', '28/32', '34/30', '31/32', '29/32', '32/30', '34/34', '40/32', '33/32', '30/34', '30/32', '28/30', '33/34', '38/32', '30/30', '36/34', '32/34', '36/32']",Men,https://image.hm.com/assets/hm/cb/c4/cbc4ff79774cf4a91b8ed0eac32ba124e9b17a8c.jpg,169.7
Loose Fit Jersey zip-through hoodie,"Zip-through hoodie in midweight jersey with a drawstring hood, a zip down the front, diagonal front pockets and wide ribbing at the cuffs and hem. Loose fit for a generous but not oversized silhouette.",Dark brown,Knitted,"[{'name': 'Elastane', 'percentage': '3.00'}, {'name': 'Cotton', 'percentage': '67.00'}, {'name': 'Polyester', 'percentage': '30.00'}]","{'value': 37.99, 'currency': 'GBP'}","['XS', 'XXL', 'S', 'M', 'L', 'XL']",Men,https://image.hm.com/assets/hm/58/b7/58b78424c99b0728442494a8bf19b53e10d1c531.jpg,184.25
Loose Half Zip Sweatshirt,"A relaxed half zip sweatshirt crafted from soft cotton fleece. It features a high ribbed collar, metal zip at the front, and dropped shoulders. Designed with ribbed cuffs and hem with subtle gathering for added shape and structure.
",Dark Navy Blue,Knitted,"[{'name': 'Polyester', 'percentage': '38.00'}, {'name': 'Cotton', 'percentage': '62.00'}]","{'value': 35.99, 'currency': 'GBP'}","['XS', 'S', 'M', 'L', 'XL']",Men,https://media.weekday.com/assets/003/4b/17/4b177ec5042237b8282e4525a6c09432518eb8f6.jpg,174.55
Oversized Fit Printed T-shirt,"Boxy-style T-shirt in heavyweight, printed cotton jersey featuring a ribbed trim around the neckline, dropped shoulders and a straight-cut hem. Oversized fit for a baggy, extra-loose silhouette.",White/Ethereal Escape,Knitted,"[{'name': 'Cotton', 'percentage': '100.00'}]","{'value': 19.99, 'currency': 'GBP'}","['M', 'L', 'XL', 'XXL', 'XS', 'S']",Men,https://image.hm.com/assets/hm/b1/d1/b1d18eb6e200322b42f801f7cd32e5f19e33abf4.jpg,96.95
Relaxed Fit Trousers,"Trousers in woven fabric with a zip fly, button and covered elastication with a concealed drawstring at the waist. Diagonal side pockets, jetted back pockets with a button and legs with creases. Relaxed fit for a casual but not oversized silhouette.",Dark grey marl,Woven,"[{'name': 'Elastane', 'percentage': '4.00'}, {'name': 'Viscose', 'percentage': '29.00'}, {'name': 'Polyester', 'percentage': '67.00'}]","{'value': 32.99, 'currency': 'GBP'}","['XXL', 'L', 'XL', 'S', 'M', 'XS']",Men,https://image.hm.com/assets/hm/74/d9/74d9f4a73aa7940405f29b2d8f5d60134a3fc39b.jpg,160.0
Regular Fit Rib-knit cotton jumper,"Jumper in rib-knit cotton featuring a round neckline, long raglan sleeves with wide ribbing at the cuffs, and a narrow trim at the hem. Regular fit for comfortable wear and a classic silhouette.",Dark grey,Knitted,"[{'name': 'Cotton', 'percentage': '100.00'}]","{'value': 44.99, 'currency': 'GBP'}","['S', 'M', 'L', 'XL']",Men,https://image.hm.com/assets/hm/1c/2c/1c2c9b5d9894253fc2ab4255370f189e64f55dbe.jpg,218.2
Washed Scuba Sweatpants,"A pair of loose-fit sweatpants crafted from a chunky scuba fabric with a washed effect. Featuring an elasticated drawstring waistband, welt pockets, a back pocket, and a relaxed silhouette.",Black,Knitted,"[{'name': 'Elastane', 'percentage': '5.00'}, {'name': 'Polyester', 'percentage': '70.00'}, {'name': 'Viscose', 'percentage': '25.00'}]","{'value': 49.99, 'currency': 'GBP'}","['XL', 'L', 'M', 'S', 'XS']",Men,https://media.weekday.com/assets/003/d0/3f/d03f36743e2d39ba84a6138d4d24fbe68080769f.jpg,242.45
Regular Fit Canvas shorts,"Shorts in soft cotton canvas with an elasticated, drawstring waist, a fake fly, diagonal side pockets and a welt back pocket. Regular fit for comfortable wear and a classic silhouette.",Sage green,Woven,"[{'name': 'Polyester', 'percentage': '100.00'}]","{'value': 17.99, 'currency': 'GBP'}","['S', 'XS', 'L', 'M', 'XXL', 'XL']",Men,https://image.hm.com/assets/hm/72/a3/72a37b142a1aabe66d3d963bd595e0ee4f24e348.jpg,87.25
Regular Fit Linen resort shirt,"Short-sleeved shirt in airy linen with a resort collar, French front, yoke at the back, chest pocket and a straight-cut hem. Regular fit for comfortable wear and a classic silhouette. Fabric made from linen is breathable, beautiful both ironed and wrinkled, and softens over time.",White,Woven,"[{'name': 'Linen', 'percentage': '100.00'}]","{'value': 27.99, 'currency': 'GBP'}","['M', 'S', 'XL', 'L', 'XS', 'XXL']",Men,https://image.hm.com/assets/hm/0d/35/0d355604996a1478fbac1321c14ae77b01aae833.jpg,135.75
Relaxed Fit Linen-blend shorts,"Shorts in an airy cotton and viscose weave with covered elastication and a drawstring at the waist, a fake fly, diagonal side pockets and a welt back pocket. Relaxed fit for a casual but not oversized silhouette.",Light beige,Woven,"[{'name': 'Viscose', 'percentage': '45.00'}, {'name': 'Linen', 'percentage': '55.00'}]","{'value': 27.99, 'currency': 'GBP'}","['XS', 'S', 'M', 'L', 'XL', 'XXL']",Men,https://image.hm.com/assets/hm/78/d3/78d32604aa9f9dde49a43299392e4c39fd37b375.jpg,135.75
Relaxed Fit Cotton shirt,"Shirt in a cotton weave with a button-down collar, classic front, yoke at the back and an open chest pocket. Long sleeves with buttoned cuffs and a sleeve placket with a link button. Straight-cut hem. Relaxed fit for a casual but not oversized silhouette.",Light blue/Striped,Woven,"[{'name': 'Cotton', 'percentage': '100.00'}]","{'value': 32.99, 'currency': 'GBP'}","['S', 'XS', 'XXL', 'XL', 'L', 'M']",Men,https://image.hm.com/assets/hm/0f/ca/0fca262276b830a65c7665a2140110670f661e54.jpg,160.0
Padded nylon bomber jacket,"Lightly padded bomber jacket in nylon with a ribbed stand collar and a zip down the front. Diagonal welt side pockets with a press-stud, a zipped sleeve pocket, and two inner pockets with a press-stud. Finished with a wide, ribbed trim at the cuffs and hem. Lined.",Black,Woven,"[{'name': 'Polyester', 'percentage': '100.00'}]","{'value': 44.99, 'currency': 'GBP'}","['L', 'M', 'XXL', 'XL', 'S', 'XS']",Men,https://image.hm.com/assets/hm/e2/01/e201a480264753d7db2d820938d7373dd4e27b13.jpg,218.2
3-pack Regular Fit T-shirts,"T-shirts in lightweight cotton jersey with a round, rib-trimmed neckline and a straight-cut hem. Regular fit for comfortable wear and a classic silhouette.",White/Brown,Knitted,"[{'name': 'Cotton', 'percentage': '100.00'}]","{'value': 17.99, 'currency': 'GBP'}","['XS', 'S', 'M', 'L', 'XL', 'XXL']",Men,https://image.hm.com/assets/hm/25/d6/25d6724a4e4191a8a42167628a72c586c980fca3.jpg,87.25
4-pack woven boxer shorts,"Boxer shorts in a soft weave with an elasticated waist, long legs and button fly.",Navy blue/Striped,Woven,"[{'name': 'Cotton', 'percentage': '100.00'}]","{'value': 27.99, 'currency': 'GBP'}","['XS', 'S', 'XL', 'XXL', 'M', 'L']",Men,https://image.hm.com/assets/hm/de/72/de724786e7086706a5f91b1996472c392b021517.jpg,135.75
Galaxy Mid Rise Loose Straight Leg Jeans,"A pair of mid-rise jeans with a loose fit and straight leg. These jeans are crafted from organic cotton rigid denim with recycled cotton. They feature a classic five-pocket design, and a zip fly.",Second Blue - Blue,Woven,"[{'name': 'Cotton', 'percentage': '100.00'}]","{'value': 49.99, 'currency': 'GBP'}","['31/32', '34/32', '31/30', '28/32', '29/30', '31/34', '30/32', '27/32', '30/30', '27/30', '28/30', '33/34', '30/34', '33/32', '29/32', '36/32', '32/30', '32/34', '29/34', '32/32', '34/34']",Men,https://media.weekday.com/assets/003/94/2e/942ee966c84bdc55e72f9cd0275aff82d01b044d.jpg,242.45
Embroidered-collar denim blouse,"Blouse in cotton denim with a round neckline, an embroidered Peter Pan collar and buttons down the front. Long balloon sleeves with buttoned cuffs.",Dark denim blue,Woven,"[{'name': 'Cotton', 'percentage': '100.00'}]","{'value': 24.99, 'currency': 'GBP'}","['M', 'L', 'XS', 'S']",Women,https://image.hm.com/assets/hm/33/73/3373c9e105326c39c041ed6ce4ac8e1e5926b1e8.jpg,121.2
Wide Ultra High Jeans,"5-pocket jeans in rigid cotton denim that feels firm at first but then softens and loosens with wear. Wide leg with a regular fit from the waist to the hip and a wide cut from the thigh to the hem. Extra-high waist with a zip fly and button. Regular length, designed to hit the top of the foot with little or no stacking. Featuring a wide silhouette that's always flattering.",Light denim grey,Woven,"[{'name': 'Cotton', 'percentage': '100.00'}]","{'value': 24.99, 'currency': 'GBP'}","['22', '4', '8', '6', '12', '10', '16', '14', '20', '18']",Women,https://image.hm.com/assets/hm/d5/2e/d52e7b276c864c61ea6c91b4b02ab93a8b92bd09.jpg,121.2
Metallic skirt,"Short, fitted skirt in a textured weave containing shimmering metallic threads. High waist with a concealed zip at one side. Lined.",Gold-coloured,Woven,"[{'name': 'Polyester', 'percentage': '100.00'}]","{'value': 22.99, 'currency': 'GBP'}","['12', '14', '8', '10', '6']",Women,https://image.hm.com/assets/hm/28/90/289084ab79c5a541b843dd2cd9ef2e475109d7b0.jpg,111.5
Satin pyjamas,"Pyjamas with a strappy top and a pair of bottoms in softly draping satin. Lace-trimmed strappy top with a V-neckline, adjustable spaghetti shoulder straps, a high slit at one side and an asymmetric hem. Bottoms featuring a drawstring waist with covered elastication at the back.",Cream/Polka dot,Woven,"[{'name': 'Polyester', 'percentage': '100.00'}]","{'value': 32.99, 'currency': 'GBP'}","['XS', 'S', 'M', 'L']",Women,https://image.hm.com/assets/hm/29/ed/29ed12d4af1911c28fe978d8bb668e20a77ed1b2.jpg,160.0
Flounced blouse,"Short, oversized blouse in an airy crêpe weave with a round neckline and a V-shaped opening at the back. Gathered seam along the top for a voluminous effect, and extra long sleeves with billowing flounce trims.",Black,Woven,"[{'name': 'Polyester', 'percentage': '100.00'}]","{'value': 27.99, 'currency': 'GBP'}","['XXL', 'XL', 'XXS', 'S', 'XS', 'L', 'M']",Women,https://image.hm.com/assets/hm/68/a7/68a7f8bc0956f999637515f790df6d80212491be.jpg,135.75
Joggers,Joggers in sweatshirt fabric with a soft brushed inside. Elasticated smocking and a drawstring at the waist. Discreet side pockets and covered elastication at the hems.,Navy blue,Knitted,"[{'name': 'Cotton', 'percentage': '62.00'}, {'name': 'Polyester', 'percentage': '38.00'}]","{'value': 17.99, 'currency': 'GBP'}","['XL', 'L', 'XS', 'XXS', 'M', 'S']",Women,https://image.hm.com/assets/hm/9a/88/9a8889ff2239f061eaed84b2df5a59e9b14df603.jpg,87.25
Lace push-up bra,"Push-up bra in lace with adjustable shoulder straps and underwired, padded cups for a larger bust and fuller cleavage. Hook-and-eye fastening at the back.",Burgundy,Knitted,"[{'name': 'Elastane', 'percentage': '17.00'}, {'name': 'Polyamide', 'percentage': '83.00'}]","{'value': 12.99, 'currency': 'GBP'}","['38C', '34A', '34B', '32B', '36D', '36C', '34C', '34D', '38B', '36A', '36B']",Women,https://image.hm.com/assets/hm/55/70/557005b3aa2a2f1a754addd446ee0bbd6e1e8018.jpg,63.0
Cheeky tanga bikini bottoms,"Fully lined bikini bottoms featuring a low, ruched waist with gathered sides, and cutaway coverage at the back.",Cream/Spotted,Knitted,"[{'name': 'Elastane', 'percentage': '12.00'}, {'name': 'Polyester', 'percentage': '88.00'}]","{'value': 9.99, 'currency': 'GBP'}","['S', 'XS', 'L', 'M', 'XL']",Women,https://image.hm.com/assets/hm/8a/50/8a50ef91ceb64a2217abec129586ea20c68ec1ce.jpg,48.45
Denim drawstring trousers,"Loose-fit trousers in supersoft and feather-light denim made from a lyocell and cotton blend. Covered elastication and a drawstring at the waist. Discreet side pockets, an open back pocket and wide legs.",Dark denim blue,Woven,"[{'name': 'Cotton', 'percentage': '77.00'}, {'name': 'Lyocell', 'percentage': '23.00'}]","{'value': 19.99, 'currency': 'GBP'}","['XL', 'L', 'XS', 'XXS', 'M', 'S']",Women,https://image.hm.com/assets/hm/24/7e/247ec7e5f9699dfd629deeca7f49582acb349ce5.jpg,96.95
Pull-on trousers,Loose-fit trousers in a viscose-blend weave with an all-over print and narrow piping. High waist with covered elastication and straight legs.,Black/Floral,Woven,"[{'name': 'Polyamide', 'percentage': '15.00'}, {'name': 'Viscose', 'percentage': '85.00'}]","{'value': 37.99, 'currency': 'GBP'}","['XXS', 'XS', 'S', 'M', 'L', 'XL', 'XXL']",Women,https://image.hm.com/assets/hm/67/61/6761d06465717ff83b2e5b72f3a8abae0f49be6e.jpg,184.25
Lace-trimmed vest top,"Fitted vest top in ribbed cotton jersey with a deep, round neckline and narrow shoulder straps. Lace trim around the neckline and armholes.",Light green,Jersey,"[{'name': 'Elastane', 'percentage': '5.00'}, {'name': 'Cotton', 'percentage': '95.00'}]","{'value': 6.99, 'currency': 'GBP'}","['XXS', 'XS', 'L', 'XL', 'S', 'M']",Women,https://image.hm.com/assets/hm/87/d9/87d969688fd90a15c2b36eed6a2dc2b87f2ab9c0.jpg,33.9
Barrel High Ankle Jeans,"5-pocket jeans in rigid cotton denim that feels firm at first but then softens and loosens with wear. Curved, voluminous leg with a regular fit from the hip to the thigh, that tapers to the hem. High waist with a button fly, and creases down the front and back. Ankle length, designed to hit at the ankle bone. A relaxed and cool denim statement.",Denim blue,Woven,"[{'name': 'Cotton', 'percentage': '100.00'}]","{'value': 34.99, 'currency': 'GBP'}","['10', '8', '14', '12', '18', '16', '20', '22', '6', '4']",Women,https://image.hm.com/assets/hm/23/01/2301c5730856139cb9007f49040ef3e44cc55e4d.jpg,169.7
Barrel-leg Ponte di Roma trousers,Loose-fit trousers in Ponte di Roma jersey with an elasticated waist and barrel legs with visible seams down the front and back.,Light mole,Knitted,"[{'name': 'Elastane', 'percentage': '5.00'}, {'name': 'Polyester', 'percentage': '95.00'}]","{'value': 17.99, 'currency': 'GBP'}","['XXS', 'S', 'XS', 'L', 'M', 'XL']",Women,https://image.hm.com/assets/hm/57/66/57667772d7b702f8b7072fbbf2c2aa63740f6129.jpg,87.25
Wide jersey trousers,"Trousers in soft jersey with a high, elasticated waist and wide legs.",Dark brown,Jersey,"[{'name': 'Elastane', 'percentage': '5.00'}, {'name': 'Polyester', 'percentage': '95.00'}]","{'value': 12.99, 'currency': 'GBP'}","['XL', 'L', 'XS', 'XXS', 'M', 'S']",Women,https://image.hm.com/assets/hm/69/2b/692b7ae8db986f51ecb15698373041e5eeb02546.jpg,63.0
Mom Slim Fit High Waist Ankle Jeans,"5-pocket jeans in denim with a slight stretch for good comfort. Straight leg with a slim fit from the hip to the thigh, that tapers to the hem. High waist with a zip fly and button. Ankle length, designed to hit at the ankle bone.",Denim blue,Woven,"[{'name': 'Elastane', 'percentage': '1.00'}, {'name': 'Cotton', 'percentage': '99.00'}]","{'value': 24.99, 'currency': 'GBP'}","['22', '4', '6', '16', '18', '20', '8', '10', '12', '14']",Women,https://image.hm.com/assets/hm/77/5e/775ec8555300d09a832c188a204b496154f44805.jpg,121.2
Long-Sleeved Cotton T-shirt,"A long-sleeved T-shirt with a relaxed silhouette and everyday ease. Crafted from soft cotton jersey, it features a classic crew neckline with a ribbed trim, slightly dropped shoulders, and subtle side slits at the hem.
",Dusty White - Brown Stripes,Knitted,"[{'name': 'Cotton', 'percentage': '100.00'}]","{'value': 16.99, 'currency': 'GBP'}","['XS', 'XXS', 'M', 'S', 'XL', 'L']",Women,https://media.weekday.com/assets/003/3c/e0/3ce06ee84d9db86da896f07f4f0b17ff66e20766.jpg,82.4
Lace push-up bra,"Push-up bra in mesh and lace with adjustable shoulder straps and underwired, padded cups for a larger bust and fuller cleavage. Hook-and-eye fastening at the back.",Light pink,Knitted,"[{'name': 'Elastane', 'percentage': '16.00'}, {'name': 'Polyamide', 'percentage': '84.00'}]","{'value': 14.99, 'currency': 'GBP'}","['38B', '34A', '34B', '36B', '36A', '36C', '38C', '32B', '34D', '36D', '34C']",Women,https://image.hm.com/assets/hm/87/fa/87fae6e896dd35615f23e55db74fbc07a37a948b.jpg,72.7
Fringed jacket,Jacket in woven fabric covered in billowing fringes. Round neckline and discreet hook-and-eye fasteners down the front. Lined.,Dusty pink,Knitted,"[{'name': 'Polyester', 'percentage': '100.00'}]","{'value': 37.99, 'currency': 'GBP'}","['XS', 'M', 'S', 'L']",Women,https://image.hm.com/assets/hm/2c/49/2c491ca796586d51c04e0251d559d002379bd24e.jpg,184.25
Fine-knit cardigan,"Cardigan in a soft, fine-knit viscose blend with buttons down the front and ribbing around the neckline, cuffs and hem.",Light greige,Knitted,"[{'name': 'Polyester', 'percentage': '100.00'}]","{'value': 12.99, 'currency': 'GBP'}","['XL', 'XXL', 'XS', 'S', 'M', 'L', 'XXS']",Women,https://image.hm.com/assets/hm/7e/6b/7e6b779f6c4563bd8770d1477af2bbca7a639ff9.jpg,63.0
Cable-knit jumper,"Loose-fit jumper in a cable knit containing some wool. Round, ribbed neckline, dropped shoulders and long sleeves with wide, ribbed cuffs. Ribbed hem with a short slit at each side.",Dark beige,Knitted,"[{'name': 'Wool', 'percentage': '5.00'}, {'name': 'Elastane', 'percentage': '3.00'}, {'name': 'Polyamide', 'percentage': '29.00'}, {'name': 'Acrylic', 'percentage': '13.00'}, {'name': 'Polyester', 'percentage': '50.00'}]","{'value': 27.99, 'currency': 'GBP'}","['XXS', 'XS', 'S', 'M', 'L', 'XL']",Women,https://image.hm.com/assets/hm/a6/39/a6395073dd3ec125cad3352305aa69add0204685.jpg,135.75
Oversized sweatshirt,"Oversized top in sweatshirt fabric with a soft brushed inside and flatlock seams. Ribbed crew neck, dropped shoulders and long sleeves.",Navy blue,Knitted,"[{'name': 'Cotton', 'percentage': '65.00'}, {'name': 'Polyester', 'percentage': '35.00'}]","{'value': 17.99, 'currency': 'GBP'}","['XL', 'L', 'M', 'S', 'XS', 'XXS']",Women,https://image.hm.com/assets/hm/f5/38/f538d1e93a4b917943ec677d6549de31ec39ea2a.jpg,87.25
Jersey strappy top,"Fitted top in stretch jersey with a straight neckline, narrow, adjustable shoulder straps and gently forward-facing side seams.",Black,Knitted,"[{'name': 'Elastane', 'percentage': '26.00'}, {'name': 'Polyester', 'percentage': '74.00'}]","{'value': 9.99, 'currency': 'GBP'}","['L', 'XL', 'XXS', 'XS', 'S', 'M']",Women,https://image.hm.com/assets/hm/7d/45/7d45c1b7eb2bc5af5abe97f4dcf0e4743b8a3155.jpg,48.45
Bootcut High Jeans,"5-pocket jeans in cotton denim with a slight stretch for good comfort. Bootcut leg with a slim fit from the waist to the thigh, kicking out from the knee to the hem. High waist with a zip fly and button. Creases down the front and back. Regular length, designed to hit the top of the foot with little or no stacking. A fashion icon from the 70s to now.",Dark brown,Woven,"[{'name': 'Cotton', 'percentage': '20.00'}, {'name': 'Polyester', 'percentage': '80.00'}]","{'value': 24.99, 'currency': 'GBP'}","['22', '6', '4', '10', '8', '14', '12', '18', '16', '20']",Women,https://image.hm.com/assets/hm/f0/6e/f06ef82ad5498fa403c32894c1c433280ed48376.jpg,121.2
3-pack lace tanga thong briefs,"Thong briefs in lace with a low waist, narrow sides and a lined gusset.",Black,Knitted,"[{'name': 'Cotton', 'percentage': '100.00'}]","{'value': 12.99, 'currency': 'GBP'}","['XL', 'M', 'L', 'XS', 'S']",Women,https://image.hm.com/assets/hm/92/04/92049decc8084bec63b6607f20f936b27f747d36.jpg,63.0
Lace-trimmed satin dress,"Short slip dress in softly draping satin with lace trims around the top and hem. V-neckline, adjustable spaghetti shoulder straps and an asymmetric hem with a slit at one side.",Black,Woven,"[{'name': 'Polyester', 'percentage': '100.00'}]","{'value': 19.99, 'currency': 'GBP'}","['XXS', 'S', 'XS', 'L', 'M', 'XL']",Women,https://image.hm.com/assets/hm/02/3f/023fbc2e3142c7a3304f280776511b88719886f5.jpg,96.95
Wide High Jeans,"5-pocket jeans in rigid denim that feels firm at first but then softens and loosens with wear. Wide leg with a regular fit from the waist to the hip and a wide cut from the thigh to the hem. High waist with a zip fly and button. Regular length, designed to hit the top of the foot with little or no stacking. The wide-leg jean is a wardrobe essential.",Mole,Woven,"[{'name': 'Cotton', 'percentage': '100.00'}]","{'value': 27.99, 'currency': 'GBP'}","['4', '22', '20', '18', '16', '14', '12', '10', '8', '6']",Women,https://image.hm.com/assets/hm/2e/6d/2e6de75a170b67b7da96b3428df40823e40bb0bd.jpg,135.75
Draped jersey vest top,Fitted vest top in soft jersey with a cowl neckline and gathers at the sides to create a draped effect.,Black,Knitted,"[{'name': 'Elastane', 'percentage': '5.00'}, {'name': 'Polyester', 'percentage': '95.00'}]","{'value': 12.99, 'currency': 'GBP'}","['L', 'XS', 'M', 'S']",Women,https://image.hm.com/assets/hm/df/52/df5213b64fb180a6d5539677aebad2cb91997463.jpg,63.0
Fine-knit cardigan,"Cardigan in a soft, fine knit with a deep, V-shaped neckline and buttons down the front. Dropped shoulders, long sleeves and ribbing at the cuffs and hem.",Light beige marl,Knitted,"[{'name': 'Wool', 'percentage': '5.00'}, {'name': 'Polyamide', 'percentage': '35.00'}, {'name': 'Polyester', 'percentage': '60.00'}]","{'value': 32.99, 'currency': 'GBP'}","['L', 'M', 'XL', 'XXS', 'S', 'XS']",Women,https://image.hm.com/assets/hm/56/5f/565f2060b15a08b7adfbf5e9621412595f3075b0.jpg,160.0
Wide High Jeans,"Jeans in cotton denim with a slight stretch for good comfort. Wide leg with a slim fit from the waist to the hip and a wide cut from the thigh to the hem. High waist with a zip fly and button. Patch front and back pockets. Regular length, designed to hit the top of the foot with little or no stacking. A denim statement that goes the distance.",Navy denim blue,Woven,"[{'name': 'Elastane', 'percentage': '1.00'}, {'name': 'Cotton', 'percentage': '99.00'}]","{'value': 32.99, 'currency': 'GBP'}","['6', '8', '4', '14', '16', '10', '12', '18', '20', '22']",Women,https://image.hm.com/assets/hm/af/d3/afd3993719b9a6f28e386ffe91b72f21eca9b64c.jpg,160.0
7-pack trainer socks,Fine-knit trainer socks in a soft cotton blend.,White,Knitted,"[{'name': 'Elastane', 'percentage': '2.00'}, {'name': 'Cotton', 'percentage': '77.00'}, {'name': 'Polyamide', 'percentage': '21.00'}]","{'value': 6.99, 'currency': 'GBP'}","['6-8', '3-5']",Women,https://image.hm.com/assets/hm/9e/bc/9ebc756c2d02c9b36ad9e957cd8701f6ae2b40e4.jpg,33.9
Oversized mohair-blend jumper,"Oversized jumper in a soft knit containing mohair and wool. Dropped shoulders, long sleeves and ribbing around the neckline and at the cuffs and hem.",Light grey,Knitted,"[{'name': 'Mohair', 'percentage': '32.00'}, {'name': 'Wool', 'percentage': '32.00'}, {'name': 'Elastane', 'percentage': '3.00'}, {'name': 'Polyamide', 'percentage': '33.00'}]","{'value': 64.99, 'currency': 'GBP'}","['XS', 'S', 'M', 'L', 'XL']",Women,https://image.hm.com/assets/hm/41/95/4195e50ffe98c80ebe8f13533545a982adbfa68f.jpg,315.2
Jacquard jersey blouse,"Long-sleeved blouse in jacquard jersey featuring a frill collar with a V-shaped opening and narrow ties at the front. Frill trims over the shoulders and at the front of the waist, and a flared peplum.",Black,Knitted,"[{'name': 'Elastane', 'percentage': '2.00'}, {'name': 'Cotton', 'percentage': '48.00'}, {'name': 'Polyester', 'percentage': '50.00'}]","{'value': 17.99, 'currency': 'GBP'}","['L', 'XL', 'XXS', 'XS', 'S', 'M']",Women,https://image.hm.com/assets/hm/c5/5c/c55ce955cda20b973f22246e25bf23296f3686e1.jpg,87.25
V-neck jumper,"Oversized jumper in a soft knit with a ribbed V-neckline, dropped shoulders and long sleeves. Ribbing at the cuffs and hem.",Black,Knitted,"[{'name': 'Wool', 'percentage': '5.00'}, {'name': 'Polyamide', 'percentage': '14.00'}, {'name': 'Acrylic', 'percentage': '31.00'}, {'name': 'Polyester', 'percentage': '50.00'}]","{'value': 27.99, 'currency': 'GBP'}","['XXL', 'XXS', 'XS', 'S', 'M', 'L', 'XL']",Women,https://image.hm.com/assets/hm/0d/a9/0da911cd5604aef36a1f66002b8b452c7cfdaee6.jpg,135.75
Oversized satin shirt,"Oversized shirt in softly draping satin with a collar and buttons down the front, a yoke at the back, long sleeves with buttoned cuffs and a rounded hem. Slightly longer at the back.",Golden olive,Woven,"[{'name': 'Viscose', 'percentage': '38.00'}, {'name': 'Linen', 'percentage': '7.00'}, {'name': 'Polyester', 'percentage': '55.00'}]","{'value': 32.99, 'currency': 'GBP'}","['M', 'S', 'XS', 'XXS', 'XXL', 'XL', 'L']",Women,https://image.hm.com/assets/hm/12/f6/12f6949524023881243fbb24550d4e219e17abdb.jpg,160.0
Fitted T-shirt,"Short, fitted T-shirt in stretch jersey with a narrow trim around the neckline and a straight-cut hem.",Black,Jersey,"[{'name': 'Elastane', 'percentage': '9.00'}, {'name': 'Polyester', 'percentage': '91.00'}]","{'value': 3.99, 'currency': 'GBP'}","['XL', 'L', 'M', 'S', 'XS', 'XXS']",Women,https://image.hm.com/assets/hm/9e/bd/9ebd2f05e62db32b707d237778f69d7a9ec01869.jpg,19.35
10-pack cotton thong briefs,"Thong briefs in cotton jersey with a low, V-shaped waist and a lined gusset.",Black,Knitted,"[{'name': 'Cotton', 'percentage': '100.00'}]","{'value': 19.99, 'currency': 'GBP'}","['XL', 'L', 'XS', 'M', 'S']",Women,https://image.hm.com/assets/hm/df/82/df82c738b1a58760dceaf9bc892e2cb3128790fa.jpg,96.95
2-pack woven boxer shorts,"Boxer shorts in a soft weave with an elasticated waist, mid-length legs and button fly.",Black/White checked,Woven,"[{'name': 'Cotton', 'percentage': '100.00'}]","{'value': 15.99, 'currency': 'GBP'}","['XL', 'L', 'XXL', 'XS', 'M', 'S']",Men,https://image.hm.com/assets/hm/9d/4a/9d4aa6f9797a2be5affaafd52b1626d3a04fb0a4.jpg,77.55
Orion Mid Rise Slim Fit Straight Leg Jeans,"A pair of mid-rise jeans with a slim fit and straight leg. Crafted from an organic cotton comfort stretch denim with recycled cotton. Designed with a classic five-pocket construction and a zip fly.
",Deep Sea Blue - Dark Blue,Woven,"[{'name': 'Cotton', 'percentage': '100.00'}]","{'value': 49.99, 'currency': 'GBP'}","['31/34', '28/34', '31/32', '34/32', '28/32', '33/34', '29/34', '32/32', '29/32', '36/32', '34/34', '27/34', '30/34', '33/32', '27/32', '30/32', '32/34']",Men,https://media.weekday.com/assets/003/da/f5/daf5bf65ef3f4fc456cf938c8e79ac6e5316274b.jpg,242.45
Padded gilet,"Padded gilet in a water-repellent and windproof quilted weave featuring a stand-up collar, zip down the front with an anti-chafe chin guard, zipped side pockets and an inner pocket. Regular fit for comfortable wear and a classic silhouette. Lined.",Dark khaki green,Woven,"[{'name': 'Polyester', 'percentage': '100.00'}]","{'value': 37.99, 'currency': 'GBP'}","['L', 'M', 'S', 'XS', '3XL', 'XXL', 'XL']",Men,https://image.hm.com/assets/hm/d3/df/d3df505e762fb69682e60901d54911e7153d54a6.jpg,184.25
Regular Fit Tailored trousers,"Tailored trousers in a soft weave with a zip fly and a waistband with a concealed button and hook-and-bar fastener. Side pockets, jetted back pockets with a button and straight legs with pleats at the top and creases at the front and back. Regular fit for comfortable wear and a classic silhouette. The tailored design includes added seam allowance on the waistband for convenient alterations.",Dark grey marl,Woven,"[{'name': 'Elastane', 'percentage': '1.00'}, {'name': 'Viscose', 'percentage': '24.00'}, {'name': 'Polyester', 'percentage': '75.00'}]","{'value': 44.99, 'currency': 'GBP'}","['44R', '40R', '42R', '36R', '38R', '33R', '34R', '30R', '32R']",Men,https://image.hm.com/assets/hm/51/4c/514c4461b1fe9c924981a74b92a5701aef63208f.jpg,218.2
3-pack Slim Fit T-shirts,"T-shirts in lightweight cotton jersey with a round, rib-trimmed neckline and a straight-cut hem. Slim fit that hugs the contours of your body, creating a fitted silhouette.",Green/Dark grey/Navy blue,Knitted,"[{'name': 'Elastane', 'percentage': '5.00'}, {'name': 'Cotton', 'percentage': '95.00'}]","{'value': 22.99, 'currency': 'GBP'}","['XS', 'M', 'S', 'XL', 'L', 'XXL']",Men,https://image.hm.com/assets/hm/2a/58/2a58bfb9c6d11507bd956669cd87db8669f1aac8.jpg,111.5
Regular Fit Linen trousers,"Trousers in airy linen with covered elastication and a concealed drawstring at the waist, a fake fly, discreet side pockets and a welt back pocket. Regular fit for comfortable wear and a classic silhouette. Fabric made from linen is breathable, beautiful both ironed and wrinkled, and softens over time.",White,Woven,"[{'name': 'Cotton', 'percentage': '35.00'}, {'name': 'Polyester', 'percentage': '65.00'}]","{'value': 44.99, 'currency': 'GBP'}","['XL', 'XXL', 'M', 'L', 'XS', 'S']",Men,https://image.hm.com/assets/hm/53/9b/539b6aea9b22a7f90f5c3e1da11769ae1aed8c38.jpg,218.2
Loose Fit T-shirt,"T-shirt in soft, printed midweight cotton jersey with dropped shoulders and a round neckline with a narrow trim. Loose fit for a generous but not oversized silhouette.",White/Pulp Fiction,Knitted,"[{'name': 'Cotton', 'percentage': '100.00'}]","{'value': 12.99, 'currency': 'GBP'}","['XS', 'XL', 'L', 'M', 'S', 'XXL']",Men,https://image.hm.com/assets/hm/49/fb/49fb36320fc8ad45f48ee82e0f57ea509e8ede21.jpg,63.0
Regular Fit Long-sleeve sports top with DryMove™,"Long-sleeved sports top in functional fabric with a washed look and soft handfeel. Made with DryMove™, which helps pull moisture away from your skin, keeping you comfortably dry while moving.",Dusty purple,Knitted,"[{'name': 'Elastane', 'percentage': '7.00'}, {'name': 'Lyocell', 'percentage': '18.00'}, {'name': 'Polyester', 'percentage': '75.00'}]","{'value': 22.99, 'currency': 'GBP'}","['XL', 'XXL', 'XS', 'S', 'M', 'L']",Men,https://image.hm.com/assets/hm/6a/d1/6ad1b2b0ac7a0d9df4bc99180fc2ca924a12c764.jpg,111.5
Sports T-shirt with DryMove™,"Sports T-shirt in functional fabric with a washed look and soft handfeel. Made with DryMove™, which helps pull moisture away from your skin, keeping you comfortably dry while moving. Regular fit with a round neckline and forward-facing side seams.",Dark grey,Knitted,"[{'name': 'Elastane', 'percentage': '7.00'}, {'name': 'Lyocell', 'percentage': '18.00'}, {'name': 'Polyester', 'percentage': '75.00'}]","{'value': 19.99, 'currency': 'GBP'}","['L', 'M', 'S', 'XXL', 'XL']",Men,https://image.hm.com/assets/hm/1c/e8/1ce8516dd0b69ecb4dbb57d1420644581850ac4a.jpg,96.95
Muscle Fit Sports T-shirt with DryMove™,"Sports T-shirt in functional fabric made with DryMove™, which helps pull moisture away from your skin, keeping you comfortably dry while moving. Round neckline, raglan sleeves and anti-chafe flatlock seams for added comfort and increased mobility. Muscle fit with narrow shoulders and tapered sleeves to create a flattering silhouette.",Dark brown,Knitted,"[{'name': 'Elastane', 'percentage': '21.00'}, {'name': 'Polyester', 'percentage': '79.00'}]","{'value': 19.99, 'currency': 'GBP'}","['L', 'M', 'XXL', 'XL', 'S', 'XS']",Men,https://image.hm.com/assets/hm/6e/b6/6eb6a1ea7b78ba765d5c4bd07c10569cf3a67085.jpg,96.95
Classic Sweatshirt,"A classic crewneck sweatshirt crafted from soft cotton fleece. Designed for a regular fit with slightly dropped shoulders, it features ribbed trims at the neckline, cuffs and hem.",Grey Melange,Knitted,"[{'name': 'Polyester', 'percentage': '20.00'}, {'name': 'Viscose', 'percentage': '2.00'}, {'name': 'Cotton', 'percentage': '78.00'}]","{'value': 26.99, 'currency': 'GBP'}","['XS', 'M', 'S', 'XL', 'L']",Men,https://media.weekday.com/assets/003/cf/13/cf134ce78d7cc168a80a1e06339c5088eab9c027.jpg,130.9
3-pack Regular Fit T-shirts,"T-shirts in lightweight cotton jersey with a round, rib-trimmed neckline and a straight-cut hem. Regular fit for comfortable wear and a classic silhouette.",Blue/Beige,Knitted,"[{'name': 'Cotton', 'percentage': '100.00'}]","{'value': 17.99, 'currency': 'GBP'}","['XXL', 'XL', 'L', 'M', 'S', 'XS']",Men,https://image.hm.com/assets/hm/6f/15/6f156a9bdcd72598b4e470dd68a8e154b1844b50.jpg,87.25
Padded parka,Padded parka in cotton canvas featuring an accent-colour turn-down collar and a zip and wind flap with press-studs down the front. Designed with diagonal welt chest pockets and patch front pockets with a flap and press-studs. Long sleeves with adjustable press-stud cuffs and an elasticated drawstring with cord stoppers at the waist. Quilted lining.,Brown,Woven,"[{'name': 'Polyester', 'percentage': '100.00'}]","{'value': 74.99, 'currency': 'GBP'}","['L', 'M', 'XXL', 'XL', 'S', 'XS']",Men,https://image.hm.com/assets/hm/b1/d8/b1d81f1076217c7176bec4918217cba3446c8b72.jpg,363.7
Oversized Fit Sport hoodie with DryMove™,"Sports hoodie in functional fabric made with DryMove™, which helps pull moisture away from your skin, keeping you comfortably dry while moving. Oversized fit with a lined, wrapover hood, dropped shoulders, long sleeves, a kangaroo pocket, and ribbing at the cuffs and hem.",Beige/Patterned,Knitted,"[{'name': 'Cotton', 'percentage': '40.00'}, {'name': 'Polyester', 'percentage': '60.00'}]","{'value': 37.99, 'currency': 'GBP'}","['M', 'L', 'S', 'XL', 'XXL']",Men,https://image.hm.com/assets/hm/d2/41/d241d85644b41c2ffa5f5e87101813ca7db72703.jpg,184.25
Four-Way Stretch Slim Fit Shirt,"Shirt in stretch jersey made from a cotton blend with a cut-away collar, French front and a yoke at the back. Long sleeves with adjustable buttoning at the cuffs and a sleeve placket with a link button. Gently rounded hem. Slim fit that hugs the contours of your body, creating a fitted silhouette.",Black,Woven,"[{'name': 'Cotton', 'percentage': '54.00'}, {'name': 'Polyester', 'percentage': '46.00'}]","{'value': 27.99, 'currency': 'GBP'}","['XS', 'M', 'S', 'XL', 'L', 'XXL']",Men,https://image.hm.com/assets/hm/07/f1/07f19036ef729086ab408e5a4b1af90502834457.jpg,135.75
Loose Fit Sweatshirt,"Top in heavyweight sweatshirt fabric made from a cotton blend with a soft brushed inside and contrasting-colour piping. Round, rib-trimmed neckline, yoke at the front, dropped shoulders, long sleeves and wide ribbing at the cuffs and hem. Loose fit for a generous but not oversized silhouette.",Dark blue,Knitted,"[{'name': 'Cotton', 'percentage': '60.00'}, {'name': 'Polyester', 'percentage': '40.00'}]","{'value': 27.99, 'currency': 'GBP'}","['S', 'M', 'L', 'XL', 'XS', 'XXL']",Men,https://image.hm.com/assets/hm/5d/12/5d12344ff8bbb5b49bb85257fba896c5c935d8f5.jpg,135.75
Oversized Fit T-shirt,"Boxy-style T-shirt in soft jersey made from a cotton blend featuring a round, rib-trimmed neckline and a straight-cut hem. Oversized fit for a baggy, extra-loose silhouette.",Grey marl/Statue of Liberty,Jersey,"[{'name': 'Cotton', 'percentage': '100.00'}]","{'value': 19.99, 'currency': 'GBP'}","['XXL', 'XL', 'L', 'M', 'S', 'XS']",Men,https://image.hm.com/assets/hm/67/a6/67a684dc939dc2b60f6f7f9e8405cfa800a5f88b.jpg,96.95
Regular Fit Linen shirt,"Shirt in airy linen with a turn-down collar, classic front and a yoke at the back. Long sleeves with adjustable buttoning at the cuffs and a sleeve placket with a link button. Rounded hem. Regular fit for comfortable wear and a classic silhouette. Fabric made from linen is breathable, beautiful both ironed and wrinkled, and softens over time.",White,Woven,"[{'name': 'Linen', 'percentage': '100.00'}]","{'value': 37.99, 'currency': 'GBP'}","['XXL', 'XL', 'S', 'XS', 'L', 'M']",Men,https://image.hm.com/assets/hm/4d/e6/4de6b47848ac1be736477889365841a530525463.jpg,184.25
Slim Fit Suit trousers,"Suit trousers in woven fabric featuring a zip fly with a concealed hook-and-bar fastening, side pockets, jetted back pockets and legs with creases. Slim fit that hugs the contours of your body, creating a fitted silhouette. The tailored design includes added seam allowance on the waistband for convenient alterations.",Dark grey,Woven,"[{'name': 'Elastane', 'percentage': '2.00'}, {'name': 'Viscose', 'percentage': '33.00'}, {'name': 'Polyester', 'percentage': '65.00'}]","{'value': 32.99, 'currency': 'GBP'}","['30R', '32R', '44R', '40R', '42R', '36R', '38R', '33R', '34R']",Men,https://image.hm.com/assets/hm/66/b4/66b45c8404474246a2a5d0aa32f8581c6e5156f5.jpg,160.0
Regular Fit Sports joggers,"Regular-fit sports joggers in heavy jersey with an elasticated, drawstring waist, welt side pockets and straight legs.",Burgundy,Knitted,"[{'name': 'Cotton', 'percentage': '40.00'}, {'name': 'Polyester', 'percentage': '60.00'}]","{'value': 32.99, 'currency': 'GBP'}","['XS', 'M', 'S', 'XL', 'L', 'XXL']",Men,https://image.hm.com/assets/hm/0d/72/0d72860ab229b5d9526c15ed3d71936ab222d9a6.jpg,160.0
Loose Half Zip Sweatshirt,"A relaxed half zip sweatshirt crafted from soft cotton fleece. It features a high ribbed collar, metal zip at the front, and dropped shoulders. Designed with ribbed cuffs and hem with subtle gathering for added shape and structure.
",Black,Knitted,"[{'name': 'Polyester', 'percentage': '37.00'}, {'name': 'Cotton', 'percentage': '63.00'}]","{'value': 35.99, 'currency': 'GBP'}","['XS', 'S', 'M', 'L', 'XL']",Men,https://media.weekday.com/assets/003/3a/9f/3a9fbfe773b3276eaaa6b2790431d4590e1cb701.jpg,174.55
Sports shorts with DryMove™,"Sports shorts in functional fabric made with DryMove™, which helps pull moisture away from your skin, keeping you comfortably dry while moving. Regular fit with covered elastication and a drawstring at the waist. Diagonal side pockets and a zipped pocket in one side seam. Small slit at the hems.",Dark brown,Knitted,"[{'name': 'Elastane', 'percentage': '12.00'}, {'name': 'Polyester', 'percentage': '88.00'}]","{'value': 19.99, 'currency': 'GBP'}","['XL', 'XXL', 'M', 'L', 'XS', 'S']",Men,https://image.hm.com/assets/hm/49/18/4918b56e899f4ed40291b5ce9594335ebe3b4acd.jpg,96.95
Slim Fit Tailored joggers,"Tailored joggers in woven fabric with covered elastication and a drawstring at the waist. Fake fly, side pockets, welt back pockets and creases down the front and back. Slim fit that hugs the contours of your body, creating a fitted silhouette.",Dark grey,Woven,"[{'name': 'Elastane', 'percentage': '4.00'}, {'name': 'Viscose', 'percentage': '29.00'}, {'name': 'Polyester', 'percentage': '67.00'}]","{'value': 27.99, 'currency': 'GBP'}","['M', 'L', 'XL', 'XXL', 'XS', 'S']",Men,https://image.hm.com/assets/hm/c1/13/c1131950080b663242efe55c85744f3e52a0c677.jpg,135.75
Slim Fit Tailored joggers,"Tailored joggers in woven fabric with covered elastication and a drawstring at the waist. Fake fly, side pockets, welt back pockets and creases down the front and back. Slim fit that hugs the contours of your body, creating a fitted silhouette.",Dark khaki green,Woven,"[{'name': 'Cotton', 'percentage': '20.00'}, {'name': 'Polyester', 'percentage': '80.00'}]","{'value': 27.99, 'currency': 'GBP'}","['S', 'XS', 'L', 'M', 'XXL', 'XL']",Men,https://image.hm.com/assets/hm/4e/4a/4e4a86e3d8bf86c53641a3c7ec72d407afa67ccc.jpg,135.75
3-pack short trunks with Lycra®,"Trunks in stretch cotton jersey with flatlock seams for added comfort. Elasticated waist, a lined front, and short legs. Made using Lycra® Xtra Life™ technology for high comfort and long-lasting shape.",Beige/Grey marl/Khaki green,Knitted,"[{'name': 'Cotton', 'percentage': '92.00'}, {'name': 'Elastane', 'percentage': '5.00'}, {'name': 'Viscose', 'percentage': '3.00'}]","{'value': 15.99, 'currency': 'GBP'}","['S', 'XS', 'L', 'M', 'XXL', 'XL']",Men,https://image.hm.com/assets/hm/f8/41/f8417c050d03bcc30b1e760e438ec55ec85b0981.jpg,77.55
5-pack Boxer Briefs,"A pack of five pairs of mens boxer briefs made from organic cotton and a touch of elastane for extra comfort and flexibility. They have a comfortable monochrome elastic waistband and smooth flat lock stitching.	

Size 70 cm in waist circumference and approx. 4cm inseam.
",Black,Knitted,"[{'name': 'Elastane', 'percentage': '5.00'}, {'name': 'Cotton', 'percentage': '95.00'}]","{'value': 26.99, 'currency': 'GBP'}","['L', 'XL', 'XS', 'S', 'M']",Men,https://media.weekday.com/assets/003/8e/d8/8ed883f38ab2c8e504c043d578d2aba3626907c2_xxl-1.jpg,130.9
Relaxed Fit Cotton shirt,"Shirt in a cotton weave with a button-down collar, classic front, yoke at the back and an open chest pocket. Long sleeves with buttoned cuffs and a sleeve placket with a link button. Straight-cut hem. Relaxed fit for a casual but not oversized silhouette.",Light blue/Striped,Woven,"[{'name': 'Cotton', 'percentage': '100.00'}]","{'value': 32.99, 'currency': 'GBP'}","['XS', 'S', 'M', 'L', 'XL', 'XXL']",Men,https://image.hm.com/assets/hm/63/c8/63c8f59863afff2dd494cfc7604b47312e49c904.jpg,160.0
10-pack socks,"Socks in a soft, fine-knit cotton blend with elasticated tops.",Light grey marl/Plum purple,Knitted,"[{'name': 'Elastane', 'percentage': '2.00'}, {'name': 'Cotton', 'percentage': '74.00'}, {'name': 'Polyester', 'percentage': '24.00'}]","{'value': 19.99, 'currency': 'GBP'}","['6-8', '11-12.5', '8-11']",Men,https://image.hm.com/assets/hm/f6/b6/f6b6e3e0979787cbf9c6aa12c15c719a6f4a149a.jpg,96.95
Regular Fit Linen-blend shirt,"Shirt in an airy weave made from a linen and cotton blend with a band collar, French front and a yoke at the back. Long sleeves with adjustable buttoning at the cuffs and a sleeve placket with a link button. Rounded hem. Regular fit for comfortable wear and a classic silhouette. Cotton and linen blends combine the softness of cotton with the sturdiness of linen, creating a beautiful, textured fabric that is breathable and drapes perfectly.",White,Woven,"[{'name': 'Cotton', 'percentage': '48.00'}, {'name': 'Linen', 'percentage': '52.00'}]","{'value': 27.99, 'currency': 'GBP'}","['L', 'M', 'S', 'XS', 'XXL', 'XL']",Men,https://image.hm.com/assets/hm/7a/f6/7af642e2e954f275b870d43ee813b178d1a58419.jpg,135.75
Distressed-look denim shirt,"Shirt in rigid cotton denim with a washed look and sewn-on frayed details for a distressed effect. Turn-down collar, metal buttons down the front and flap chest pockets with a button. Yoke at the back with a raw-edge hem and a patch embroidered with the designer’s logo. Gently dropped shoulders and long sleeves with buttoned cuffs. Curved hem. All buttons are engraved with the designer’s logo.",Light denim blue,Woven,"[{'name': 'Cotton', 'percentage': '100.00'}]","{'value': 74.99, 'currency': 'GBP'}","['XS', 'S', 'M', 'L', 'XL', 'XXL']",Men,https://image.hm.com/assets/hm/aa/66/aa6639eca9d82e692df323d881a49aa676e4bedf.jpg,363.7
Regular Fit Long-sleeve sports top with DryMove™,"Long-sleeved sports top in functional fabric with a washed look and soft handfeel. Made with DryMove™, which helps pull moisture away from your skin, keeping you comfortably dry while moving.",Light beige,Knitted,"[{'name': 'Elastane', 'percentage': '7.00'}, {'name': 'Lyocell', 'percentage': '18.00'}, {'name': 'Polyester', 'percentage': '75.00'}]","{'value': 22.99, 'currency': 'GBP'}","['L', 'XL', 'XXL', 'XS', 'S', 'M']",Men,https://image.hm.com/assets/hm/82/83/8283760c1857ab3c8c4e31f38f8d3fcffa2b1e52.jpg,111.5
2-pack bamboo viscose-blend socks,"Ribbed socks in a soft, fine-knit bamboo viscose blend, featuring wide elasticated tops for a secure fit.",Beige/Khaki green,Knitted,"[{'name': 'Elastane', 'percentage': '2.00'}, {'name': 'Polyamide', 'percentage': '22.00'}, {'name': 'Viscose', 'percentage': '76.00'}]","{'value': 6.99, 'currency': 'GBP'}","['9-10.5', '11-12.5', '6.5-8', '4-6']",Men,https://image.hm.com/assets/hm/9d/6a/9d6a7401128b016ab0ab34f371c9667ec59247de.jpg,33.9
5-pack mid trunks with Lycra®,"Trunks in stretch jersey with flatlock seams for added comfort. Elasticated waist, a lined front and mid-length legs. Made using Lycra® Xtra Life™ technology for high comfort and long-lasting shape.",Grey marl,Knitted,"[{'name': 'Elastane', 'percentage': '5.00'}, {'name': 'Cotton', 'percentage': '92.00'}, {'name': 'Viscose', 'percentage': '3.00'}]","{'value': 27.99, 'currency': 'GBP'}","['XS', 'XL', 'L', 'M', 'S', 'XXL']",Men,https://image.hm.com/assets/hm/0e/58/0e580d0d57ea94d1ee5edd69dbce3f78ae8ff4a8.jpg,135.75
Wrinkle-resistant Regular Fit Tailored trousers,"Trousers in a moisture-wicking and wrinkle-resistant fabric with four-way stretch that offers complete flexibility, shape and fluid motion in every direction – ideal for travel or daily commuting. Regular fit featuring a zip fly and a concealed button and hook-and-bar fastener. Diagonal front pockets, a discreet, zipped side pocket and jetted back pockets. Straight legs with creases down the front and back. Functional Essentials is a curated selection of pieces that incorporates comfort and performance into everyday wear.",Navy blue,Knitted,"[{'name': 'Elastane', 'percentage': '7.00'}, {'name': 'Polyester', 'percentage': '93.00'}]","{'value': 44.99, 'currency': 'GBP'}","['34R', '36R', '32R', '33R', '38R']",Men,https://image.hm.com/assets/hm/83/37/833729b3a4e76d590effac620a1ce8cf5338887b.jpg,218.2
Relaxed T-shirt,"A relaxed-fit T-shirt crafted from soft cotton jersey for everyday wear. Designed with a classic crew neckline, short sleeves, and straight hems.",Bright Blue,Knitted,"[{'name': 'Cotton', 'percentage': '100.00'}]","{'value': 19.99, 'currency': 'GBP'}","['XL', 'L', 'M', 'S', 'XS']",Men,https://media.weekday.com/assets/003/2d/be/2dbe2b133f3e01977ca93765d80a9d527022ec10.jpg,96.95
Regular Fit Flared track pants,"Track pants in scuba made from a cotton blend with piping and sewn-in creases down the front. Covered elastication at the waist with a concealed drawstring and a fake fly. Discreet side pockets, welt pocket with a zip at the back. Flared hems with a zip. Regular fit for comfortable wear and a classic silhouette.",Dark blue,Knitted,"[{'name': 'Cotton', 'percentage': '59.00'}, {'name': 'Polyamide', 'percentage': '41.00'}]","{'value': 64.99, 'currency': 'GBP'}","['M', 'S', 'XL', 'L']",Men,https://image.hm.com/assets/hm/a2/56/a25646814254ef175baec64c7723345ca747f552.jpg,315.2
Bow-detail cardigan,"Cardigan in a soft rib knit featuring a round neckline with a large satin bow at the front. Buttons down the front, gently dropped shoulders and long sleeves.",Cream,Knitted,"[{'name': 'Wool', 'percentage': '5.00'}, {'name': 'Elastane', 'percentage': '3.00'}, {'name': 'Acrylic', 'percentage': '40.00'}, {'name': 'Polyester', 'percentage': '52.00'}]","{'value': 32.99, 'currency': 'GBP'}","['XXS', 'XS', 'S', 'M', 'L', 'XL', 'XXL']",Women,https://image.hm.com/assets/hm/9b/f0/9bf0a47cf9ea1439b9a5faaaa2328145a3c1f2a2.jpg,160.0
Soft lace bra,"Soft, non-wired bra in lace with adjustable shoulder straps and mesh-lined cups that give the bust a natural shape and provide light support. Wide trim at the hem and a hook-and-eye fastening at the back.",Black,Knitted,"[{'name': 'Elastane', 'percentage': '13.00'}, {'name': 'Polyamide', 'percentage': '87.00'}]","{'value': 12.99, 'currency': 'GBP'}","['L', 'XL', 'S', 'M', 'XS']",Women,https://image.hm.com/assets/hm/e7/ff/e7ff6f76956cb42ae301c9658a29eb3b8b613336.jpg,63.0
Fitted T-shirt,Fitted T-shirt in stretch cotton jersey with a narrow trim around the neckline and a straight-cut hem.,Black,Jersey,"[{'name': 'Elastane', 'percentage': '5.00'}, {'name': 'Cotton', 'percentage': '95.00'}]","{'value': 4.99, 'currency': 'GBP'}","['XXL', 'L', '3XL', 'XL', 'S', 'M', '4XL', 'XXS', 'XS']",Women,https://image.hm.com/assets/hm/c1/1a/c11a7591f1512382a00615b83989fb31cb72646c.jpg,24.2
Flared sweatpants,Trousers in sweatshirt fabric with a soft brushed inside. Regular waist with covered elastication and a drawstring. Legs with gently flared hems.,Brown,Knitted,"[{'name': 'Cotton', 'percentage': '60.00'}, {'name': 'Polyester', 'percentage': '40.00'}]","{'value': 19.99, 'currency': 'GBP'}","['XXL', 'L', 'XL', 'S', 'M', 'XS']",Women,https://image.hm.com/assets/hm/ce/47/ce4716194c1868018d5aabf0830f583a246cd49a.jpg,96.95
3-pack cotton and lace hipster briefs,"Briefs in cotton jersey and lace with a mid waist, lined gusset and cutaway coverage at the back.",Grey marl/White/Black,Knitted,"[{'name': 'Cotton', 'percentage': '100.00'}]","{'value': 12.99, 'currency': 'GBP'}","['M', 'S', 'XS', 'XL', 'L']",Women,https://image.hm.com/assets/hm/59/44/5944b0b2c6fd461844d889703bd8721e64b42f99.jpg,63.0
Ribbed modal-blend T-shirt,"Fitted T-shirt in soft, ribbed cotton and modal jersey with a narrow trim around the neckline and a straight hem.",White,Jersey,"[{'name': 'Elastane', 'percentage': '5.00'}, {'name': 'Cotton', 'percentage': '48.00'}, {'name': 'Viscose', 'percentage': '47.00'}]","{'value': 9.99, 'currency': 'GBP'}","['M', 'S', 'XS', 'XXL', 'XL', 'L']",Women,https://image.hm.com/assets/hm/34/ae/34ae636138ed5cfce788747982463a8115921afd.jpg,48.45
Linen beach shirt,"Long, loose-fit shirt in an airy linen weave with a collar and buttons down the front. Dropped shoulders and long sleeves with buttoned cuffs. Rounded hem.",Dark brown/Leopard print,Woven,"[{'name': 'Linen', 'percentage': '100.00'}]","{'value': 37.99, 'currency': 'GBP'}","['XS', 'S', 'M', 'L', 'XL']",Women,https://image.hm.com/assets/hm/6e/40/6e4044106b675a2e5e33f0b802158cac2ffb4b7d.jpg,184.25
Padded non-wired microfibre bra,"Soft, non-wired bra in microfibre with adjustable shoulder straps and padded cups that shape the bust and provide good support. Hook-and-eye fastening at the back.",Black,Knitted,"[{'name': 'Elastane', 'percentage': '12.00'}, {'name': 'Polyamide', 'percentage': '88.00'}]","{'value': 12.99, 'currency': 'GBP'}","['36B', '36A', '38B', '34D', '36D', '34C', '36C', '38C', '32B', '34A', '34B']",Women,https://image.hm.com/assets/hm/4f/0d/4f0df8c8b2531a63064177fc41dc28931090845d.jpg,63.0
Denim drawstring trousers,"Trousers in cotton denim with an elasticated, drawstring waist and straight legs.",Dark denim blue,Woven,"[{'name': 'Cotton', 'percentage': '100.00'}]","{'value': 24.99, 'currency': 'GBP'}","['L', 'XS', 'M', 'S']",Women,https://image.hm.com/assets/hm/56/19/5619f6ddbc3b2aa61103302f7eed172d1f59aa88.jpg,121.2
Rib-knit peplum cardigan,"Fitted cardigan in a soft rib knit with a round neckline, metal buttons down the front and a fully-fashioned section that creates a flared peplum.",Black,Knitted,"[{'name': 'Wool', 'percentage': '5.00'}, {'name': 'Elastane', 'percentage': '3.00'}, {'name': 'Acrylic', 'percentage': '40.00'}, {'name': 'Polyester', 'percentage': '52.00'}]","{'value': 27.99, 'currency': 'GBP'}","['XXS', 'XS', 'S', 'M', '4XL', 'L', '3XL', 'XL', 'XXL']",Women,https://image.hm.com/assets/hm/cb/cd/cbcd5ae692595bad8a0ed9b6f87a0a17a63113f9.jpg,135.75
Glittery twist-detail top,"Long-sleeved top in stretch jersey containing glittery threads. Features a V-neckline with a twist detail at the front, a visible seam under the bust and a scoop back. Lined at the top.",Old rose,Knitted,"[{'name': 'Elastane', 'percentage': '13.00'}, {'name': 'Polyamide', 'percentage': '80.00'}, {'name': 'Metallised fibre', 'percentage': '7.00'}]","{'value': 12.99, 'currency': 'GBP'}","['L', 'S', 'M', 'XS']",Women,https://image.hm.com/assets/hm/ca/00/ca009e642f92260fcc3337fd5f3323eb5e5b61d9.jpg,63.0
Cardigan,"Cardigan in a soft knit containing some wool with a V-neck, buttons down the front, dropped shoulders and long sleeves. Ribbing around the neckline, down the button band and at the cuffs and hem.",Beige marl,Knitted,"[{'name': 'Wool', 'percentage': '5.00'}, {'name': 'Elastane', 'percentage': '3.00'}, {'name': 'Polyamide', 'percentage': '29.00'}, {'name': 'Acrylic', 'percentage': '13.00'}, {'name': 'Polyester', 'percentage': '50.00'}]","{'value': 32.99, 'currency': 'GBP'}","['M', 'L', 'XL', 'XXS', 'XS', 'S']",Women,https://image.hm.com/assets/hm/b0/5d/b05d2bee03ef9b8627b8eef0475e25757532369a.jpg,160.0
Oversized cardigan,"Oversized cardigan in a soft knit with a ribbed stand collar, press-studs down the front and flap front pockets with a press-stud. Forward-facing shoulder seams, dropped shoulders and a yoke at the back with gathers. Ribbing at the cuffs and hem, and a tab with a press-stud at each side of the hem.",Navy blue,Knitted,"[{'name': 'Wool', 'percentage': '5.00'}, {'name': 'Polyamide', 'percentage': '14.00'}, {'name': 'Acrylic', 'percentage': '31.00'}, {'name': 'Polyester', 'percentage': '50.00'}]","{'value': 44.99, 'currency': 'GBP'}","['M', 'L', 'XL', 'XXL', 'XXS', 'XS', 'S']",Women,https://image.hm.com/assets/hm/36/6d/366d3c5a1d1aa7389e0ab1c3be60d3ee7cfa030f.jpg,218.2
5-pack ankle socks,"Ankle socks in a soft, fine-knit cotton blend with ribbed elastication at the top.",Black,Knitted,"[{'name': 'Elastane', 'percentage': '2.00'}, {'name': 'Cotton', 'percentage': '75.00'}, {'name': 'Polyester', 'percentage': '23.00'}]","{'value': 6.99, 'currency': 'GBP'}","['3-5', '6-8']",Women,https://image.hm.com/assets/hm/cb/df/cbdf8dbfc01868b436acb251dae88c588918f941.jpg,33.9
Flared knitted trousers,"Fitted trousers in a fine knit featuring a high waist with covered elastication, and flared legs.",Plum red,Knitted,"[{'name': 'Cotton', 'percentage': '31.00'}, {'name': 'Polyester', 'percentage': '69.00'}]","{'value': 17.99, 'currency': 'GBP'}","['L', 'XL', 'S', 'M', 'XXS', 'XS']",Women,https://image.hm.com/assets/hm/b0/2a/b02a8b9971f07547af2347d2c12ba2a5d178e6dc.jpg,87.25
Cable-knit polo jumper,"Loose-fit polo jumper in a soft cable knit containing some wool. Ribbed collar and a V-shaped opening at the front, dropped shoulders and long sleeves with ribbed cuffs. Ribbed hem with a slit at each side.",Dark grey marl,Knitted,"[{'name': 'Wool', 'percentage': '5.00'}, {'name': 'Elastane', 'percentage': '3.00'}, {'name': 'Polyamide', 'percentage': '29.00'}, {'name': 'Acrylic', 'percentage': '13.00'}, {'name': 'Polyester', 'percentage': '50.00'}]","{'value': 32.99, 'currency': 'GBP'}","['XXS', 'XS', 'L', 'XL', 'S', 'M']",Women,https://image.hm.com/assets/hm/70/5a/705aafeffb18e64520708e98113d99d72fc90206.jpg,160.0
Embroidered satin trousers,Trousers in softly draping satin with an elasticated waist and wide legs with embroidered motifs and a scalloped edge at the hems.,Black,Woven,"[{'name': 'Elastane', 'percentage': '3.00'}, {'name': 'Polyester', 'percentage': '97.00'}]","{'value': 24.99, 'currency': 'GBP'}","['XS', 'S', 'M', 'L']",Women,https://image.hm.com/assets/hm/a9/24/a92474b37731aa74812c8e2d1c9ddc9f1d0f73c7.jpg,121.2
Microfibre turtleneck top,"Fitted, sleeveless top in soft microfibre with an elegant turtle neck. Partly lined.",Burgundy,Knitted,"[{'name': 'Elastane', 'percentage': '13.00'}, {'name': 'Polyester', 'percentage': '87.00'}]","{'value': 12.99, 'currency': 'GBP'}","['S', 'XS', 'L', 'M', 'XXL', 'XL']",Women,https://image.hm.com/assets/hm/da/6d/da6d059bf4703d6f075c67d8775f8f4bf16107fd.jpg,63.0
Double-breasted blazer,"Double-breasted blazer in twill with peak lapels, motif-detail metal buttons at the front and welt front pockets. Shoulder pads and long sleeves with buttoned cuffs. Lined.",Navy blue,Woven,"[{'name': 'Polyester', 'percentage': '100.00'}]","{'value': 44.99, 'currency': 'GBP'}","['4', '6', '8', '10', '12', '14', '16', '18', '20', '22']",Women,https://image.hm.com/assets/hm/b0/4d/b04db8a8938b25f7176f3aec6647b876670b072d.jpg,218.2
Fine-knit polo dress,"Calf-length dress in a fine knit with a collar and button placket in a cotton weave. Long sleeves, visible seams down the front and a gently flared skirt.",Dark grey marl,Knitted,"[{'name': 'Cotton', 'percentage': '33.00'}, {'name': 'Polyester', 'percentage': '67.00'}]","{'value': 27.99, 'currency': 'GBP'}","['XS', 'S', 'M', 'L']",Women,https://image.hm.com/assets/hm/f5/15/f51548d25ebc7fc8a00f67821afce1f3690e9797.jpg,135.75
Cotton-blend sweatpants,"Sweatpants in soft sweatshirt fabric made from a cotton blend. High waist with covered elastication and a drawstring, side pockets, and covered elastication at the hems. Soft brushed inside.",Grey marl,Jersey,"[{'name': 'Cotton', 'percentage': '60.00'}, {'name': 'Polyester', 'percentage': '40.00'}]","{'value': 14.99, 'currency': 'GBP'}","['XS', 'XXL', 'S', 'M', 'L', 'XL']",Women,https://image.hm.com/assets/hm/7f/26/7f26de9b97b3f6482be55c42b7f0eebc07a83351.jpg,72.7
Spotted socks,"Sheer, spotted socks with reinforced toes and elasticated tops.",Black/Spotted,Knitted,"[{'name': 'Elastane', 'percentage': '29.00'}, {'name': 'Polyamide', 'percentage': '71.00'}]","{'value': 3.99, 'currency': 'GBP'}",['ONESIZE'],Women,https://image.hm.com/assets/hm/3d/81/3d818bf1a084627747ce442374d166c88e5c476c.jpg,19.35
5-pack microfibre and lace Brazilian briefs,"Briefs in microfibre and lace with a mid, V-shaped waist, lined gusset and a high cut at the back.",Black/Floral,Knitted,"[{'name': 'Elastane', 'percentage': '10.00'}, {'name': 'Polyamide', 'percentage': '90.00'}]","{'value': 19.99, 'currency': 'GBP'}","['XL', 'M', 'L', 'XS', 'S']",Women,https://image.hm.com/assets/hm/cd/ea/cdeacc22e73e661d27430d825b3137773dccb22d.jpg,96.95
Thong bikini bottoms,"Fully lined thong bikini bottoms with a low, V-shaped waist.",Dark brown/Leopard print,Knitted,"[{'name': 'Elastane', 'percentage': '13.00'}, {'name': 'Polyamide', 'percentage': '87.00'}]","{'value': 9.99, 'currency': 'GBP'}","['XS', 'S', 'M', 'L', 'XL']",Women,https://image.hm.com/assets/hm/fe/23/fe2300d0f999ba242b6f7212d1bba9c7541ba71d.jpg,48.45
Seamless padded soft bra,"Soft, non-wired bra designed with the minimum number of seams for a seamless, comfortable feel against the skin. Adjustable shoulder straps and lined cups with removable inserts that shape the bust and provide good support. No fasteners.",Brown,Knitted,"[{'name': 'Elastane', 'percentage': '11.00'}, {'name': 'Polyamide', 'percentage': '89.00'}]","{'value': 9.99, 'currency': 'GBP'}","['XS', 'S', 'M', 'L', 'XL']",Women,https://image.hm.com/assets/hm/28/44/284460d1419e7927940d305e7aa26b89c5426463.jpg,48.45
3-pack cotton boxer briefs,Boxer briefs in cotton jersey with a mid waist and a lined gusset.,Light grey marl/Black,Knitted,"[{'name': 'Cotton', 'percentage': '100.00'}]","{'value': 12.99, 'currency': 'GBP'}","['XXL', 'L', 'XL', 'S', 'M', 'XS']",Women,https://image.hm.com/assets/hm/43/32/43321212dcadfb4c86f90dc538152cbcd4212b1a.jpg,63.0
Wide tailored trousers,"Loose-fit trousers in woven fabric with a zip fly and a concealed button and hook-and-bar fastener. Diagonal side pockets, fake welt pockets at the back and wide legs with pleats at the front and creases down the front and back.",Grey/Checked,Woven,"[{'name': 'Elastane', 'percentage': '4.00'}, {'name': 'Viscose', 'percentage': '31.00'}, {'name': 'Polyester', 'percentage': '65.00'}]","{'value': 19.99, 'currency': 'GBP'}","['22', '4', '6', '8', '10', '12', '14', '16', '18', '20']",Women,https://image.hm.com/assets/hm/40/64/4064b3a0786f4089c1f94106fbe1ca809059390e.jpg,96.95
Ribbed vest top,Fitted vest top in ribbed jersey with a deep V-neckline and a narrow trim around the neckline and armholes.,Dark brown,Knitted,"[{'name': 'Elastane', 'percentage': '5.00'}, {'name': 'Cotton', 'percentage': '48.00'}, {'name': 'Viscose', 'percentage': '47.00'}]","{'value': 9.99, 'currency': 'GBP'}","['XS', 'L', 'XL', 'S', 'M', 'XXL']",Women,https://image.hm.com/assets/hm/13/93/139358ad232e349ba5e5dee659fd7c32a7cd173e.jpg,48.45
Cable-knit trousers,Trousers in a soft cable knit containing some wool. Elasticated waist and straight legs.,Beige,Knitted,"[{'name': 'Wool', 'percentage': '5.00'}, {'name': 'Elastane', 'percentage': '3.00'}, {'name': 'Polyamide', 'percentage': '29.00'}, {'name': 'Acrylic', 'percentage': '13.00'}, {'name': 'Polyester', 'percentage': '50.00'}]","{'value': 32.99, 'currency': 'GBP'}","['XS', 'XXS', 'M', 'S', 'XL', 'L']",Women,https://image.hm.com/assets/hm/b8/65/b865a0ee4076e49c274abfcb67b15d06a7c1b12e.jpg,160.0
Fitted T-shirt,Fitted T-shirt in soft cotton jersey with a narrow trim around the neckline and a straight-cut hem.,White,Jersey,"[{'name': 'Cotton', 'percentage': '100.00'}]","{'value': 6.99, 'currency': 'GBP'}","['XXL', 'XL', 'L', 'M', 'S', 'XS', 'XXS']",Women,https://image.hm.com/assets/hm/db/58/db587573b1eaf6ecc8686380962eadf7a50e811e.jpg,33.9
7-pack cotton briefs,"Briefs in cotton jersey with a mid waist, lined gusset and medium coverage at the back.",Grey marl/White/Light beige,Jersey,"[{'name': 'Cotton', 'percentage': '100.00'}]","{'value': 15.99, 'currency': 'GBP'}","['M', 'S', 'XL', 'L', 'XS']",Women,https://image.hm.com/assets/hm/0c/2b/0c2beb3e5c0fe6ad6af1b7d2f935586808b903db.jpg,77.55
2-piece jersey top and trousers set,"Set with a top and pair of trousers in soft, finely ribbed jersey. Short top featuring a boxy silhouette with a round, rib-trimmed neckline, dropped shoulders and long sleeves with wide cuffs. Trousers with a wide, foldover waistband and wide legs.",Light grey marl,Knitted,"[{'name': 'Cotton', 'percentage': '30.00'}, {'name': 'Polyester', 'percentage': '70.00'}]","{'value': 29.99, 'currency': 'GBP'}","['XS', 'XXS', 'XL', 'L', 'M', 'S']",Women,https://image.hm.com/assets/hm/3a/53/3a536fd066fabb5bb93f6981b75f8efc9717c61b.jpg,145.45
2-pack knee socks,"Socks in a soft, fine knit with knee-high shafts.",Light beige marl/Dark brown,Knitted,"[{'name': 'Elastane', 'percentage': '2.00'}, {'name': 'Polyamide', 'percentage': '20.00'}, {'name': 'Acrylic', 'percentage': '78.00'}]","{'value': 6.99, 'currency': 'GBP'}","['3-5', '6-8']",Women,https://image.hm.com/assets/hm/2c/dc/2cdc5834c84db81ca38180e84896186244d2fd59.jpg,33.9
Fine-knit T-shirt,Short T-shirt in a soft knit with a ribbed crew neck and straight hem. Ribbing at the cuffs and hem.,Light mole marl,Knitted,"[{'name': 'Wool', 'percentage': '5.00'}, {'name': 'Elastane', 'percentage': '3.00'}, {'name': 'Acrylic', 'percentage': '40.00'}, {'name': 'Polyester', 'percentage': '52.00'}]","{'value': 14.99, 'currency': 'GBP'}","['XXS', 'XS', 'S', 'M', 'L', 'XL', 'XXL']",Women,https://image.hm.com/assets/hm/59/5e/595ee7f0502c8263341522ef0b7649c02feb30b3.jpg,72.7
Rib-knit flared-skirt dress,"Short dress in a rib knit with a round neckline, button placket and long sleeves. Fitted bodice and a flared skirt.",Dark olive green,Knitted,"[{'name': 'Polyamide', 'percentage': '28.00'}, {'name': 'Viscose', 'percentage': '22.00'}, {'name': 'Polyester', 'percentage': '50.00'}]","{'value': 29.99, 'currency': 'GBP'}","['L', 'XL', 'S', 'M', 'XXS', 'XS']",Women,https://image.hm.com/assets/hm/b3/6a/b36a73d70761b74b8983ff6274dccff2a9bcf8a1.jpg,145.45
Cigarette trousers,"Ankle-length cigarette trousers in a stretch weave. Regular waist with concealed elastication, zip fly with a concealed hook-and-eye fastening, side pockets, fake back pockets and tapered legs.",Navy blue,Woven,"[{'name': 'Elastane', 'percentage': '3.00'}, {'name': 'Cotton', 'percentage': '54.00'}, {'name': 'Polyester', 'percentage': '43.00'}]","{'value': 19.99, 'currency': 'GBP'}","['8', '6', '28', '4', '26', '24', '16', '14', '12', '10', '22', '20', '18']",Women,https://image.hm.com/assets/hm/ef/dd/efddec4e43ca2bf534e70da12109a2fef6a5e9af.jpg,96.95
2-pack boxer shorts with Lycra®,Boxer shorts in cotton jersey with an elasticated waist and a button fly. Made using Lycra® Xtra Life™ technology for high comfort and long-lasting shape.,Black,Jersey,"[{'name': 'Elastane', 'percentage': '5.00'}, {'name': 'Cotton', 'percentage': '95.00'}]","{'value': 18.99, 'currency': 'GBP'}","['XXL', 'S', 'M', 'L', 'XL', 'XS']",Men,https://image.hm.com/assets/hm/95/11/9511d06a04ba272042222ae8539ae39b306805e7.jpg,92.1
Relaxed Long-Sleeved T-shirt,"A relaxed-fit long-sleeved T-shirt crafted from soft cotton jersey. Designed with a classic crew neckline with a ribbed trim, ribbed cuffs, and slightly dropped shoulders.
",White,Knitted,"[{'name': 'Cotton', 'percentage': '100.00'}]","{'value': 23.99, 'currency': 'GBP'}","['S', 'XS', 'XL', 'L', 'M']",Men,https://media.weekday.com/assets/003/02/4c/024c4b5532f0ef9f673a6fa45f6aa09a737bbff9.jpg,116.35
Sports joggers with DryMove™,"Sports joggers in functional fabric made with DryMove™, which helps pull moisture away from your skin, keeping you comfortably dry while moving. Regular fit with an elasticated, drawstring waist, zipped side pockets with taped seams, and tapered legs with a zip at the hems.",Black,Woven,"[{'name': 'Polyester', 'percentage': '100.00'}]","{'value': 37.99, 'currency': 'GBP'}","['XS', 'M', 'S', 'XL', 'L', 'XXL']",Men,https://image.hm.com/assets/hm/0a/13/0a1379664604e141ea488e9dd9081571f3be2417.jpg,184.25
2-pack socks,"Socks in a soft, fine-knit cotton blend. High, ribbed shaft with a motif.",Black/Coca-Cola,Knitted,"[{'name': 'Elastane', 'percentage': '3.00'}, {'name': 'Cotton', 'percentage': '75.00'}, {'name': 'Polyamide', 'percentage': '22.00'}]","{'value': 11.99, 'currency': 'GBP'}","['9-10.5', '4-6', '6.5-8', '11-12.5']",Men,https://image.hm.com/assets/hm/52/9f/529f094b4516aaf0fd060b389bf63118fcd70887.jpg,58.15
4-pack woven boxer shorts,"Boxer shorts in a soft weave with an elasticated waist, long legs and button fly.",Black/White checked,Woven,"[{'name': 'Cotton', 'percentage': '100.00'}]","{'value': 27.99, 'currency': 'GBP'}","['XL', 'L', 'M', 'S', 'XS', 'XXL']",Men,https://image.hm.com/assets/hm/e9/66/e96682324a70c10682d6baec40c8f4ef34d89eda.jpg,135.75
Muscle Fit Sports T-shirt with DryMove™,"Sports top in functional fabric made with DryMove™, which helps pull moisture away from your skin to keep you comfortably dry while moving. Round neckline, short sleeves, and a polo hem with a slit at each side. Muscle fit with narrow shoulders and tapered sleeves to create a flattering silhouette.",Navy blue/Move Zlatan,Knitted,"[{'name': 'Elastane', 'percentage': '9.00'}, {'name': 'Polyester', 'percentage': '91.00'}]","{'value': 19.99, 'currency': 'GBP'}","['XXL', '3XL', 'XS', 'L', 'XL', 'S', 'M']",Men,https://image.hm.com/assets/hm/f5/22/f522237dabca9b144e17f8acb04d457762c1c7ca.jpg,96.95
Regular Fit Single-breasted jacket,"Single-breasted jacket in a soft weave featuring notch lapels with a decorative buttonhole, and two buttons at the front. Welt chest pocket, flap front pockets and two inner pockets. Decorative buttons at the cuffs and a double back vent. Regular fit for comfortable wear and a classic silhouette. Lined.",Dark beige,Woven,"[{'name': 'Elastane', 'percentage': '2.00'}, {'name': 'Viscose', 'percentage': '33.00'}, {'name': 'Polyester', 'percentage': '65.00'}]","{'value': 59.99, 'currency': 'GBP'}","['34R', '38R', '36R', '50R', '48R', '42R', '40R', '46R', '44R']",Men,https://image.hm.com/assets/hm/21/69/2169b9d6e984374d03a803827f3dff7d84f4e420.jpg,290.95
3-pack sports socks with DryMove™,"Sports socks in soft, fine-knit functional fabric made with DryMove™, which helps pull moisture away from your skin, keeping you comfortably dry while moving. Ventilating mesh sections, arch support, reinforced heels and toes, ribbed shafts and elasticated tops.",Cream/Swirl,Knitted,"[{'name': 'Elastane', 'percentage': '4.00'}, {'name': 'Polyester', 'percentage': '96.00'}]","{'value': 9.99, 'currency': 'GBP'}","['6.5-8', '9-10.5', '11-12.5']",Men,https://image.hm.com/assets/hm/63/60/636065a5e6f0f45472557b9204511122239abcb2.jpg,48.45
Double-Layered Cotton T-shirt,"A loose fit T-shirt crafted from cotton jersey with a layered look. Designed with short sleeves over long sleeves, it features a ribbed crew neckline, chain stitch detailing at the shoulders, and twin-needle stitched hems.
",Black & White,Knitted,"[{'name': 'Cotton', 'percentage': '100.00'}]","{'value': 33.99, 'currency': 'GBP'}","['XL', 'L', 'M', 'S', 'XS']",Men,https://media.weekday.com/assets/003/f5/3b/f53b9311e5224413804b771da041e5bc7f9d384d.jpg,164.85
Regular Fit Sweatshorts,"Shorts in midweight jersey made from a cotton blend with an elasticated, drawstring waist, a fake fly, side pockets and welt back pockets. Regular fit for comfortable wear and a classic silhouette.",Black,Jersey,"[{'name': 'Cotton', 'percentage': '72.00'}, {'name': 'Polyester', 'percentage': '28.00'}]","{'value': 19.99, 'currency': 'GBP'}","['M', 'S', 'XL', 'L', 'XXL', 'XS']",Men,https://image.hm.com/assets/hm/39/a5/39a5588cd533650e7c398413ec842cff6c6fbd62.jpg,96.95
Relaxed Fit Long-sleeved Polo shirt,"Long-sleeved polo shirt in a soft, fine knit with a collar, a button placket and a wide, ribbed trim at the cuffs and hem. Relaxed fit for a casual but not oversized silhouette.",Dark grey/Stripes,Knitted,"[{'name': 'Polyamide', 'percentage': '22.00'}, {'name': 'Viscose', 'percentage': '55.00'}, {'name': 'Polyester', 'percentage': '23.00'}]","{'value': 32.99, 'currency': 'GBP'}","['M', 'S', 'XL', 'L', 'XS', 'XXL']",Men,https://image.hm.com/assets/hm/51/0d/510d3324aae9776aefe2fcd6f847c981b737ecf1.jpg,160.0
Regular Fit Short-sleeved linen-blend shirt,"Short-sleeved shirt in an airy cotton and linen blend with a resort collar, French front and a yoke at the back. Open chest pocket and a straight-cut hem with a slit on each side. Regular fit for comfortable wear and a classic silhouette. Cotton and linen blends combine the softness of cotton with the sturdiness of linen, creating a beautiful, textured fabric that is breathable and drapes perfectly.",Beige/White striped,Woven,"[{'name': 'Cotton', 'percentage': '48.00'}, {'name': 'Linen', 'percentage': '52.00'}]","{'value': 19.99, 'currency': 'GBP'}","['XXL', 'XL', 'S', 'XS', 'L', 'M']",Men,https://image.hm.com/assets/hm/27/31/2731407a9a29cdb96bcde097e8916dc9fb87a851.jpg,96.95
Regular Fit Sports joggers with DryMove™,"Sports joggers in functional jersey made with DryMove™, which helps pull moisture away from your skin, keeping you comfortably dry while moving. Regular fit with covered elastication and a drawstring at the waist. Diagonal side pockets with a zip, and gently tapered legs with covered elastication and a zip at the hems. Four-way stretch for maximum comfort and added mobility.",Black,Woven,"[{'name': 'Polyester', 'percentage': '100.00'}]","{'value': 32.99, 'currency': 'GBP'}","['L', 'XL', 'XXL', '3XL', 'XS', 'S', 'M']",Men,https://image.hm.com/assets/hm/8f/d1/8fd1feee4bc5410d60f8efced00492e0a75cfe92.jpg,160.0
Velour dressing gown,Reversible dressing gown in soft cotton velour with front pockets and a tie belt at the waist.,Dark grey,Jersey,"[{'name': 'Cotton', 'percentage': '100.00'}]","{'value': 42.99, 'currency': 'GBP'}","['L/XL', 'S/M']",Men,https://image.hm.com/assets/hm/c4/ad/c4ad2aaa92ff890d45f5795064f756b642e96dcf.jpg,208.5
Regular Fit Polo shirt,"Short-sleeved polo shirt in a soft, fine knit with a collar, a button placket and ribbing at the cuffs and hem. Regular fit for comfortable wear and a classic silhouette.",Dark blue,Knitted,"[{'name': 'Polyamide', 'percentage': '30.00'}, {'name': 'Viscose', 'percentage': '70.00'}]","{'value': 32.99, 'currency': 'GBP'}","['M', 'S', 'XS', 'XXL', 'XL', 'L']",Men,https://image.hm.com/assets/hm/cd/e2/cde2378cce655359b5ce844216cfd30740a4d2c6.jpg,160.0
Regular Fit Tailored trousers,"Tailored trousers in a soft weave with a zip fly, an extended waistband with a concealed button and hook-and-bar fastening, side pockets, jetted back pockets with a button and legs with creases. Regular fit for comfortable wear and a classic silhouette.",Beige,Woven,"[{'name': 'Elastane', 'percentage': '2.00'}, {'name': 'Viscose', 'percentage': '29.00'}, {'name': 'Polyester', 'percentage': '69.00'}]","{'value': 37.99, 'currency': 'GBP'}","['36', '34', '38', '28', '30', '29', '32', '31', '33']",Men,https://image.hm.com/assets/hm/14/2a/142ad0641a3f76312fe54c84bbc810dbfae0f76b.jpg,184.25
5-pack sports socks with DryMove™,"No-show sports socks in functional fabric made with DryMove™, which helps pull moisture away from your skin, keeping you comfortably dry while moving. Ventilating hole-knit sections over the feet and a silicone trim at the back of the heel to keep them in place.",Black,Jersey,"[{'name': 'Elastane', 'percentage': '3.00'}, {'name': 'Polyester', 'percentage': '97.00'}]","{'value': 8.99, 'currency': 'GBP'}","['6.5-8', '9-10.5']",Men,https://image.hm.com/assets/hm/75/cf/75cfe52aa96aae2c5f82636992750f171373fc55.jpg,43.6
Regular Fit Collared jacket,"Jacket in a soft weave with a coated fabric collar. Front zip fastening, long sleeves, and cuffs with a press-stud. Jetted chest and side pockets with a zip, and an inner welt pocket. Regular fit for comfortable wear and a classic silhouette. Lined.",Beige/Black,Woven,"[{'name': 'Polyester', 'percentage': '100.00'}]","{'value': 54.99, 'currency': 'GBP'}","['XL', 'XXL', 'M', 'L', 'XS', 'S']",Men,https://image.hm.com/assets/hm/75/ac/75ac67b582a459eb21e53c4f95c66c6f938708fe.jpg,266.7
Regular Fit Polo shirt,"Polo shirt in a fine-knit cotton blend with a collar, button placket and short sleeves. Regular fit for comfortable wear and a classic silhouette.",Dark brown,Jersey,"[{'name': 'Cotton', 'percentage': '69.00'}, {'name': 'Polyester', 'percentage': '31.00'}]","{'value': 22.99, 'currency': 'GBP'}","['XXL', 'XL', 'S', 'XS', 'L', 'M']",Men,https://image.hm.com/assets/hm/a0/54/a0542e3fa25181194c6fbbe540a36a7d8edfa052.jpg,111.5
Relaxed Graphic Wool-Blend Sweater,"A graphic jacquard-knitted sweater designed with a relaxed, boxy silhouette, crafted from a warm wool blend. It features a classic crew neckline, dropped shoulders, and ribbed trims at the cuffs and hem for structure and comfort.
",Purple - Abstract Black,Knitted,"[{'name': 'Wool', 'percentage': '30.00'}, {'name': 'Elastane', 'percentage': '1.00'}, {'name': 'Polyester', 'percentage': '69.00'}]","{'value': 59.99, 'currency': 'GBP'}","['M', 'S', 'XL', 'L', 'XS']",Men,https://media.weekday.com/assets/003/9d/08/9d08f7c63c6d903b66712aa75e23d61d07a0c308.jpg,290.95
Regular Fit Lyocell-blend trousers,"Trousers in a soft weave made from a cotton, linen and lyocell blend. Covered elastication at the waist, a zip fly and button, pleats at the top, diagonal side pockets and welt back pockets. Regular fit for comfortable wear and a classic silhouette.",White,Woven,"[{'name': 'Cotton', 'percentage': '54.00'}, {'name': 'Lyocell', 'percentage': '16.00'}, {'name': 'Linen', 'percentage': '30.00'}]","{'value': 37.99, 'currency': 'GBP'}","['M', 'L', 'XL', 'XXL', 'XS', 'S']",Men,https://image.hm.com/assets/hm/45/4c/454cdf1483a6d6141fc657706e206f818bf6b2a2.jpg,184.25
Oversized Fit Washed hoodie,"Hoodie in heavyweight cotton sweatshirt fabric with a washed look and a print motif. Dropped shoulders, long sleeves, a kangaroo pocket and wide ribbing at the cuffs and hem. Oversized fit for a baggy, extra-loose silhouette.",Black/Le strade di,Knitted,"[{'name': 'Cotton', 'percentage': '100.00'}]","{'value': 37.99, 'currency': 'GBP'}","['XS', 'M', 'S', 'XL', 'L', 'XXL']",Men,https://image.hm.com/assets/hm/90/9e/909ed924f26cfddc7aa9fd97ae6e07a093ff0241.jpg,184.25
Compression Fit Sports top with DryMove™,"Sports top in functional fabric made with DryMove™, which helps pull moisture away from your skin, keeping you comfortably dry while moving. Round neckline, short raglan sleeves and forward-facing side seams. Compression fit with a close, body-hugging fit designed to support muscles and enhance performance during training.",Black,Knitted,"[{'name': 'Polyester', 'percentage': '100.00'}]","{'value': 19.99, 'currency': 'GBP'}","['M', 'L', 'XL', 'XS', 'S']",Men,https://image.hm.com/assets/hm/8f/a8/8fa8fd17e88c13642a0685c612f4812740c60f85.jpg,96.95
Loose Fit Sweatshirt,"Top in midweight sweatshirt fabric made from a cotton blend with a soft brushed inside. Dropped shoulders and ribbing around the neckline, cuffs and hem. Loose fit for a generous but not oversized silhouette.",Dark brown/Ramones,Jersey,"[{'name': 'Cotton', 'percentage': '60.00'}, {'name': 'Polyester', 'percentage': '40.00'}]","{'value': 27.99, 'currency': 'GBP'}","['XXL', 'XL', 'L', 'M', 'S']",Men,https://image.hm.com/assets/hm/b1/e0/b1e0b31378ab58b8edbdfbe815ee756b5c8b9c0a.jpg,135.75
5-pack short trunks with Lycra®,"Trunks in stretch jersey with flatlock seams for added comfort. Elasticated waist, a lined front and short legs. Made using Lycra® Xtra Life™ technology for high comfort and long-lasting shape.",Grey marl,Knitted,"[{'name': 'Elastane', 'percentage': '5.00'}, {'name': 'Cotton', 'percentage': '92.00'}, {'name': 'Viscose', 'percentage': '3.00'}]","{'value': 27.99, 'currency': 'GBP'}","['M', 'L', 'XS', 'S', 'XL', 'XXL']",Men,https://image.hm.com/assets/hm/83/5d/835d96766b30bbc7f14204808781394ac12426d2.jpg,135.75
Hooded workwear jacket,"Workwear jacket in a cotton weave with a lined drawstring hood, front zip and a yoke at the back. Features open front pockets and covered elastication at the cuffs and hem.",Beige,Woven,"[{'name': 'Cotton', 'percentage': '100.00'}]","{'value': 54.99, 'currency': 'GBP'}","['XL', 'XXL', 'XS', 'S', 'M', 'L']",Men,https://image.hm.com/assets/hm/74/2c/742c0d7ee170343b58415f0ea8a7573994b861ec.jpg,266.7
7-pack trainer socks,Trainer socks in a fine-knit cotton blend with elastication around the opening.,Beige/Black/White,Knitted,"[{'name': 'Elastane', 'percentage': '2.00'}, {'name': 'Cotton', 'percentage': '76.00'}, {'name': 'Polyester', 'percentage': '22.00'}]","{'value': 8.99, 'currency': 'GBP'}","['11-12.5', '9-10.5', '6.5-8', '4-6']",Men,https://image.hm.com/assets/hm/df/1d/df1d9810f29eb35beb676e67b06e91f8343cb498.jpg,43.6
Loose Fit Jersey zip-through hoodie,"Zip-through hoodie in midweight jersey with a drawstring hood, a zip down the front, diagonal front pockets and wide ribbing at the cuffs and hem. Loose fit for a generous but not oversized silhouette.",Cream,Knitted,"[{'name': 'Elastane', 'percentage': '3.00'}, {'name': 'Cotton', 'percentage': '67.00'}, {'name': 'Polyester', 'percentage': '30.00'}]","{'value': 37.99, 'currency': 'GBP'}","['S', 'XS', 'L', 'M', 'XXL', 'XL']",Men,https://image.hm.com/assets/hm/24/09/24098bb056e29e9c4b03014446508562d387a59b.jpg,184.25
Four-way Stretch Slim Fit Shirt,"Shirt in a breathable and moisture-wicking fabric with four-way stretch that offers complete flexibility, shape and fluid motion in every direction. Slim fit with a turn-down collar, French front and a yoke at the back. Long sleeves with buttoned cuffs and a sleeve placket with a link button. Rounded hem. Functional Essentials is a curated selection of pieces that incorporates comfort and performance into everyday wear.",Light blue,Knitted,"[{'name': 'Elastane', 'percentage': '10.00'}, {'name': 'Cotton', 'percentage': '90.00'}]","{'value': 37.99, 'currency': 'GBP'}","['XL', 'L', 'M', 'S']",Men,https://image.hm.com/assets/hm/68/10/68101f0ecf1cdb6ac7f95a544b4cce4a30e5e6bc.jpg,184.25
Relaxed Fit linen-blend trousers,"Trousers in an airy weave made from a cotton and linen blend with a zip fly featuring a concealed hook-and-bar fastener and a button. Jetted front pockets, welt back pockets with a button and legs with pleats at the top. Relaxed fit for a casual but not oversized silhouette.",Black,Woven,"[{'name': 'Cotton', 'percentage': '60.00'}, {'name': 'Linen', 'percentage': '40.00'}]","{'value': 37.99, 'currency': 'GBP'}","['36', '34', '33', '32', '31', '30', '29', '28', '38']",Men,https://image.hm.com/assets/hm/fe/bd/febd398ff66edcd865ec15f104e55786b6d90ae5.jpg,184.25
Classic Boxy T-shirt,"A classic boxy T-shirt crafted from soft cotton jersey. Designed with a loose fit and wide sleeves.
",White,Knitted,"[{'name': 'Cotton', 'percentage': '100.00'}]","{'value': 16.99, 'currency': 'GBP'}","['S', 'M', 'L', 'XL', 'XS']",Men,https://media.weekday.com/assets/003/d4/c6/d4c60e3b0e0a6756339f83c3afee520637ef7499.jpg,82.4
Four-way Stretch Chinos,"Chinos in a moisture-wicking, wrinkle-resistant fabric with four-way stretch that offers complete flexibility, shape and fluid motion in every direction. Regular fit and a zip fly with a button. Diagonal front pockets, discreet side pockets with a concealed zip, and welt back pockets. Functional Essentials is a curated selection of pieces that incorporates comfort and performance into everyday wear.",Navy blue,Knitted,"[{'name': 'Elastane', 'percentage': '4.00'}, {'name': 'Viscose', 'percentage': '29.00'}, {'name': 'Polyester', 'percentage': '67.00'}]","{'value': 42.99, 'currency': 'GBP'}","['34', '36', '30', '31', '32', '33']",Men,https://image.hm.com/assets/hm/a6/a9/a6a911fcbb982195ecc0bd01c971f8191ed6e1c3.jpg,208.5
Regular Fit Lyocell-blend trousers,"Trousers in a soft weave made from a cotton, linen and lyocell blend. Covered elastication at the waist, a zip fly and button, pleats at the top, diagonal side pockets and welt back pockets. Regular fit for comfortable wear and a classic silhouette.",Brown,Woven,"[{'name': 'Cotton', 'percentage': '54.00'}, {'name': 'Lyocell', 'percentage': '16.00'}, {'name': 'Linen', 'percentage': '30.00'}]","{'value': 37.99, 'currency': 'GBP'}","['L', 'M', 'XXL', 'XL', 'S', 'XS']",Men,https://image.hm.com/assets/hm/fc/18/fc188dea66ef2e4e3a0f1906a6fcd27241a6ec9f.jpg,184.25
Simon Washed Scuba Zip Hoodie,"A loose-fit zip hoodie crafted from a washed scuba fabric. This favourite features slightly dropped shoulders, ribbed cuffs and hemline, and a sturdy two-way front zipper.",Faded Black,Knitted,"[{'name': 'Elastane', 'percentage': '5.00'}, {'name': 'Polyester', 'percentage': '70.00'}, {'name': 'Viscose', 'percentage': '25.00'}]","{'value': 59.99, 'currency': 'GBP'}","['XS', 'L', 'XL', 'S', 'M']",Men,https://media.weekday.com/assets/003/14/6b/146bd25466a6b0ae58f8fde00ee4dcadc215667b.jpg,290.95
Relaxed Fit overshirt,"Padded overshirt in soft, woven fabric featuring a turn-down collar, press-studs down the front, yoke at the back, and a straight-cut hem. Dropped shoulders and long sleeves with a slit and press-stud at the cuffs. Relaxed fit for a casual but not oversized silhouette. Quilted lining.",Dark blue/Checked,Woven,"[{'name': 'Polyester', 'percentage': '100.00'}]","{'value': 44.99, 'currency': 'GBP'}","['XS', 'S', 'M', 'L', 'XL', 'XXL']",Men,https://image.hm.com/assets/hm/6c/9f/6c9fc5423384a2e698789fb0e238f0db7f155db7.jpg,218.2
5-pack sports socks with DryMove™,"Fine-knit ankle socks in functional fabric made with DryMove™, which helps pull moisture away from your skin, keeping you comfortably dry while moving. Elasticated tops and a slightly higher shaft at the heel for optimum comfort. Ventilating mesh sections at the top and a ribbed section over the foot for best fit.",White,Jersey,"[{'name': 'Elastane', 'percentage': '2.00'}, {'name': 'Polyester', 'percentage': '98.00'}]","{'value': 11.99, 'currency': 'GBP'}","['6.5-8', '9-10.5']",Men,https://image.hm.com/assets/hm/4d/0d/4d0d73da7e2a2b0ab122fe0c7efa68dc6acf0518.jpg,58.15
Cashmere-blend socks,Socks in a soft rib knit containing cashmere and wool. Elasticated tops.,Dark grey marl,Knitted,"[{'name': 'Wool', 'percentage': '10.00'}, {'name': 'Elastane', 'percentage': '1.00'}, {'name': 'Polyamide', 'percentage': '27.00'}, {'name': 'Viscose', 'percentage': '47.00'}, {'name': 'Cashmere', 'percentage': '15.00'}]","{'value': 12.99, 'currency': 'GBP'}","['3-5', '6-8']",Women,https://image.hm.com/assets/hm/79/82/79825853670a15c1bac30aa1b879ea033a439d37.jpg,63.0
Bow-detail denim blouse,"Blouse in denim featuring a turn-down collar with ties at the front that can be tied into a bow. Buttons down the front, forward-facing shoulder seams and a yoke at the back. Long sleeves with buttoned cuffs and a sleeve placket with a link button.",Dark denim blue,Woven,"[{'name': 'Cotton', 'percentage': '100.00'}]","{'value': 19.99, 'currency': 'GBP'}","['XL', 'L', 'M', 'S', 'XS', 'XXS']",Women,https://image.hm.com/assets/hm/49/af/49af957cd79cba14ea8b13881c9e13dccec4bcfd.jpg,96.95
Long-sleeved jersey top,Long-sleeved top in soft cotton jersey with a round neckline.,Black,Jersey,"[{'name': 'Elastane', 'percentage': '5.00'}, {'name': 'Cotton', 'percentage': '95.00'}]","{'value': 9.99, 'currency': 'GBP'}","['XS', 'S', 'M', 'L', 'XL', 'XXL']",Women,https://image.hm.com/assets/hm/e3/d6/e3d65e5db0f736fb6514f27e8635e09c0c3aea1a.jpg,48.45
Wide tailored trousers,"Tailored trousers in woven fabric with a zip fly and a concealed button and hook-and-bar fastener. Diagonal side pockets, welt back pockets and wide legs with creases down the front.",Dark grey/Herringbone pattern,Woven,"[{'name': 'Elastane', 'percentage': '2.00'}, {'name': 'Viscose', 'percentage': '30.00'}, {'name': 'Polyester', 'percentage': '68.00'}]","{'value': 24.99, 'currency': 'GBP'}","['6', '4', '22', '14', '12', '10', '8', '20', '18', '16']",Women,https://image.hm.com/assets/hm/2f/4c/2f4c7f5d093aebd1e50265a74e78ac124ce5aab7.jpg,121.2
Seam-detail turtleneck jumper,"Oversized jumper in a soft knit detailed with decorative linking seams. Features a ribbed turtle neck with a small, V-shaped opening at the back. Dropped shoulders, long sleeves and ribbing at the cuffs and hem.",Cream,Knitted,"[{'name': 'Wool', 'percentage': '6.00'}, {'name': 'Acrylic', 'percentage': '30.00'}, {'name': 'Polyester', 'percentage': '64.00'}]","{'value': 27.99, 'currency': 'GBP'}","['XXS', 'S', 'XS', 'L', 'M', 'XXL', 'XL']",Women,https://image.hm.com/assets/hm/ba/9d/ba9d7a1ecd036f094d656246eac5a56a9a2373fe.jpg,135.75
5-pack microfibre and lace Brazilian briefs,"Briefs in microfibre and lace with a mid, V-shaped waist, lined gusset and a high cut at the back.",Black,Knitted,"[{'name': 'Elastane', 'percentage': '8.00'}, {'name': 'Polyamide', 'percentage': '92.00'}]","{'value': 19.99, 'currency': 'GBP'}","['XL', 'L', 'M', 'S', 'XS']",Women,https://image.hm.com/assets/hm/99/09/990972d8a6f05d8c66776a1807b84e041b7382e7.jpg,96.95
Wide High Jeans,"5-pocket jeans in washed cotton denim with a high waist, zip fly and button and wide, straight legs.",Dark denim blue/Pinstriped,Woven,"[{'name': 'Cotton', 'percentage': '100.00'}]","{'value': 24.99, 'currency': 'GBP'}","['22', '4', '6', '8', '10', '12', '14', '16', '18', '20']",Women,https://image.hm.com/assets/hm/95/bf/95bf5e3404a6ad959aec7b28e9560a0810da771c.jpg,121.2
2-pack knee socks,"Socks in a soft, fine knit with knee-high shafts.",Black,Knitted,"[{'name': 'Elastane', 'percentage': '1.00'}, {'name': 'Polyamide', 'percentage': '20.00'}, {'name': 'Acrylic', 'percentage': '79.00'}]","{'value': 6.99, 'currency': 'GBP'}","['6-8', '3-5']",Women,https://image.hm.com/assets/hm/46/4f/464fec47237d14975eff890096e9aecb9c1751e6.jpg,33.9
Oversized jumper,"Oversized, V-neck jumper in a soft, fine knit. Dropped shoulders, long sleeves and ribbing around the neckline, cuffs and hem. Slits in the sides of the hem.",Black/Striped,Knitted,"[{'name': 'Wool', 'percentage': '5.00'}, {'name': 'Elastane', 'percentage': '3.00'}, {'name': 'Acrylic', 'percentage': '40.00'}, {'name': 'Polyester', 'percentage': '52.00'}]","{'value': 18.99, 'currency': 'GBP'}","['M', 'S', 'XS', 'XXS', 'XXL', 'XL', 'L']",Women,https://image.hm.com/assets/hm/e5/6f/e56fd2d1b35c6aad079fdf81826816fea241f223.jpg,92.1
Skinny High Jeans,5-pocket jeans in stretch denim with a skinny fit from the waist to the hem. High waist with a zip fly and button.,Denim blue,Woven,"[{'name': 'Elastane', 'percentage': '1.00'}, {'name': 'Cotton', 'percentage': '69.00'}, {'name': 'Polyester', 'percentage': '30.00'}]","{'value': 19.99, 'currency': 'GBP'}","['14', '16', '10', '12', '6', '8', '24', '4', '26', '22', '18', '20']",Women,https://image.hm.com/assets/hm/ad/1e/ad1e2ac69dcc5c85c7488fcfac061195cdd77b09.jpg,96.95
Seamless Padded Soft bra,"Soft, non-wired bra designed with the minimum number of seams for a seamless, comfortable feel against the skin. Adjustable shoulder straps that can be crossed at the back and jersey-lined cups with removable inserts that shape the bust and provide good support. Wide trim at the hem. No fasteners.",Black,Knitted,"[{'name': 'Elastane', 'percentage': '8.00'}, {'name': 'Polyamide', 'percentage': '92.00'}]","{'value': 12.99, 'currency': 'GBP'}","['S', 'XS', 'L', 'M', 'XL']",Women,https://image.hm.com/assets/hm/d8/86/d886a3a14ae00d0b406aeecdbf8f984c5db823f9.jpg,63.0
Padded triangle bikini top,Lined triangle bikini top with a crocheted look. Cups with removable inserts that shape the bust and provide good support. Ties at the back and back of the neck.,Red,Knitted,"[{'name': 'Elastane', 'percentage': '12.00'}, {'name': 'Polyester', 'percentage': '88.00'}]","{'value': 14.99, 'currency': 'GBP'}","['L', 'XL', 'S', 'M', 'XS']",Women,https://image.hm.com/assets/hm/23/87/2387fc14504d5db5faf9a33c5eda48a4a6f04cea.jpg,72.7
Pointelle-knit cardigan,"Fitted cardigan in a soft knit with pointelle-knit sections. Round, ribbed neckline, buttons down the front, narrow ribbing at the cuffs and a frill trim at the hem.",Light beige,Knitted,"[{'name': 'Polyamide', 'percentage': '9.00'}, {'name': 'Acrylic', 'percentage': '85.00'}, {'name': 'Polyester', 'percentage': '6.00'}]","{'value': 24.99, 'currency': 'GBP'}","['XXS', 'XS', 'S', 'M', 'L', 'XL']",Women,https://image.hm.com/assets/hm/d7/3c/d73c52d11c88154a76c1c5ef70a39f30c4d431c0.jpg,121.2
Flared Leg Ultra Low Waist Jeans,"5-pocket jeans in denim with a slight stretch for good comfort. Flared leg with a slim fit from the waist to the thigh and a flared cut from the knee to the hem. Extra-low waist with a zip fly and button. Regular length, designed to hit the top of the foot with little or no stacking. A fashion icon from the 70s to now.",Dark denim blue,Woven,"[{'name': 'Cotton', 'percentage': '20.00'}, {'name': 'Polyester', 'percentage': '80.00'}]","{'value': 29.99, 'currency': 'GBP'}","['20', '18', '16', '14', '4', '22', '12', '10', '8', '6']",Women,https://image.hm.com/assets/hm/c6/c0/c6c0864943762b728d166da13bad32d243ec342a.jpg,145.45
Coated bootcut trousers,"Fitted trousers in coated fabric with a zip fly and an extended waistband with a concealed button and hook-and-bar fasteners. Side pockets, back pockets and bootcut legs with a slit at the hems.",Dark brown,Woven,"[{'name': 'Polyester', 'percentage': '100.00'}]","{'value': 32.99, 'currency': 'GBP'}","['16', '14', '18', '8', '6', '12', '10']",Women,https://image.hm.com/assets/hm/94/9b/949bf945773605a68099f9e653fae7063b2b8f5f.jpg,160.0
Oversized boat-neck jumper,"Oversized jumper in a soft rib knit with a rib-trimmed boat neckline, dropped shoulders and long sleeves. Ribbing at the cuffs and hem.",Light blue,Knitted,"[{'name': 'Wool', 'percentage': '5.00'}, {'name': 'Elastane', 'percentage': '3.00'}, {'name': 'Acrylic', 'percentage': '40.00'}, {'name': 'Polyester', 'percentage': '52.00'}]","{'value': 19.99, 'currency': 'GBP'}","['L', 'XL', 'S', 'M', 'XXS', 'XS', 'XXL']",Women,https://image.hm.com/assets/hm/b3/77/b377bfe252b0afb9e4418a66325a394bced49ebf.jpg,96.95
Draped scarf-detail top,"Fitted, long-sleeved top in soft jersey with a cowl neckline and wide ties at the neck for various styling options. Gathers at the sides to create a draped effect.",Dark green,Knitted,"[{'name': 'Elastane', 'percentage': '4.00'}, {'name': 'Viscose', 'percentage': '96.00'}]","{'value': 12.99, 'currency': 'GBP'}","['XL', 'L', 'M', 'S', 'XS', 'XXS']",Women,https://image.hm.com/assets/hm/49/a6/49a6b4cb0ef03e34943583d5c4faa105e3f06a39.jpg,63.0
Satin pyjamas,"Pyjamas with a shirt and pair of bottoms in softly draping satin with accent-colour piping. Shirt with a resort collar, buttons down the front, an open chest pocket and long sleeves. Bottoms with an elasticated, drawstring waist and wide legs.",Light blue/Striped,Woven,"[{'name': 'Polyester', 'percentage': '100.00'}]","{'value': 37.99, 'currency': 'GBP'}","['XXS', 'XS', 'S', 'M', 'L', 'XL']",Women,https://image.hm.com/assets/hm/79/3f/793ff68764a8b08a95dab2a0c755ca454f843864.jpg,184.25
Cable-knit bomber jacket,"Loose-fit bomber jacket in a soft cable knit containing some wool. Ribbed stand collar and press-studs down the front. Dropped shoulders, long sleeves, and ribbing at the cuffs and hem. Lined.",Navy blue,Knitted,"[{'name': 'Polyester', 'percentage': '100.00'}]","{'value': 39.99, 'currency': 'GBP'}","['XXS', 'XS', 'S', 'M', 'L', 'XL']",Women,https://image.hm.com/assets/hm/13/64/1364218e93ef7003e95248e3c5349ae119e83600.jpg,193.95
Oxford shirt,"Shirt in washed Oxford cotton with a collar, buttons down the front and a yoke with a hanger at the back. Relaxed fit with dropped shoulders, long sleeves with buttoned cuffs, and a rounded hem. Slightly longer at the back.",Blue,Woven,"[{'name': 'Cotton', 'percentage': '100.00'}]","{'value': 19.99, 'currency': 'GBP'}","['XXS', 'XL', 'XXL', 'XS', 'S', 'M', 'L']",Women,https://image.hm.com/assets/hm/33/3d/333de88495dea7abb56a83cac8eab47b8b1ad439.jpg,96.95
Padded triangle bikini top,Lined triangle bikini top featuring cups with removable inserts that shape the bust and provide good support. Ties at the back and back of the neck.,Black/Polka dot,Knitted,"[{'name': 'Elastane', 'percentage': '12.00'}, {'name': 'Polyester', 'percentage': '88.00'}]","{'value': 12.99, 'currency': 'GBP'}","['XL', 'XS', 'S', 'M', 'L']",Women,https://image.hm.com/assets/hm/e3/1a/e31a4c71d3c1601068bff4cfa5f1299c8c0e84a7.jpg,63.0
3-pack socks,"Socks in a soft, fine knit with elasticated tops.",Dark brown/Cream,Knitted,"[{'name': 'Wool', 'percentage': '7.00'}, {'name': 'Elastane', 'percentage': '2.00'}, {'name': 'Polyamide', 'percentage': '21.00'}, {'name': 'Viscose', 'percentage': '11.00'}, {'name': 'Polyester', 'percentage': '59.00'}]","{'value': 12.99, 'currency': 'GBP'}","['3-5', '6-8']",Women,https://image.hm.com/assets/hm/36/35/3635694ed24166440a9d323915be51621771499a.jpg,63.0
2-pack knee socks,"Socks in a soft, fine knit with knee-high shafts.",Light beige marl,Knitted,"[{'name': 'Elastane', 'percentage': '2.00'}, {'name': 'Polyamide', 'percentage': '20.00'}, {'name': 'Acrylic', 'percentage': '78.00'}]","{'value': 6.99, 'currency': 'GBP'}","['3-5', '6-8']",Women,https://image.hm.com/assets/hm/fc/cf/fccf07ae9338b57cb79a29d5da0aae872fe9b156.jpg,33.9
Rib-knit peplum cardigan,Fitted cardigan in a fine rib knit with a round neckline and covered buttons down to the waist. Long sleeves with frill-trimmed cuffs and a gathered seam at the waist creating a flared peplum.,Cream,Knitted,"[{'name': 'Elastane', 'percentage': '4.00'}, {'name': 'Cotton', 'percentage': '49.00'}, {'name': 'Polyester', 'percentage': '47.00'}]","{'value': 19.99, 'currency': 'GBP'}","['XL', 'S', 'XS', 'L', 'M', 'XXS']",Women,https://image.hm.com/assets/hm/53/16/53160ff22d28777baea48365c03c04145dabd9af.jpg,96.95
Draped jersey top,"Loose-fit top in viscose jersey with a stand collar, dropped shoulders and long sleeves. Gathered seam at the waist for a draped effect.",Black,Knitted,"[{'name': 'Elastane', 'percentage': '3.00'}, {'name': 'Viscose', 'percentage': '97.00'}]","{'value': 17.99, 'currency': 'GBP'}","['S', 'M', 'XS', 'L']",Women,https://image.hm.com/assets/hm/86/d7/86d7113d8f72df33a42409ff30d8376bcff1296d.jpg,87.25
Lace-trimmed vest top,"Vest top in a sheer, textured weave with a deep, V-shaped neckline. Scalloped lace trim at the neckline, down the front and over the shoulders. Narrow ties at the back of the waist to create a gently nipped-in silhouette.",Light beige,Woven,"[{'name': 'Lyocell', 'percentage': '58.00'}, {'name': 'Polyamide', 'percentage': '42.00'}]","{'value': 14.99, 'currency': 'GBP'}","['L', 'M', 'XL', 'XXS', 'S', 'XS']",Women,https://image.hm.com/assets/hm/0a/5d/0a5d4ea796fbe865925bb9ced1dbdb3b4cdb097e.jpg,72.7
Soft lace bra,"Soft, non-wired bra in lace with adjustable shoulder straps and mesh-lined cups that give the bust a natural shape and provide light support. Wide trim at the hem and a hook-and-eye fastening at the back.",Light beige,Knitted,"[{'name': 'Elastane', 'percentage': '13.00'}, {'name': 'Polyamide', 'percentage': '87.00'}]","{'value': 12.99, 'currency': 'GBP'}","['S', 'M', 'L', 'XL', 'XS']",Women,https://image.hm.com/assets/hm/dc/c9/dcc95a212294cfd299b0626a857e0b48b39c8ae1.jpg,63.0
Mom Slim Fit High Waist Ankle Jeans,"5-pocket jeans in denim with a slight stretch for good comfort. Straight leg with a slim fit from the hip to the thigh, that tapers to the hem. High waist with a zip fly and button. Ankle length, designed to hit at the ankle bone.",Light denim blue,Woven,"[{'name': 'Cotton', 'percentage': '35.00'}, {'name': 'Polyester', 'percentage': '65.00'}]","{'value': 24.99, 'currency': 'GBP'}","['4', '6', '8', '10', '22', '20', '12', '14', '16', '18']",Women,https://image.hm.com/assets/hm/92/04/9204eea8024738bbc8780014bc320c789cee2bd3.jpg,121.2
Waisted denim shirt,"Shirt in rigid cotton denim featuring a collar, placket with partially concealed buttons and an inverted box pleat at the front. Forward-facing shoulder seams and elbow-length sleeves. Nipped-in waist with shaping seams at the front and back, and a concealed zip at one side.",Dark denim blue,Woven,"[{'name': 'Cotton', 'percentage': '100.00'}]","{'value': 24.99, 'currency': 'GBP'}","['XS', 'S', 'M', 'L', 'XXS', 'XL']",Women,https://image.hm.com/assets/hm/79/ea/79eac70cf2d669fbb7be140c82c17d1ee9cbc85f.jpg,121.2
Jacquard-knit skirt,"Calf-length, fitted skirt in a soft knit with an all-over jacquard pattern. Features a regular, ribbed waist with covered elastication. Narrow ribbing at the hem.",Black/Zebra print,Knitted,"[{'name': 'Wool', 'percentage': '5.00'}, {'name': 'Elastane', 'percentage': '3.00'}, {'name': 'Acrylic', 'percentage': '40.00'}, {'name': 'Polyester', 'percentage': '52.00'}]","{'value': 27.99, 'currency': 'GBP'}","['XL', 'L', 'XXL', 'XS', 'XXS', 'M', 'S']",Women,https://image.hm.com/assets/hm/90/6c/906c38b6285d147ef43c63c910aa8e921cbaec36.jpg,135.75
2-piece top and trousers set,"Set with a top and pair of trousers in heavy jersey. Top with a double-layered turtle neck, exposed seam down the front, dropped shoulders and long sleeves. Trousers with an elasticated waist and straight legs with sewn-in creases down the front.",Dark brown,Knitted,"[{'name': 'Elastane', 'percentage': '10.00'}, {'name': 'Viscose', 'percentage': '47.00'}, {'name': 'Polyester', 'percentage': '43.00'}]","{'value': 34.99, 'currency': 'GBP'}","['L', 'XL', 'XXS', 'XS', 'S', 'M']",Women,https://image.hm.com/assets/hm/71/5c/715c94a91d22da949379eeab84db363c8b7c91d1.jpg,169.7
Rib-knit peplum top,"Fitted jumper in a soft rib knit containing some wool. Delicate boat neckline, long sleeves and a flared peplum.",Burgundy,Knitted,"[{'name': 'Wool', 'percentage': '5.00'}, {'name': 'Elastane', 'percentage': '3.00'}, {'name': 'Acrylic', 'percentage': '40.00'}, {'name': 'Polyester', 'percentage': '52.00'}]","{'value': 22.99, 'currency': 'GBP'}","['M', 'L', 'XS', 'S', 'XL', 'XXL', 'XXS']",Women,https://image.hm.com/assets/hm/e6/f9/e6f9b12e18ecaeb72e14003fb86eb521fb6299d3.jpg,111.5
Loose Fit Wide Regular Jeans,"Jeans in rigid denim made from a cotton and lyocell blend that feels firm at first but then softens and loosens with wear. Wide leg with a loose fit from the waist to the hip and a wide cut from the thigh to the hem. Regular waist with a zip fly and a concealed hook-and-bar fastener. Diagonal side pockets, fake welt pockets at the back and pleats at the front. Regular length, designed to hit the top of the foot with little or no stacking. A denim statement that goes the distance.",Dark denim blue,Woven,"[{'name': 'Lyocell', 'percentage': '65.00'}, {'name': 'Viscose', 'percentage': '35.00'}]","{'value': 24.99, 'currency': 'GBP'}","['20', '18', '16', '6', '4', '22', '14', '12', '10', '8']",Women,https://image.hm.com/assets/hm/d4/61/d461bc1ef44cacdd5cfa3ba4d55570290ca356fb.jpg,121.2
Wide Regular Jeans,"5-pocket jeans in rigid cotton denim that feels firm at first but then softens and loosens with wear. Wide leg with a regular fit from the waist to the hip and a wide cut from the thigh to the hem. Regular waist with a zip fly and button. Regular length, designed to hit the top of the foot with little or no stacking. The wide-leg jean is a wardrobe essential.",Denim blue,Woven,"[{'name': 'Cotton', 'percentage': '100.00'}]","{'value': 24.99, 'currency': 'GBP'}","['6', '4', '10', '8', '22', '20', '14', '12', '18', '16']",Women,https://image.hm.com/assets/hm/45/dd/45ddce7e8e9db41c6f06ef6126ce0cb1282cbe3b.jpg,121.2
Balconette bikini top,"Lined balconette bikini top with underwired cups that give the bust a natural shape and provide light support. Elasticated, ruched shoulder straps and narrow ties at the back.",Red,Knitted,"[{'name': 'Elastane', 'percentage': '17.00'}, {'name': 'Polyamide', 'percentage': '83.00'}]","{'value': 14.99, 'currency': 'GBP'}","['36B', '36A', '32B', '34A', '34B', '38C', '34C', '36C', '36D', '38D', '38B', '34D']",Women,https://image.hm.com/assets/hm/12/ee/12ee8e7e261e580ee0f04a1f5e63ee514d1ddac7.jpg,72.7
Mom Slim Fit High Waist Ankle Jeans,"5-pocket jeans in denim with a slight stretch for good comfort. Straight leg with a slim fit from the hip to the thigh, that tapers to the hem. High waist with a zip fly and button. Ankle length, designed to hit at the ankle bone.",Dark denim blue,Woven,"[{'name': 'Cotton', 'percentage': '20.00'}, {'name': 'Polyester', 'percentage': '80.00'}]","{'value': 24.99, 'currency': 'GBP'}","['24', '22', '6', '4', '26', '10', '8', '14', '12', '18', '16', '20']",Women,https://image.hm.com/assets/hm/ce/dd/cedd7ffb215e80565225199bfc852a7351275c56.jpg,121.2
Loose Fit Printed T-shirt,"Boxy-style T-shirt in lightweight cotton jersey with print motifs, a ribbed crew neck, dropped shoulders and a straight-cut hem. Loose fit for a generous but not oversized silhouette.",Black/Golden Sunset,Knitted,"[{'name': 'Cotton', 'percentage': '100.00'}]","{'value': 9.99, 'currency': 'GBP'}","['XS', 'S', 'M', 'L', 'XL', 'XXL']",Men,https://image.hm.com/assets/hm/61/76/6176d59755be396eff03805980edc4b1046478bd.jpg,48.45
Regular Fit Sweatshorts,"Shorts in heavyweight sweatshirt fabric with covered elastication and a drawstring at the waist, side pockets and an open back pocket. Regular fit for comfortable wear and a classic silhouette.",Dark grey,Jersey,"[{'name': 'Rubber', 'percentage': '30.00'}, {'name': 'Polyester', 'percentage': '70.00'}]","{'value': 17.99, 'currency': 'GBP'}","['XS', 'M', 'S', 'XL', 'L', 'XXL']",Men,https://image.hm.com/assets/hm/5e/72/5e728f25ab0e217976c604fed246d350b1b29491.jpg,87.25
Jersey pyjama T-shirt and shorts,"Pyjamas with a T-shirt and pair of shorts in stretch viscose jersey. T-shirt with a round, rib-trimmed neckline and a straight-cut hem. Shorts with an elasticated, drawstring waistband and side pockets.",Light blue,Knitted,"[{'name': 'Elastane', 'percentage': '8.00'}, {'name': 'Viscose', 'percentage': '92.00'}]","{'value': 22.99, 'currency': 'GBP'}","['S', 'M', 'XS', 'XXL', 'L', 'XL']",Men,https://image.hm.com/assets/hm/e0/03/e003c669e5af529681cbfaaf0f54ac76377d43f0.jpg,111.5
Regular Fit Linen-blend resort shirt,"Short-sleeved shirt in a fine knit made from a linen blend with a resort collar, French front and a straight hem. Regular fit for comfortable wear and a classic silhouette.",Cream,Knitted,"[{'name': 'Linen', 'percentage': '50.00'}, {'name': 'Polyester', 'percentage': '50.00'}]","{'value': 32.99, 'currency': 'GBP'}","['XS', 'L', 'XL', 'S', 'M', 'XXL']",Men,https://image.hm.com/assets/hm/fa/d6/fad6eddcf7123c7ccf7919fcec57f743ebf94057.jpg,160.0
Wrinkle-resistant Slim Fit Suit jacket,"Slim-fit  suit jacket in a moisture-wicking and wrinkle-resistant fabric with four-way stretch that offers complete flexibility, shape and fluid motion in every direction – ideal for travel or daily commuting. Notch lapels with a decorative buttonhole, and buttons at the front. Slanted chest pocket, flap front pockets and a zipped inner pocket. Buttoned cuffs and a double back vent. Partly lined. Functional Essentials is a curated selection of pieces that incorporates comfort and performance into everyday wear.",Navy blue,Knitted,"[{'name': 'Elastane', 'percentage': '7.00'}, {'name': 'Polyester', 'percentage': '93.00'}]","{'value': 84.99, 'currency': 'GBP'}","['42R', '44R', '36R', '38R', '40R']",Men,https://image.hm.com/assets/hm/42/59/4259463f4658d4a70e8f85e9815e019f7d8b7665.jpg,412.2
Loose Fit Jersey trousers,"Trousers in soft midweight jersey with an elasticated, drawstring waist, a fake fly and discreet side pockets. Loose fit for a generous but not oversized silhouette.",Cream,Knitted,"[{'name': 'Elastane', 'percentage': '2.00'}, {'name': 'Cotton', 'percentage': '69.00'}, {'name': 'Polyester', 'percentage': '29.00'}]","{'value': 27.99, 'currency': 'GBP'}","['XL', 'L', 'M', 'S', 'XXL', 'XS']",Men,https://image.hm.com/assets/hm/af/e1/afe1f2156d8418c9b6c33685052157e0aed85dbc.jpg,135.75
Loose Fit Sweatshirt,"Top in heavyweight sweatshirt fabric made from a cotton blend with a soft brushed inside and contrasting-colour piping. Round, rib-trimmed neckline, yoke at the front, dropped shoulders, long sleeves and wide ribbing at the cuffs and hem. Loose fit for a generous but not oversized silhouette.",Grey marl,Knitted,"[{'name': 'Cotton', 'percentage': '60.00'}, {'name': 'Polyester', 'percentage': '40.00'}]","{'value': 27.99, 'currency': 'GBP'}","['XS', 'S', 'M', 'L', 'XL', 'XXL']",Men,https://image.hm.com/assets/hm/f9/ec/f9ec99d7996b53e3df51977265c507ebc301a52a.jpg,135.75
Single-breasted wool-blend coat,"Single-breasted, knee-length coat in a wool blend with notch lapels and buttons down the front. Decorative buttons at the cuffs, welt side pockets, two inner pockets, and a single back vent. Lined.",Dark khaki green,Woven,"[{'name': 'Wool', 'percentage': '50.00'}, {'name': 'Other fibres', 'percentage': '10.00'}, {'name': 'Polyester', 'percentage': '40.00'}]","{'value': 79.99, 'currency': 'GBP'}","['S', 'M', 'XS', 'XXL', 'L', 'XL']",Men,https://image.hm.com/assets/hm/f8/39/f83988df98574f368992bdc36332d6aaf513e063.jpg,387.95
Waterproof Car coat,"Car coat in a waterproof, windproof functional fabric that is also breathable whatever the weather. Turn-down collar and a concealed, two-way zip down the front. Welt hand warmer pockets with a concealed zip, a press-stud at the cuffs and a single back vent. Unlined. Functional Essentials is a curated selection of pieces that incorporates comfort and performance into everyday wear.",Navy blue,Woven,"[{'name': 'Polyester', 'percentage': '100.00'}]","{'value': 89.99, 'currency': 'GBP'}","['XL', 'L', 'M', 'S']",Men,https://image.hm.com/assets/hm/fc/8d/fc8d30d7cf09ce6efd603512032a5b51bcd4e4d7.jpg,436.45
Regular Fit Tailored trousers,"Tailored trousers in a soft weave with a zip fly, an extended waistband with a concealed button and hook-and-bar fastening, side pockets, jetted back pockets with a button and legs with creases. Regular fit for comfortable wear and a classic silhouette.",Black,Woven,"[{'name': 'Cotton', 'percentage': '9.00'}, {'name': 'Polyester', 'percentage': '91.00'}]","{'value': 37.99, 'currency': 'GBP'}","['34', '38', '36', '29', '28', '31', '30', '33', '32']",Men,https://image.hm.com/assets/hm/ae/e0/aee081e145c512fffa6b7b401ab3268632a4bda7.jpg,184.25
Loose Fit Boxy zip-through hoodie,"Boxy-style zip-through hoodie in heavyweight sweatshirt fabric made from a cotton blend with a soft brushed inside. Features a jersey-lined hood, zip down the front and front pockets. Dropped shoulders, long sleeves and ribbing at the cuffs and hem. Loose fit for a generous but not oversized silhouette.",Light grey marl/Fortes Fortuna,Knitted,"[{'name': 'Cotton', 'percentage': '60.00'}, {'name': 'Polyester', 'percentage': '40.00'}]","{'value': 37.99, 'currency': 'GBP'}","['XS', 'S', 'M', 'L', 'XL', 'XXL']",Men,https://image.hm.com/assets/hm/10/d6/10d625455ea4a06ec019112e734f4a277a993c27.jpg,184.25
Regular Fit Short-sleeved shirt,"Short-sleeved shirt in a cotton blend weave with a turn-down collar, French front, yoke at the back and an open chest pocket. Straight-cut hem with a slit at each side. Regular fit for comfortable wear and a classic silhouette.",Yellow/Gingham check,Woven,"[{'name': 'Cotton', 'percentage': '50.00'}, {'name': 'Viscose', 'percentage': '50.00'}]","{'value': 22.99, 'currency': 'GBP'}","['XXL', 'XL', 'S', 'XS', 'L', 'M']",Men,https://image.hm.com/assets/hm/68/de/68de62a2677f9ce0326814221b971e9de46c1631.jpg,111.5
3-pack Regular Fit T-shirts,"T-shirts in lightweight cotton jersey with a round, rib-trimmed neckline and a straight-cut hem. Regular fit for comfortable wear and a classic silhouette.",Black/Brown/White,Knitted,"[{'name': 'Cotton', 'percentage': '95.00'}, {'name': 'Viscose', 'percentage': '5.00'}]","{'value': 17.99, 'currency': 'GBP'}","['M', 'S', 'XL', 'L', 'XXL', 'XS']",Men,https://image.hm.com/assets/hm/b7/0c/b70c6053e915e095604944f1f99a7f34e4d1684a.jpg,87.25
4-pack woven boxer shorts,"Boxer shorts in a soft weave with an elasticated waist, long legs and button fly.",Black/Grey,Woven,"[{'name': 'Cotton', 'percentage': '100.00'}]","{'value': 27.99, 'currency': 'GBP'}","['XS', 'M', 'S', 'XL', 'L', 'XXL']",Men,https://image.hm.com/assets/hm/a7/a5/a7a58e32e96b200307f4da3d8da4ba5464ef097d.jpg,135.75
Relaxed Fit Shirt,"Shirt in a soft cotton blend with a turn-down collar, French front, back yoke, and an open chest pocket. Long sleeves with adjustable buttoned cuffs and a sleeve placket with a link button, finished with a gently rounded hem. Relaxed fit for a casual but not oversized silhouette.",Khaki green/Checked,Woven,"[{'name': 'Cotton', 'percentage': '35.00'}, {'name': 'Polyester', 'percentage': '65.00'}]","{'value': 22.99, 'currency': 'GBP'}","['XS', 'XXL', 'M', 'S', 'XL', 'L']",Men,https://image.hm.com/assets/hm/a3/65/a365172a4d35281a81dc83e7deb279a6ca584ed6.jpg,111.5
2-pack socks,"Socks in a soft, fine-knit cotton blend. High, ribbed shaft with a motif.",White/Rocky,Knitted,"[{'name': 'Elastane', 'percentage': '3.00'}, {'name': 'Cotton', 'percentage': '68.00'}, {'name': 'Polyamide', 'percentage': '29.00'}]","{'value': 11.99, 'currency': 'GBP'}","['11-12.5', '9-10.5', '4-6', '6.5-8']",Men,https://image.hm.com/assets/hm/fb/2f/fb2f8687687b39f5763a052920caea60206ac2b0.jpg,58.15
Satin boxer shorts,"Boxer shorts in soft viscose satin with an elasticated waist, mid-length legs and a button fly.",Dark blue/Black,Woven,"[{'name': 'Viscose', 'percentage': '100.00'}]","{'value': 11.99, 'currency': 'GBP'}","['XXL', 'XL', 'L', 'M', 'S', 'XS']",Men,https://image.hm.com/assets/hm/15/b9/15b957bf953ba1e55109ef229edab8a80388367c.jpg,58.15
Slim Fit T-shirt,"T-shirt in lightweight cotton jersey with a round, rib-trimmed neckline and a straight-cut hem. Slim fit that hugs the contours of your body, creating a fitted silhouette.",Black,Knitted,"[{'name': 'Elastane', 'percentage': '5.00'}, {'name': 'Cotton', 'percentage': '95.00'}]","{'value': 6.99, 'currency': 'GBP'}","['XS', 'S', 'M', 'L', 'XL', 'XXL']",Men,https://image.hm.com/assets/hm/4e/73/4e738942e3dc2e06fdb942195039508e20fecc26.jpg,33.9
Relaxed Fit Printed hoodie,"Hoodie in printed midweight sweatshirt fabric made from a cotton blend with a soft brushed inside. Wrapover hood, dropped shoulders, long sleeves, a kangaroo pocket and wide ribbing at the cuffs and hem. Relaxed fit for a generous but not oversized silhouette.",White/STM,Knitted,"[{'name': 'Cotton', 'percentage': '60.00'}, {'name': 'Polyester', 'percentage': '40.00'}]","{'value': 27.99, 'currency': 'GBP'}","['S', 'L', 'M', 'XXL', 'XL']",Men,https://image.hm.com/assets/hm/6b/df/6bdf19fe199c181c0b5e1439ff0bf181ea6a99fb.jpg,135.75
4-pack woven boxer shorts,"Boxer shorts in a soft weave with an elasticated waist, long legs and button fly.",Dark blue/Checked,Woven,"[{'name': 'Cotton', 'percentage': '100.00'}]","{'value': 27.99, 'currency': 'GBP'}","['S', 'M', 'L', 'XL', 'XS']",Men,https://image.hm.com/assets/hm/79/54/795496e699bfa775452ee6dffbdbd4d94639f87a.jpg,135.75
Loose Fit Polo shirt,"Short-sleeved polo shirt in a soft knit made from a cotton blend featuring a resort collar, a button placket with one button and a straight-cut hem with a small slit at each side. Loose fit for a generous but not oversized silhouette.",Pink,Jersey,"[{'name': 'Elastane', 'percentage': '6.00'}, {'name': 'Cotton', 'percentage': '53.00'}, {'name': 'Polyester', 'percentage': '41.00'}]","{'value': 27.99, 'currency': 'GBP'}","['XXL', 'XL', 'L', 'M', 'S', 'XS']",Men,https://image.hm.com/assets/hm/3c/f4/3cf4e52fd52785bfd3e0b6b3c93dbf469aee0175.jpg,135.75
Regular Fit Jersey top,"Top in lightweight cotton jersey with a round, rib-trimmed neckline, long sleeves and a straight-cut hem. Regular fit for comfortable wear and a classic silhouette.",Forest green,Knitted,"[{'name': 'Cotton', 'percentage': '100.00'}]","{'value': 9.99, 'currency': 'GBP'}","['XS', 'S', 'M', 'L', 'XL', 'XXL']",Men,https://image.hm.com/assets/hm/5b/9a/5b9aba6d48ba14032649df8a39994cd42f6dfc9b.jpg,48.45
5-pack Slim Fit T-shirts,"T-shirts in lightweight cotton jersey with a round, rib-trimmed neckline and a straight-cut hem. Slim fit that hugs the contours of your body, creating a fitted silhouette.",Pink/Brown/Green,Knitted,"[{'name': 'Elastane', 'percentage': '5.00'}, {'name': 'Cotton', 'percentage': '95.00'}]","{'value': 34.99, 'currency': 'GBP'}","['XXL', 'XL', 'L', 'M', 'S', 'XS']",Men,https://image.hm.com/assets/hm/e5/9d/e59d64125539866e91df1f532602211461c28407.jpg,169.7
2-pack sports trunks with DryMove™,"Sports trunks in functional fabric made with DryMove™, which helps pull moisture away from your skin, keeping you comfortably dry while moving. Elasticated waist, a lined front and mid-length legs. Flatlock seams for added comfort.",Dark green,Knitted,"[{'name': 'Elastane', 'percentage': '9.00'}, {'name': 'Polyester', 'percentage': '91.00'}]","{'value': 19.99, 'currency': 'GBP'}","['S', 'XXL', 'XL', 'L', 'M']",Men,https://image.hm.com/assets/hm/49/8e/498ea2b6f36a73c2e084ab2797a6d6cb0453cc0d.jpg,96.95
Slim Fit Zip-through cardigan,"Cardigan in a soft rib knit made from a cotton and viscose blend featuring a stand collar, two-way zip down the front and long saddle sleeves. Fine ribbing around the collar and at the cuffs and hem. Slim fit that hugs the contours of your body, creating a fitted silhouette.",Dark beige,Knitted,"[{'name': 'Cotton', 'percentage': '50.00'}, {'name': 'Viscose', 'percentage': '50.00'}]","{'value': 37.99, 'currency': 'GBP'}","['L', 'XL', 'XXL', 'XS', 'S', 'M']",Men,https://image.hm.com/assets/hm/6c/00/6c000a4ad2e4303773a7e93b4e63518788693409.jpg,184.25
Four-way Stretch Regular Fit Pull-on trousers,"Trousers in a moisture-wicking and wrinkle-resistant fabric with four-way stretch that offers complete flexibility, shape and fluid motion in every direction. Regular fit with covered elastication at the waist and a fake fly. Diagonal front pockets, a discreet, zipped side pocket and a welt back pocket with a concealed zip. Functional Essentials is a curated selection of pieces that incorporates comfort and performance into everyday wear.",Black,Knitted,"[{'name': 'Elastane', 'percentage': '4.00'}, {'name': 'Viscose', 'percentage': '29.00'}, {'name': 'Polyester', 'percentage': '67.00'}]","{'value': 42.99, 'currency': 'GBP'}","['XS', 'XL', 'L', 'M', 'S']",Men,https://image.hm.com/assets/hm/b7/c1/b7c138f3c8c294ddb3c727da843bca70211ac547.jpg,208.5
Oversized Fit Zip-through hoodie,"Zip-through hoodie in heavyweight cotton sweatshirt fabric with a jersey-lined hood, a zip down the front, dropped shoulders and long sleeves. Front pockets and a wide, ribbed trim at the cuffs and hem. Oversized fit for a baggy, extra-loose silhouette.",Light green,Knitted,"[{'name': 'Cotton', 'percentage': '100.00'}]","{'value': 37.99, 'currency': 'GBP'}","['XL', 'XXL', 'M', 'L', 'XS', 'S']",Men,https://image.hm.com/assets/hm/33/39/333955ac847115d2de68c5eb05c79df29bd490a5.jpg,184.25
COOLMAX® Shorts,"Shorts in lightweight jersey made from a cotton blend. Covered elastication at the waist with a drawstring on the inside, and zipped side pockets. Regular fit for comfortable wear and a classic silhouette. Made with COOLMAX® fibre – an engineered channelled fibre that wicks moisture away from the body to the fabric surface.",Black,Jersey,"[{'name': 'Cotton', 'percentage': '25.00'}, {'name': 'Polyester', 'percentage': '75.00'}]","{'value': 19.99, 'currency': 'GBP'}","['L', 'XL', 'XXL', 'XS', 'S', 'M']",Men,https://image.hm.com/assets/hm/20/65/206596ff7cbb0b9fb5250b0445413bd1bef88892.jpg,96.95
Oversized Fit Printed sweatshirt,"Top in heavyweight cotton sweatshirt fabric with a washed look, hard-worn details and print motifs. Ribbed crew neck, dropped shoulders and ribbing at the cuffs and hem. Oversized fit for a baggy, extra-loose silhouette.",Dark blue/Orchard St,Knitted,"[{'name': 'Cotton', 'percentage': '100.00'}]","{'value': 37.99, 'currency': 'GBP'}","['M', 'S', 'XS', 'XXL', 'XL', 'L']",Men,https://image.hm.com/assets/hm/14/05/1405aa50833431fb35e9add6a4c7b0703ddb4278.jpg,184.25
Regular Fit Linen shorts,"Shorts in airy linen with covered elastication and a concealed drawstring at the waist, a fake fly, side pockets and a welt back pocket. Regular fit for comfortable wear and a classic silhouette. Fabric made from linen is breathable, beautiful both ironed and wrinkled, and softens over time.",Black,Woven,"[{'name': 'Linen', 'percentage': '100.00'}]","{'value': 32.99, 'currency': 'GBP'}","['S', 'XS', 'L', 'M', 'XXL', 'XL']",Men,https://image.hm.com/assets/hm/1b/ca/1bca68bfd720183c7892af4fce78fe3be2810ee9.jpg,160.0
Double-layered sports shorts with DryMove™,"Mid-length sports shorts in functional fabric made with DryMove™, which helps pull moisture away from your skin, keeping you comfortably dry while moving. Regular fit with elastication and a drawstring at the waist, diagonal side pockets and a slit at the side of the hems. Print motif on one leg and a convenient loop at the back for hanging your T-shirt or a small towel. The shorts are layered over jersey cycling shorts with an open pocket on one leg.",Dark grey,Woven,"[{'name': 'Elastane', 'percentage': '10.00'}, {'name': 'Polyester', 'percentage': '90.00'}]","{'value': 27.99, 'currency': 'GBP'}","['XXL', 'XL', 'L', 'M', 'S', 'XS']",Men,https://image.hm.com/assets/hm/da/fc/dafc22d5ef6b2a6528847bb36afe9c74bb24fee0.jpg,135.75
Oversized Fit Sport hoodie with DryMove™,"Sports hoodie in functional fabric made with DryMove™, which helps pull moisture away from your skin, keeping you comfortably dry while moving. Oversized fit with a lined, wrapover hood, dropped shoulders, long sleeves, a kangaroo pocket, and ribbing at the cuffs and hem.",Dark pink,Knitted,"[{'name': 'Cotton', 'percentage': '40.00'}, {'name': 'Polyester', 'percentage': '60.00'}]","{'value': 37.99, 'currency': 'GBP'}","['M', 'S', 'XL', 'L', 'XXL']",Men,https://image.hm.com/assets/hm/46/d2/46d27f2b28d0f9389499d21370e89e9d632f0cb3.jpg,184.25
2-pack motif-detail socks,"Socks in a soft, fine-knit cotton blend. High, ribbed shafts with a motif.",White/Pizza,Knitted,"[{'name': 'Cotton', 'percentage': '63.00'}, {'name': 'Elastane', 'percentage': '3.00'}, {'name': 'Polyamide', 'percentage': '34.00'}]","{'value': 9.99, 'currency': 'GBP'}","['9-11', '6-8']",Men,https://image.hm.com/assets/hm/f8/18/f81815ae865a0188bf5ce67a2334dad1d19a78be.jpg,48.45
Sports zip-through hoodie with DryMove™,"Zip-through hoodie in functional scuba fabric made with DryMove™, which helps pull moisture away from your skin, keeping you comfortably dry while moving. Hood, a zip down the front and zipped front pockets with taped seams. Long raglan sleeves and narrow elastication at the cuffs and hem.",Dark brown,Knitted,"[{'name': 'Cotton', 'percentage': '40.00'}, {'name': 'Polyester', 'percentage': '60.00'}]","{'value': 37.99, 'currency': 'GBP'}","['XXL', 'XL', 'L', 'M', 'S', 'XS']",Men,https://image.hm.com/assets/hm/95/da/95da00e018058290fbed9f73cd54865cabfa866b.jpg,184.25
2-pack bamboo viscose-blend socks,"Ribbed socks in a soft, fine-knit bamboo viscose blend, featuring wide elasticated tops for a secure fit.",Grey marl/Bright blue,Knitted,"[{'name': 'Elastane', 'percentage': '2.00'}, {'name': 'Polyamide', 'percentage': '22.00'}, {'name': 'Viscose', 'percentage': '76.00'}]","{'value': 6.99, 'currency': 'GBP'}","['4-6', '6.5-8', '9-10.5', '11-12.5']",Men,https://image.hm.com/assets/hm/38/6f/386f69482d3f678cef15b8f0e54105fa323dab70.jpg,33.9
Regular Fit Suit trousers,"Suit trousers in woven fabric featuring a zip fly with a concealed button and hook-and-bar fastener. Side pockets, jetted back pockets and legs with creases. Regular fit for comfortable wear and a classic silhouette. The tailored design includes added seam allowance on the waistband for convenient alterations.",Dark grey,Woven,"[{'name': 'Cotton', 'percentage': '9.00'}, {'name': 'Polyester', 'percentage': '91.00'}]","{'value': 37.99, 'currency': 'GBP'}","['33R', '32R', '36R', '34R', '44R', '30R', '40R', '38R', '42R']",Men,https://image.hm.com/assets/hm/c6/00/c6008d9caa4fd29356e29480159a7829b1e077ab.jpg,184.25
